id,name,start,end,cpu_count,avg_cpu_usage,cpu_model,memory,rapl_timeseries,cpu_usage_timeseries,core_kwh,mem_kwh,average_co2e,marginal_co2e,embodied_co2e,avg_ci,ci_timeseries
1,NFCORE_ATACSEQ:ATACSEQ:INPUT_CHECK:SAMPLESHEET_CHECK,1780846276000,1780846286000,1,2.2,Intel(R) Xeon(R) Platinum 8275CL CPU @ 3.00GHz,6442450944.0,,,2.5183873456790126e-07,5.716666666666668e-06,0.0010325514344135807,0.0010325514344135807,0.0,173.0,
2,NFCORE_ATACSEQ:ATACSEQ:PREPARE_GENOME:GTF2BED,1780846279000,1780846294000,16,63.0,Intel(R) Xeon(R) Platinum 8275CL CPU @ 3.00GHz,25769803776.0,,,1.0817618371212122e-05,3.430000000000001e-05,0.007805347978219698,0.007805347978219698,0.0,173.0,
10,NFCORE_ATACSEQ:ATACSEQ:PREPARE_GENOME:TSS_EXTRACT,1780846307000,1780846316000,1,92.0,Intel(R) Xeon(R) Platinum 8275CL CPU @ 3.00GHz,6442450944.0,,,9.478294191919193e-06,5.1450000000000016e-06,0.0025298298952020205,0.0025298298952020205,0.0,173.0,
3,NFCORE_ATACSEQ:ATACSEQ:PREPARE_GENOME:CUSTOM_GETCHROMSIZES,1780846310000,1780846359000,1,28.3,Intel(R) Xeon(R) Platinum 8275CL CPU @ 3.00GHz,6442450944.0,,,1.587385332842312e-05,2.8011666666666668e-05,0.0075921949591505325,0.0075921949591505325,0.0,173.0,
5,NFCORE_ATACSEQ:ATACSEQ:FASTQ_FASTQC_UMITOOLS_TRIMGALORE:FASTQC,1780846333000,1780846405000,32,143.6,Intel(R) Xeon(R) Platinum 8275CL CPU @ 3.00GHz,45097156608.0,,,0.00012098127752525255,0.00030408,0.07353560101186869,0.07353560101186869,0.0,173.0,
18,NFCORE_ATACSEQ:ATACSEQ:PREPARE_GENOME:GET_AUTOSOMES,1780846368000,1780846405000,1,108.5,Intel(R) Xeon(R) Platinum 8275CL CPU @ 3.00GHz,6442450944.0,,,4.697455689271185e-05,2.232333333333333e-05,0.011988535009105817,0.011988535009105817,0.0,173.0,
17,NFCORE_ATACSEQ:ATACSEQ:PREPARE_GENOME:GENOME_BLACKLIST_REGIONS,1780846368000,1780846402000,1,75.0,Intel(R) Xeon(R) Platinum 8275CL CPU @ 3.00GHz,6442450944.0,,,2.9190398779461275e-05,1.943666666666667e-05,0.008412482322180136,0.008412482322180136,0.0,173.0,
7,NFCORE_ATACSEQ:ATACSEQ:FASTQ_FASTQC_UMITOOLS_TRIMGALORE:FASTQC,1780846336000,1780846423000,32,122.4,Intel(R) Xeon(R) Platinum 8275CL CPU @ 3.00GHz,45097156608.0,,,0.0001218991053030303,0.000348145,0.08131763021742425,0.08131763021742425,0.0,173.0,
4,NFCORE_ATACSEQ:ATACSEQ:FASTQ_FASTQC_UMITOOLS_TRIMGALORE:TRIMGALORE,1780846333000,1780846467000,48,447.7,Intel(R) Xeon(R) Platinum 8275CL CPU @ 3.00GHz,90194313216.0,,,0.0006867390452932097,0.0010724466666666667,0.3043391281690586,0.3043391281690586,0.0,173.0,
6,NFCORE_ATACSEQ:ATACSEQ:FASTQ_FASTQC_UMITOOLS_TRIMGALORE:TRIMGALORE,1780846336000,1780846500000,48,553.9,Intel(R) Xeon(R) Platinum 8275CL CPU @ 3.00GHz,90194313216.0,,,0.0010629343525498036,0.0013852533333333333,0.4855174164369704,0.4855174164369704,0.0,173.0,
9,NFCORE_ATACSEQ:ATACSEQ:FASTQ_FASTQC_UMITOOLS_TRIMGALORE:FASTQC,1780846412000,1780846500000,32,200.1,Intel(R) Xeon(R) Platinum 8275CL CPU @ 3.00GHz,45097156608.0,,,0.00020604448310185193,0.0003716533333333333,0.29414665978421983,0.29414665978421983,0.0,173.0,
11,NFCORE_ATACSEQ:ATACSEQ:FASTQ_FASTQC_UMITOOLS_TRIMGALORE:FASTQC,1780846426000,1780846500000,32,147.1,Intel(R) Xeon(R) Platinum 8275CL CPU @ 3.00GHz,45097156608.0,,,0.000124607516421156,0.00029612333333333334,0.23704772052451248,0.23704772052451248,0.0,173.0,
8,NFCORE_ATACSEQ:ATACSEQ:FASTQ_FASTQC_UMITOOLS_TRIMGALORE:TRIMGALORE,1780846469000,1780846500000,48,603.2,Intel(R) Xeon(R) Platinum 8275CL CPU @ 3.00GHz,90194313216.0,,,0.00021405376661054996,0.0002481033333333333,1.6738584745290122,1.6738584745290122,0.0,173.0,
14,NFCORE_ATACSEQ:ATACSEQ:FASTQ_FASTQC_UMITOOLS_TRIMGALORE:FASTQC,1780846669000,1780846800000,32,197.0,Intel(R) Xeon(R) Platinum 8275CL CPU @ 3.00GHz,45097156608.0,,,0.0002954182828633558,0.0005242183333333334,0.1731873399719417,0.1731873399719417,0.0,173.0,
15,NFCORE_ATACSEQ:ATACSEQ:FASTQ_FASTQC_UMITOOLS_TRIMGALORE:FASTQC,1780846677000,1780846800000,32,212.2,Intel(R) Xeon(R) Platinum 8275CL CPU @ 3.00GHz,45097156608.0,,,0.00030540892256418354,0.0005194699999999998,0.16590796475866124,0.16590796475866124,0.0,173.0,
12,NFCORE_ATACSEQ:ATACSEQ:FASTQ_FASTQC_UMITOOLS_TRIMGALORE:TRIMGALORE,1780846526000,1780846800000,48,694.2,Intel(R) Xeon(R) Platinum 8275CL CPU @ 3.00GHz,90194313216.0,,,0.002225698853209176,0.0023143866666666666,1.3415455621577654,1.3415455621577654,0.0,173.0,
20,NFCORE_ATACSEQ:ATACSEQ:FASTQ_ALIGN_BWA:BWA_MEM,1780846996000,1780847100000,48,4124.3,Intel(R) Xeon(R) Platinum 8275CL CPU @ 3.00GHz,90194313216.0,,,0.005018972514443042,0.0008784533333333332,1.137976364549772,1.137976364549772,0.0,173.0,
22,NFCORE_ATACSEQ:ATACSEQ:FASTQ_ALIGN_BWA:BAM_SORT_STATS_SAMTOOLS:SAMTOOLS_SORT,1780847116000,1780847159000,32,281.5,Intel(R) Xeon(R) Platinum 8275CL CPU @ 3.00GHz,45097156608.0,,,0.00013856281648078005,0.00017207166666666668,0.05373976558450828,0.05373976558450828,0.0,173.0,
19,NFCORE_ATACSEQ:ATACSEQ:FASTQ_ALIGN_BWA:BWA_MEM,1780847115000,1780847190000,48,3674.1,Intel(R) Xeon(R) Platinum 8275CL CPU @ 3.00GHz,90194313216.0,,,0.0032243595618292303,0.0006335,0.6674097041964568,0.6674097041964568,0.0,173.0,
24,NFCORE_ATACSEQ:ATACSEQ:FASTQ_ALIGN_BWA:BAM_SORT_STATS_SAMTOOLS:SAMTOOLS_INDEX,1780847176000,1780847183000,16,534.3,Intel(R) Xeon(R) Platinum 8275CL CPU @ 3.00GHz,25769803776.0,,,4.281372959806397e-05,1.600666666666667e-05,0.0101759285537984,0.0101759285537984,0.0,173.0,
25,NFCORE_ATACSEQ:ATACSEQ:FASTQ_ALIGN_BWA:BAM_SORT_STATS_SAMTOOLS:SAMTOOLS_SORT,1780847196000,1780847210000,32,653.9,Intel(R) Xeon(R) Platinum 8275CL CPU @ 3.00GHz,45097156608.0,,,0.00010712000959771325,5.9126666666666664e-05,0.028760674993737724,0.028760674993737724,0.0,173.0,
26,NFCORE_ATACSEQ:ATACSEQ:FASTQ_ALIGN_BWA:BAM_SORT_STATS_SAMTOOLS:SAMTOOLS_INDEX,1780847216000,1780847223000,16,408.2,Intel(R) Xeon(R) Platinum 8275CL CPU @ 3.00GHz,25769803776.0,,,3.270927273428732e-05,1.600666666666667e-05,0.00842785751636504,0.00842785751636504,0.0,173.0,
21,NFCORE_ATACSEQ:ATACSEQ:FASTQ_ALIGN_BWA:BWA_MEM,1780847120000,1780847400000,48,4133.6,Intel(R) Xeon(R) Platinum 8275CL CPU @ 3.00GHz,90194313216.0,,,0.013249098459034794,0.0022409333333333337,2.7084873804376826,2.7084873804376826,0.0,173.0,
23,NFCORE_ATACSEQ:ATACSEQ:FASTQ_ALIGN_BWA:BWA_MEM,1780847192000,1780847400000,48,4603.4,Intel(R) Xeon(R) Platinum 8275CL CPU @ 3.00GHz,90194313216.0,,,0.011204004593742984,0.0017569066666666665,3.3525764833837526,3.3525764833837526,0.0,173.0,
27,NFCORE_ATACSEQ:ATACSEQ:FASTQ_ALIGN_BWA:BAM_SORT_STATS_SAMTOOLS:SAMTOOLS_SORT,1780847416000,1780847480000,32,628.9,Intel(R) Xeon(R) Platinum 8275CL CPU @ 3.00GHz,45097156608.0,,,0.00046074583322109984,0.00025610666666666667,0.12401548248058361,0.12401548248058361,0.0,173.0,
28,NFCORE_ATACSEQ:ATACSEQ:FASTQ_ALIGN_BWA:BAM_SORT_STATS_SAMTOOLS:SAMTOOLS_INDEX,1780847497000,1780847509000,16,486.4,Intel(R) Xeon(R) Platinum 8275CL CPU @ 3.00GHz,25769803776.0,,,6.681510572390573e-05,2.7440000000000005e-05,0.016306133290235694,0.016306133290235694,0.0,173.0,
29,NFCORE_ATACSEQ:ATACSEQ:FASTQ_ALIGN_BWA:BAM_SORT_STATS_SAMTOOLS:SAMTOOLS_SORT,1780847516000,1780847598000,32,571.8,Intel(R) Xeon(R) Platinum 8275CL CPU @ 3.00GHz,45097156608.0,,,0.0005486422303556398,0.0003463133333333333,0.15482731251819234,0.15482731251819234,0.0,173.0,
30,NFCORE_ATACSEQ:ATACSEQ:FASTQ_ALIGN_BWA:BAM_SORT_STATS_SAMTOOLS:SAMTOOLS_INDEX,1780847616000,1780847640000,16,209.5,Intel(R) Xeon(R) Platinum 8275CL CPU @ 3.00GHz,25769803776.0,,,5.7556598063973056e-05,5.488000000000001e-05,0.01945153146506734,0.01945153146506734,0.0,173.0,
13,NFCORE_ATACSEQ:ATACSEQ:FASTQ_FASTQC_UMITOOLS_TRIMGALORE:TRIMGALORE,1780847405000,1780847700000,48,664.1,Intel(R) Xeon(R) Platinum 8275CL CPU @ 3.00GHz,90194313216.0,,,0.0022426182077195564,0.0023609833333333337,1.1851855126723523,1.1851855126723523,0.0,173.0,
16,NFCORE_ATACSEQ:ATACSEQ:FASTQ_FASTQC_UMITOOLS_TRIMGALORE:TRIMGALORE,1780847505000,1780847700000,48,682.5,Intel(R) Xeon(R) Platinum 8275CL CPU @ 3.00GHz,90194313216.0,,,0.0015572864218355432,0.0016471,1.1627321541016284,1.1627321541016284,0.0,173.0,
31,NFCORE_ATACSEQ:ATACSEQ:FASTQ_ALIGN_BWA:BWA_MEM,1780847861000,1780848000000,48,3919.7,Intel(R) Xeon(R) Platinum 8275CL CPU @ 3.00GHz,90194313216.0,,,0.006236881273460297,0.0011124633333333333,1.673377032089292,1.673377032089292,0.0,177.0,
32,NFCORE_ATACSEQ:ATACSEQ:FASTQ_ALIGN_BWA:BWA_MEM,1780847917000,1780848000000,48,3936.3,Intel(R) Xeon(R) Platinum 8275CL CPU @ 3.00GHz,90194313216.0,,,0.003822940268684239,0.0007010733333333332,1.6705601552799587,1.6705601552799587,0.0,177.0,
33,NFCORE_ATACSEQ:ATACSEQ:FASTQ_ALIGN_BWA:BAM_SORT_STATS_SAMTOOLS:SAMTOOLS_SORT,1780848056000,1780848117000,32,498.6,Intel(R) Xeon(R) Platinum 8275CL CPU @ 3.00GHz,45097156608.0,,,0.00034816247165404043,0.00024410166666666668,0.10719980903604799,0.10719980903604799,0.0,181.0,
35,NFCORE_ATACSEQ:ATACSEQ:FASTQ_ALIGN_BWA:BAM_SORT_STATS_SAMTOOLS:SAMTOOLS_INDEX,1780848136000,1780848147000,16,375.9,Intel(R) Xeon(R) Platinum 8275CL CPU @ 3.00GHz,25769803776.0,,,4.733309016203704e-05,2.515333333333334e-05,0.013120042652662037,0.013120042652662037,0.0,181.0,
34,NFCORE_ATACSEQ:ATACSEQ:FASTQ_ALIGN_BWA:BAM_SORT_STATS_SAMTOOLS:SAMTOOLS_SORT,1780848096000,1780848161000,32,466.5,Intel(R) Xeon(R) Platinum 8275CL CPU @ 3.00GHz,45097156608.0,,,0.0003548103129603325,0.0002745166666666666,0.11390818331248684,0.11390818331248684,0.0,181.0,
38,NFCORE_ATACSEQ:ATACSEQ:PICARD_MERGESAMFILES_LIBRARY,1780848176000,1780848182000,32,223.4,Intel(R) Xeon(R) Platinum 8275CL CPU @ 3.00GHz,45097156608.0,,,1.568431836069024e-05,2.534e-05,0.007425401623284935,0.007425401623284935,0.0,181.0,
36,NFCORE_ATACSEQ:ATACSEQ:FASTQ_ALIGN_BWA:BAM_SORT_STATS_SAMTOOLS:SAMTOOLS_INDEX,1780848176000,1780848187000,16,352.9,Intel(R) Xeon(R) Platinum 8275CL CPU @ 3.00GHz,25769803776.0,,,4.443694471450617e-05,2.515333333333334e-05,0.01259584032665895,0.01259584032665895,0.0,181.0,
39,NFCORE_ATACSEQ:ATACSEQ:PICARD_MERGESAMFILES_LIBRARY,1780848176000,1780848182000,32,219.1,Intel(R) Xeon(R) Platinum 8275CL CPU @ 3.00GHz,45097156608.0,,,1.5382426825547138e-05,2.534e-05,0.007370759255424032,0.007370759255424032,0.0,181.0,
37,NFCORE_ATACSEQ:ATACSEQ:PICARD_MERGESAMFILES_LIBRARY,1780848176000,1780848182000,32,217.2,Intel(R) Xeon(R) Platinum 8275CL CPU @ 3.00GHz,45097156608.0,,,1.4918010858585857e-05,2.4010000000000006e-05,0.0070459699654040414,0.0070459699654040414,0.0,181.0,
40,NFCORE_ATACSEQ:ATACSEQ:PICARD_MERGESAMFILES_LIBRARY,1780848176000,1780848182000,32,220.0,Intel(R) Xeon(R) Platinum 8275CL CPU @ 3.00GHz,45097156608.0,,,1.5110324074074074e-05,2.4010000000000006e-05,0.007080778657407408,0.007080778657407408,0.0,181.0,
41,NFCORE_ATACSEQ:ATACSEQ:PICARD_MERGESAMFILES_LIBRARY,1780848185000,1780848191000,32,215.4,Intel(R) Xeon(R) Platinum 8275CL CPU @ 3.00GHz,45097156608.0,,,1.4794380934343434e-05,2.4010000000000006e-05,0.007023592949116163,0.007023592949116163,0.0,181.0,
42,NFCORE_ATACSEQ:ATACSEQ:PICARD_MERGESAMFILES_LIBRARY,1780848187000,1780848194000,32,222.2,Intel(R) Xeon(R) Platinum 8275CL CPU @ 3.00GHz,45097156608.0,,,1.8200081153549384e-05,2.9563333333333332e-05,0.008645178022125772,0.008645178022125772,0.0,181.0,
47,NFCORE_ATACSEQ:ATACSEQ:FASTQ_ALIGN_BWA:BAM_SORT_STATS_SAMTOOLS:BAM_STATS_SAMTOOLS:SAMTOOLS_FLAGSTAT,1780848196000,1780848205000,1,135.9,Intel(R) Xeon(R) Platinum 8275CL CPU @ 3.00GHz,6442450944.0,,,1.4001088920454547e-05,5.1450000000000016e-06,0.0034654420946022735,0.0034654420946022735,0.0,181.0,
45,NFCORE_ATACSEQ:ATACSEQ:FASTQ_ALIGN_BWA:BAM_SORT_STATS_SAMTOOLS:BAM_STATS_SAMTOOLS:SAMTOOLS_IDXSTATS,1780848196000,1780848201000,1,73.0,Intel(R) Xeon(R) Platinum 8275CL CPU @ 3.00GHz,6442450944.0,,,4.178233550785634e-06,2.858333333333334e-06,0.0012736186060255334,0.0012736186060255334,0.0,181.0,
44,NFCORE_ATACSEQ:ATACSEQ:FASTQ_ALIGN_BWA:BAM_SORT_STATS_SAMTOOLS:BAM_STATS_SAMTOOLS:SAMTOOLS_IDXSTATS,1780848196000,1780848201000,1,63.4,Intel(R) Xeon(R) Platinum 8275CL CPU @ 3.00GHz,6442450944.0,,,3.6287672208193036e-06,2.858333333333334e-06,0.0011741652003016275,0.0011741652003016275,0.0,181.0,
46,NFCORE_ATACSEQ:ATACSEQ:FASTQ_ALIGN_BWA:BAM_SORT_STATS_SAMTOOLS:BAM_STATS_SAMTOOLS:SAMTOOLS_FLAGSTAT,1780848196000,1780848209000,1,131.5,Intel(R) Xeon(R) Platinum 8275CL CPU @ 3.00GHz,6442450944.0,,,1.956901439744669e-05,7.431666666666667e-06,0.004887123272604517,0.004887123272604517,0.0,181.0,
51,NFCORE_ATACSEQ:ATACSEQ:FASTQ_ALIGN_BWA:BAM_SORT_STATS_SAMTOOLS:BAM_STATS_SAMTOOLS:SAMTOOLS_IDXSTATS,1780848196000,1780848202000,1,62.2,Intel(R) Xeon(R) Platinum 8275CL CPU @ 3.00GHz,6442450944.0,,,4.272100715488216e-06,3.4300000000000006e-06,0.001394080229503367,0.001394080229503367,0.0,181.0,
54,NFCORE_ATACSEQ:ATACSEQ:FASTQ_ALIGN_BWA:BAM_SORT_STATS_SAMTOOLS:BAM_STATS_SAMTOOLS:SAMTOOLS_IDXSTATS,1780848197000,1780848202000,1,57.8,Intel(R) Xeon(R) Platinum 8275CL CPU @ 3.00GHz,6442450944.0,,,3.3082451950056117e-06,2.858333333333334e-06,0.0011161507136293492,0.0011161507136293492,0.0,181.0,
60,NFCORE_ATACSEQ:ATACSEQ:FASTQ_ALIGN_BWA:BAM_SORT_STATS_SAMTOOLS:BAM_STATS_SAMTOOLS:SAMTOOLS_IDXSTATS,1780848196000,1780848201000,1,73.0,Intel(R) Xeon(R) Platinum 8275CL CPU @ 3.00GHz,6442450944.0,,,4.270946136714366e-06,3.0166666666666664e-06,0.001319057917411967,0.001319057917411967,0.0,181.0,
55,NFCORE_ATACSEQ:ATACSEQ:FASTQ_ALIGN_BWA:BAM_SORT_STATS_SAMTOOLS:BAM_STATS_SAMTOOLS:SAMTOOLS_IDXSTATS,1780848197000,1780848202000,1,42.2,Intel(R) Xeon(R) Platinum 8275CL CPU @ 3.00GHz,6442450944.0,,,2.4153624088103257e-06,2.858333333333334e-06,0.0009545389293280024,0.0009545389293280024,0.0,181.0,
49,NFCORE_ATACSEQ:ATACSEQ:FASTQ_ALIGN_BWA:BAM_SORT_STATS_SAMTOOLS:BAM_STATS_SAMTOOLS:SAMTOOLS_FLAGSTAT,1780848196000,1780848222000,1,133.8,Intel(R) Xeon(R) Platinum 8275CL CPU @ 3.00GHz,6442450944.0,,,3.9822572264309764e-05,1.4863333333333334e-05,0.0098981489131734,0.0098981489131734,0.0,181.0,
53,NFCORE_ATACSEQ:ATACSEQ:FASTQ_ALIGN_BWA:BAM_SORT_STATS_SAMTOOLS:BAM_STATS_SAMTOOLS:SAMTOOLS_FLAGSTAT,1780848197000,1780848227000,1,135.1,Intel(R) Xeon(R) Platinum 8275CL CPU @ 3.00GHz,6442450944.0,,,4.6395563236531984e-05,1.7150000000000004e-05,0.01150174694581229,0.01150174694581229,0.0,181.0,
48,NFCORE_ATACSEQ:ATACSEQ:FASTQ_ALIGN_BWA:BAM_SORT_STATS_SAMTOOLS:BAM_STATS_SAMTOOLS:SAMTOOLS_STATS,1780848196000,1780848229000,1,129.3,Intel(R) Xeon(R) Platinum 8275CL CPU @ 3.00GHz,6442450944.0,,,4.9927945399305565e-05,1.9909999999999997e-05,0.012640668117274306,0.012640668117274306,0.0,181.0,
56,NFCORE_ATACSEQ:ATACSEQ:FASTQ_ALIGN_BWA:BAM_SORT_STATS_SAMTOOLS:BAM_STATS_SAMTOOLS:SAMTOOLS_FLAGSTAT,1780848196000,1780848217000,1,146.3,Intel(R) Xeon(R) Platinum 8275CL CPU @ 3.00GHz,6442450944.0,,,3.516927928240741e-05,1.2005000000000003e-05,0.008538544550115741,0.008538544550115741,0.0,181.0,
58,NFCORE_ATACSEQ:ATACSEQ:FASTQ_ALIGN_BWA:BAM_SORT_STATS_SAMTOOLS:BAM_STATS_SAMTOOLS:SAMTOOLS_FLAGSTAT,1780848197000,1780848217000,1,148.1,Intel(R) Xeon(R) Platinum 8275CL CPU @ 3.00GHz,6442450944.0,,,3.390665144500561e-05,1.1433333333333336e-05,0.00820653724487935,0.00820653724487935,0.0,181.0,
50,NFCORE_ATACSEQ:ATACSEQ:FASTQ_ALIGN_BWA:BAM_SORT_STATS_SAMTOOLS:BAM_STATS_SAMTOOLS:SAMTOOLS_STATS,1780848197000,1780848220000,1,119.6,Intel(R) Xeon(R) Platinum 8275CL CPU @ 3.00GHz,6442450944.0,,,3.148899959315376e-05,1.3148333333333338e-05,0.008079357259694164,0.008079357259694164,0.0,181.0,
63,NFCORE_ATACSEQ:ATACSEQ:FASTQ_ALIGN_BWA:BAM_SORT_STATS_SAMTOOLS:BAM_STATS_SAMTOOLS:SAMTOOLS_STATS,1780848197000,1780848259000,1,130.5,Intel(R) Xeon(R) Platinum 8275CL CPU @ 3.00GHz,6442450944.0,,,9.467458956755051e-05,3.740666666666666e-05,0.02390670737839331,0.02390670737839331,0.0,181.0,
64,NFCORE_ATACSEQ:ATACSEQ:FASTQ_ALIGN_BWA:BAM_SORT_STATS_SAMTOOLS:BAM_STATS_SAMTOOLS:SAMTOOLS_STATS,1780848197000,1780848256000,1,130.7,Intel(R) Xeon(R) Platinum 8275CL CPU @ 3.00GHz,6442450944.0,,,9.023163546313834e-05,3.5596666666666664e-05,0.022774922685494706,0.022774922685494706,0.0,181.0,
52,NFCORE_ATACSEQ:ATACSEQ:FASTQ_ALIGN_BWA:BAM_SORT_STATS_SAMTOOLS:BAM_STATS_SAMTOOLS:SAMTOOLS_STATS,1780848197000,1780848275000,1,132.1,Intel(R) Xeon(R) Platinum 8275CL CPU @ 3.00GHz,6442450944.0,,,0.0001205670542561027,4.706e-05,0.030340496820354588,0.030340496820354588,0.0,181.0,
61,NFCORE_ATACSEQ:ATACSEQ:FASTQ_ALIGN_BWA:BAM_SORT_STATS_SAMTOOLS:BAM_STATS_SAMTOOLS:SAMTOOLS_STATS,1780848197000,1780848288000,1,132.5,Intel(R) Xeon(R) Platinum 8275CL CPU @ 3.00GHz,6442450944.0,,,0.00014108748779022867,5.490333333333333e-05,0.03547433862336472,0.03547433862336472,0.0,181.0,
43,NFCORE_ATACSEQ:ATACSEQ:MERGED_LIBRARY_MARKDUPLICATES_PICARD:PICARD_MARKDUPLICATES,1780848197000,1780848300000,32,149.9,Intel(R) Xeon(R) Platinum 8275CL CPU @ 3.00GHz,45097156608.0,,,0.00017674156864127386,0.0004121716666666667,0.15937250020362656,0.15937250020362656,0.0,181.0,
59,NFCORE_ATACSEQ:ATACSEQ:MERGED_LIBRARY_MARKDUPLICATES_PICARD:PICARD_MARKDUPLICATES,1780848198000,1780848300000,32,143.9,Intel(R) Xeon(R) Platinum 8275CL CPU @ 3.00GHz,45097156608.0,,,0.0001717482005629209,0.00043077999999999997,0.2726440107547217,0.2726440107547217,0.0,181.0,
57,NFCORE_ATACSEQ:ATACSEQ:MERGED_LIBRARY_MARKDUPLICATES_PICARD:PICARD_MARKDUPLICATES,1780848196000,1780848300000,32,133.0,Intel(R) Xeon(R) Platinum 8275CL CPU @ 3.00GHz,45097156608.0,,,0.00016185130674803595,0.0004392266666666666,0.7249520523012153,0.7249520523012153,0.0,181.0,
62,NFCORE_ATACSEQ:ATACSEQ:MERGED_LIBRARY_MARKDUPLICATES_PICARD:PICARD_MARKDUPLICATES,1780848197000,1780848300000,32,125.5,Intel(R) Xeon(R) Platinum 8275CL CPU @ 3.00GHz,45097156608.0,,,0.00014797242738145345,0.0004121716666666667,0.8543992070651656,0.8543992070651656,0.0,181.0,
67,NFCORE_ATACSEQ:ATACSEQ:MERGED_LIBRARY_MARKDUPLICATES_PICARD:SAMTOOLS_INDEX,1780848362000,1780848368000,16,410.2,Intel(R) Xeon(R) Platinum 8275CL CPU @ 3.00GHz,25769803776.0,,,2.8799048305976433e-05,1.448e-05,0.007833507743381735,0.007833507743381735,0.0,181.0,
69,NFCORE_ATACSEQ:ATACSEQ:MERGED_LIBRARY_MARKDUPLICATES_PICARD:SAMTOOLS_INDEX,1780848456000,1780848466000,16,200.6,Intel(R) Xeon(R) Platinum 8275CL CPU @ 3.00GHz,25769803776.0,,,2.2963113706509537e-05,2.2866666666666672e-05,0.008295190247544893,0.008295190247544893,0.0,181.0,
65,NFCORE_ATACSEQ:ATACSEQ:MERGED_LIBRARY_MARKDUPLICATES_PICARD:PICARD_MARKDUPLICATES,1780848353000,1780848600000,32,136.0,Intel(R) Xeon(R) Platinum 8275CL CPU @ 3.00GHz,45097156608.0,,,0.00038453485325476997,0.0009884116666666668,0.6066700486792929,0.6066700486792929,0.0,181.0,
66,NFCORE_ATACSEQ:ATACSEQ:MERGED_LIBRARY_MARKDUPLICATES_PICARD:PICARD_MARKDUPLICATES,1780848456000,1780848600000,32,139.9,Intel(R) Xeon(R) Platinum 8275CL CPU @ 3.00GHz,45097156608.0,,,0.00023572814381313134,0.00060816,0.610975016120707,0.610975016120707,0.0,181.0,
71,NFCORE_ATACSEQ:ATACSEQ:MERGED_LIBRARY_MARKDUPLICATES_PICARD:SAMTOOLS_INDEX,1780848896000,1780848900000,16,562.0,Intel(R) Xeon(R) Platinum 8275CL CPU @ 3.00GHz,25769803776.0,,,2.630434771324355e-05,9.653333333333331e-06,0.016270850673576042,0.016270850673576042,0.0,181.0,
68,NFCORE_ATACSEQ:ATACSEQ:MERGED_LIBRARY_FILTER_BAM:BAMTOOLS_FILTER,1780848891000,1780848900000,32,129.2,Intel(R) Xeon(R) Platinum 8275CL CPU @ 3.00GHz,45097156608.0,,,1.3606181281565656e-05,3.801e-05,0.09965364066094275,0.09965364066094275,0.0,181.0,
73,NFCORE_ATACSEQ:ATACSEQ:MERGED_LIBRARY_MARKDUPLICATES_PICARD:SAMTOOLS_INDEX,1780848976000,1780848988000,16,332.1,Intel(R) Xeon(R) Platinum 8275CL CPU @ 3.00GHz,25769803776.0,,,4.663171107954547e-05,2.896e-05,0.01368209970539773,0.01368209970539773,0.0,181.0,
74,NFCORE_ATACSEQ:ATACSEQ:MERGED_LIBRARY_FILTER_BAM:SAMTOOLS_SORT,1780849035000,1780849048000,32,738.5,Intel(R) Xeon(R) Platinum 8275CL CPU @ 3.00GHz,45097156608.0,,,0.0001123375846178802,5.490333333333333e-05,0.030270606149169647,0.030270606149169647,0.0,181.0,
76,NFCORE_ATACSEQ:ATACSEQ:MERGED_LIBRARY_MARKDUPLICATES_PICARD:SAMTOOLS_INDEX,1780849036000,1780849046000,16,453.4,Intel(R) Xeon(R) Platinum 8275CL CPU @ 3.00GHz,25769803776.0,,,5.305334187359709e-05,2.413333333333333e-05,0.013970788212454406,0.013970788212454406,0.0,181.0,
79,NFCORE_ATACSEQ:ATACSEQ:MERGED_LIBRARY_MARKDUPLICATES_PICARD:SAMTOOLS_INDEX,1780849076000,1780849100000,16,199.3,Intel(R) Xeon(R) Platinum 8275CL CPU @ 3.00GHz,25769803776.0,,,5.5969286468855235e-05,5.792e-05,0.020613960850862798,0.020613960850862798,0.0,181.0,
77,NFCORE_ATACSEQ:ATACSEQ:MERGED_LIBRARY_FILTER_BAM:BAM_REMOVE_ORPHANS,1780849067000,1780849105000,32,91.2,Intel(R) Xeon(R) Platinum 8275CL CPU @ 3.00GHz,45097156608.0,,,3.967146902356902e-05,0.00015206333333333337,0.034703999226599336,0.034703999226599336,0.0,181.0,
70,NFCORE_ATACSEQ:ATACSEQ:MERGED_LIBRARY_FILTER_BAM:BAMTOOLS_FILTER,1780848958000,1780849114000,32,129.1,Intel(R) Xeon(R) Platinum 8275CL CPU @ 3.00GHz,45097156608.0,,,0.00023054233539562287,0.0006242600000000001,0.15471922270660776,0.15471922270660776,0.0,181.0,
81,NFCORE_ATACSEQ:ATACSEQ:MERGED_LIBRARY_MARKDUPLICATES_PICARD:BAM_STATS_SAMTOOLS:SAMTOOLS_FLAGSTAT,1780849116000,1780849125000,1,138.6,Intel(R) Xeon(R) Platinum 8275CL CPU @ 3.00GHz,6442450944.0,,,1.45961046875e-05,5.429999999999999e-06,0.0036247249484374997,0.0036247249484374997,0.0,181.0,
82,NFCORE_ATACSEQ:ATACSEQ:MERGED_LIBRARY_MARKDUPLICATES_PICARD:BAM_STATS_SAMTOOLS:SAMTOOLS_IDXSTATS,1780849116000,1780849121000,1,51.3,Intel(R) Xeon(R) Platinum 8275CL CPU @ 3.00GHz,6442450944.0,,,2.936210700757575e-06,2.858333333333334e-06,0.0010488124701704545,0.0010488124701704545,0.0,181.0,
87,NFCORE_ATACSEQ:ATACSEQ:MERGED_LIBRARY_MARKDUPLICATES_PICARD:BAM_STATS_SAMTOOLS:SAMTOOLS_IDXSTATS,1780849116000,1780849121000,1,67.5,Intel(R) Xeon(R) Platinum 8275CL CPU @ 3.00GHz,6442450944.0,,,3.863435132575757e-06,2.858333333333334e-06,0.0012166400923295457,0.0012166400923295457,0.0,181.0,
83,NFCORE_ATACSEQ:ATACSEQ:MERGED_LIBRARY_MARKDUPLICATES_PICARD:BAM_STATS_SAMTOOLS:SAMTOOLS_FLAGSTAT,1780849116000,1780849128000,1,130.8,Intel(R) Xeon(R) Platinum 8275CL CPU @ 3.00GHz,6442450944.0,,,1.7967548989898994e-05,6.860000000000001e-06,0.004493786367171718,0.004493786367171718,0.0,181.0,
88,NFCORE_ATACSEQ:ATACSEQ:MERGED_LIBRARY_MARKDUPLICATES_PICARD:BAM_STATS_SAMTOOLS:SAMTOOLS_IDXSTATS,1780849116000,1780849121000,1,82.3,Intel(R) Xeon(R) Platinum 8275CL CPU @ 3.00GHz,6442450944.0,,,4.815052973309485e-06,3.0166666666666664e-06,0.0014175412548356834,0.0014175412548356834,0.0,181.0,
91,NFCORE_ATACSEQ:ATACSEQ:MERGED_LIBRARY_MARKDUPLICATES_PICARD:BAM_STATS_SAMTOOLS:SAMTOOLS_IDXSTATS,1780849116000,1780849121000,1,59.6,Intel(R) Xeon(R) Platinum 8275CL CPU @ 3.00GHz,6442450944.0,,,3.411270131874299e-06,2.858333333333334e-06,0.0011347982272025816,0.0011347982272025816,0.0,181.0,
92,NFCORE_ATACSEQ:ATACSEQ:MERGED_LIBRARY_MARKDUPLICATES_PICARD:BAM_STATS_SAMTOOLS:SAMTOOLS_IDXSTATS,1780849117000,1780849122000,1,60.2,Intel(R) Xeon(R) Platinum 8275CL CPU @ 3.00GHz,6442450944.0,,,3.4456117774971943e-06,2.858333333333334e-06,0.0011410140650603255,0.0011410140650603255,0.0,181.0,
95,NFCORE_ATACSEQ:ATACSEQ:MERGED_LIBRARY_MARKDUPLICATES_PICARD:BAM_STATS_SAMTOOLS:SAMTOOLS_IDXSTATS,1780849116000,1780849122000,1,43.6,Intel(R) Xeon(R) Platinum 8275CL CPU @ 3.00GHz,6442450944.0,,,2.9945914983164985e-06,3.4300000000000006e-06,0.0011628510611952864,0.0011628510611952864,0.0,181.0,
86,NFCORE_ATACSEQ:ATACSEQ:MERGED_LIBRARY_MARKDUPLICATES_PICARD:BAM_STATS_SAMTOOLS:SAMTOOLS_FLAGSTAT,1780849116000,1780849143000,1,137.7,Intel(R) Xeon(R) Platinum 8275CL CPU @ 3.00GHz,6442450944.0,,,4.350397436079546e-05,1.6289999999999998e-05,0.010822709359303979,0.010822709359303979,0.0,181.0,
90,NFCORE_ATACSEQ:ATACSEQ:MERGED_LIBRARY_MARKDUPLICATES_PICARD:BAM_STATS_SAMTOOLS:SAMTOOLS_FLAGSTAT,1780849117000,1780849137000,1,148.5,Intel(R) Xeon(R) Platinum 8275CL CPU @ 3.00GHz,6442450944.0,,,3.475263020833334e-05,1.2066666666666666e-05,0.008474292734375001,0.008474292734375001,0.0,181.0,
93,NFCORE_ATACSEQ:ATACSEQ:MERGED_LIBRARY_MARKDUPLICATES_PICARD:BAM_STATS_SAMTOOLS:SAMTOOLS_FLAGSTAT,1780849116000,1780849136000,1,146.4,Intel(R) Xeon(R) Platinum 8275CL CPU @ 3.00GHz,6442450944.0,,,3.426117887205388e-05,1.2066666666666666e-05,0.008385340042508418,0.008385340042508418,0.0,181.0,
94,NFCORE_ATACSEQ:ATACSEQ:MERGED_LIBRARY_MARKDUPLICATES_PICARD:BAM_STATS_SAMTOOLS:SAMTOOLS_FLAGSTAT,1780849117000,1780849147000,1,134.8,Intel(R) Xeon(R) Platinum 8275CL CPU @ 3.00GHz,6442450944.0,,,4.731974295033671e-05,1.81e-05,0.011840973474010945,0.011840973474010945,0.0,181.0,
84,NFCORE_ATACSEQ:ATACSEQ:MERGED_LIBRARY_MARKDUPLICATES_PICARD:BAM_STATS_SAMTOOLS:SAMTOOLS_STATS,1780849121000,1780849144000,1,126.0,Intel(R) Xeon(R) Platinum 8275CL CPU @ 3.00GHz,6442450944.0,,,3.3174029671717175e-05,1.3148333333333338e-05,0.008384347703914143,0.008384347703914143,0.0,181.0,
75,NFCORE_ATACSEQ:ATACSEQ:MERGED_LIBRARY_FILTER_BAM:BAMTOOLS_FILTER,1780849053000,1780849156000,32,125.2,Intel(R) Xeon(R) Platinum 8275CL CPU @ 3.00GHz,45097156608.0,,,0.00015089428219346241,0.0004350033333333333,0.10604746841035002,0.10604746841035002,0.0,181.0,
85,NFCORE_ATACSEQ:ATACSEQ:MERGED_LIBRARY_MARKDUPLICATES_PICARD:BAM_STATS_SAMTOOLS:SAMTOOLS_STATS,1780849121000,1780849156000,1,126.2,Intel(R) Xeon(R) Platinum 8275CL CPU @ 3.00GHz,6442450944.0,,,5.056234957210999e-05,2.0008333333333336e-05,0.012773293605885241,0.012773293605885241,0.0,181.0,
96,NFCORE_ATACSEQ:ATACSEQ:MERGED_LIBRARY_FILTER_BAM:BAM_SORT_STATS_SAMTOOLS:SAMTOOLS_SORT,1780849166000,1780849177000,32,682.7,Intel(R) Xeon(R) Platinum 8275CL CPU @ 3.00GHz,45097156608.0,,,8.787266904899695e-05,4.6456666666666665e-05,0.024313609764535112,0.024313609764535112,0.0,181.0,
99,NFCORE_ATACSEQ:ATACSEQ:MERGED_LIBRARY_MARKDUPLICATES_PICARD:BAM_STATS_SAMTOOLS:SAMTOOLS_STATS,1780849121000,1780849185000,1,129.3,Intel(R) Xeon(R) Platinum 8275CL CPU @ 3.00GHz,6442450944.0,,,9.472799528619529e-05,3.658666666666667e-05,0.023767953813468013,0.023767953813468013,0.0,181.0,
98,NFCORE_ATACSEQ:ATACSEQ:MERGED_LIBRARY_MARKDUPLICATES_PICARD:BAM_STATS_SAMTOOLS:SAMTOOLS_STATS,1780849121000,1780849189000,1,129.0,Intel(R) Xeon(R) Platinum 8275CL CPU @ 3.00GHz,6442450944.0,,,0.0001004149718013468,3.887333333333334e-05,0.025211183229377106,0.025211183229377106,0.0,181.0,
78,NFCORE_ATACSEQ:ATACSEQ:MERGED_LIBRARY_FILTER_BAM:BAMTOOLS_FILTER,1780849107000,1780849200000,32,124.5,Intel(R) Xeon(R) Platinum 8275CL CPU @ 3.00GHz,45097156608.0,,,0.00013254158128156565,0.00037215500000000004,0.09822589377630471,0.09822589377630471,0.0,181.0,
97,NFCORE_ATACSEQ:ATACSEQ:MERGED_LIBRARY_FILTER_BAM:SAMTOOLS_SORT,1780849180000,1780849198000,32,773.5,Intel(R) Xeon(R) Platinum 8275CL CPU @ 3.00GHz,45097156608.0,,,0.00016291611797664143,7.602e-05,0.0432474373537721,0.0432474373537721,0.0,181.0,
89,NFCORE_ATACSEQ:ATACSEQ:MERGED_LIBRARY_MARKDUPLICATES_PICARD:BAM_STATS_SAMTOOLS:SAMTOOLS_STATS,1780849121000,1780849200000,1,132.3,Intel(R) Xeon(R) Platinum 8275CL CPU @ 3.00GHz,6442450944.0,,,0.00012229766503314395,4.766333333333332e-05,0.03154174932975852,0.03154174932975852,0.0,181.0,
102,NFCORE_ATACSEQ:ATACSEQ:MERGED_LIBRARY_FILTER_BAM:BAM_SORT_STATS_SAMTOOLS:SAMTOOLS_INDEX,1780849196000,1780849200000,16,343.6,Intel(R) Xeon(R) Platinum 8275CL CPU @ 3.00GHz,25769803776.0,,,1.5733052581369248e-05,9.146666666666668e-06,0.006754843775841752,0.006754843775841752,0.0,181.0,
100,NFCORE_ATACSEQ:ATACSEQ:MERGED_LIBRARY_MARKDUPLICATES_PICARD:BAM_STATS_SAMTOOLS:SAMTOOLS_STATS,1780849121000,1780849200000,1,133.0,Intel(R) Xeon(R) Platinum 8275CL CPU @ 3.00GHz,6442450944.0,,,0.0001229447426259119,4.766333333333332e-05,0.03752513832744108,0.03752513832744108,0.0,181.0,
103,NFCORE_ATACSEQ:ATACSEQ:MERGED_LIBRARY_PICARD_COLLECTMULTIPLEMETRICS,1780849196000,1780849200000,1,161.7,Intel(R) Xeon(R) Platinum 8275CL CPU @ 3.00GHz,6442450944.0,,,7.568350578703704e-06,2.413333333333333e-06,0.02664860062416088,0.02664860062416088,0.0,181.0,
72,NFCORE_ATACSEQ:ATACSEQ:MERGED_LIBRARY_FILTER_BAM:BAMTOOLS_FILTER,1780848989000,1780849200000,32,129.5,Intel(R) Xeon(R) Platinum 8275CL CPU @ 3.00GHz,45097156608.0,,,0.0003197300485278129,0.0008911233333333333,0.5764752439566894,0.5764752439566894,0.0,181.0,
80,NFCORE_ATACSEQ:ATACSEQ:MERGED_LIBRARY_FILTER_BAM:BAMTOOLS_FILTER,1780849118000,1780849200000,32,129.2,Intel(R) Xeon(R) Platinum 8275CL CPU @ 3.00GHz,45097156608.0,,,0.00012127637679573513,0.00032813666666666667,0.6686060344408811,0.6686060344408811,0.0,181.0,
101,NFCORE_ATACSEQ:ATACSEQ:MERGED_LIBRARY_FILTER_BAM:SAMTOOLS_SORT,1780849200000,1780849212000,32,790.5,Intel(R) Xeon(R) Platinum 8275CL CPU @ 3.00GHz,45097156608.0,,,0.00011099779466540405,5.068e-05,0.029263680834438133,0.029263680834438133,0.0,181.0,
104,NFCORE_ATACSEQ:ATACSEQ:MERGED_LIBRARY_FILTER_BAM:SAMTOOLS_SORT,1780849216000,1780849228000,32,711.6,Intel(R) Xeon(R) Platinum 8275CL CPU @ 3.00GHz,45097156608.0,,,9.775006010101012e-05,4.802000000000001e-05,0.026384380878282834,0.026384380878282834,0.0,181.0,
105,NFCORE_ATACSEQ:ATACSEQ:MERGED_LIBRARY_FILTER_BAM:BAM_REMOVE_ORPHANS,1780849216000,1780849274000,32,95.8,Intel(R) Xeon(R) Platinum 8275CL CPU @ 3.00GHz,45097156608.0,,,6.501667154531426e-05,0.00024495333333333333,0.056104570883035214,0.056104570883035214,0.0,181.0,
106,NFCORE_ATACSEQ:ATACSEQ:MERGED_LIBRARY_FILTER_BAM:BAM_REMOVE_ORPHANS,1780849230000,1780849266000,32,90.8,Intel(R) Xeon(R) Platinum 8275CL CPU @ 3.00GHz,45097156608.0,,,3.741865707070707e-05,0.00014406000000000003,0.03284763692979798,0.03284763692979798,0.0,181.0,
109,NFCORE_ATACSEQ:ATACSEQ:MERGED_LIBRARY_FILTER_BAM:BAM_REMOVE_ORPHANS,1780849276000,1780849309000,32,91.6,Intel(R) Xeon(R) Platinum 8275CL CPU @ 3.00GHz,45097156608.0,,,3.5370454745370376e-05,0.00013937,0.03162802230891204,0.03162802230891204,0.0,181.0,
108,NFCORE_ATACSEQ:ATACSEQ:MERGED_LIBRARY_CALL_ANNOTATE_PEAKS:MACS2_CALLPEAK,1780849268000,1780849303000,32,121.5,Intel(R) Xeon(R) Platinum 8275CL CPU @ 3.00GHz,45097156608.0,,,4.867928267045454e-05,0.00014005833333333335,0.03416150849668561,0.03416150849668561,0.0,181.0,
110,NFCORE_ATACSEQ:ATACSEQ:MERGED_LIBRARY_FILTER_BAM:BAM_SORT_STATS_SAMTOOLS:SAMTOOLS_SORT,1780849312000,1780849332000,32,463.8,Intel(R) Xeon(R) Platinum 8275CL CPU @ 3.00GHz,45097156608.0,,,0.00010854053798400676,8.446666666666667e-05,0.03493430404177189,0.03493430404177189,0.0,181.0,
111,NFCORE_ATACSEQ:ATACSEQ:MERGED_LIBRARY_FILTER_BAM:BAM_SORT_STATS_SAMTOOLS:SAMTOOLS_SORT,1780849305000,1780849325000,32,273.0,Intel(R) Xeon(R) Platinum 8275CL CPU @ 3.00GHz,45097156608.0,,,6.250179503367005e-05,8.003333333333335e-05,0.025798858234427614,0.025798858234427614,0.0,181.0,
115,NFCORE_ATACSEQ:ATACSEQ:MERGED_LIBRARY_FILTER_BAM:BAM_SORT_STATS_SAMTOOLS:SAMTOOLS_SORT,1780849335000,1780849347000,32,487.5,Intel(R) Xeon(R) Platinum 8275CL CPU @ 3.00GHz,45097156608.0,,,6.845215041035355e-05,5.068e-05,0.021562919224273995,0.021562919224273995,0.0,181.0,
116,NFCORE_ATACSEQ:ATACSEQ:MERGED_LIBRARY_FILTER_BAM:BAM_SORT_STATS_SAMTOOLS:SAMTOOLS_INDEX,1780849336000,1780849342000,16,518.9,Intel(R) Xeon(R) Platinum 8275CL CPU @ 3.00GHz,25769803776.0,,,3.643058548505893e-05,1.448e-05,0.009214815972795665,0.009214815972795665,0.0,181.0,
118,NFCORE_ATACSEQ:ATACSEQ:MERGED_LIBRARY_FILTER_BAM:BAM_SORT_STATS_SAMTOOLS:SAMTOOLS_INDEX,1780849345000,1780849350000,16,560.3,Intel(R) Xeon(R) Platinum 8275CL CPU @ 3.00GHz,25769803776.0,,,3.2780974252069306e-05,1.2066666666666666e-05,0.008117423006291211,0.008117423006291211,0.0,181.0,
120,NFCORE_ATACSEQ:ATACSEQ:MERGED_LIBRARY_FILTER_BAM:BAM_SORT_STATS_SAMTOOLS:SAMTOOLS_INDEX,1780849356000,1780849361000,16,517.7,Intel(R) Xeon(R) Platinum 8275CL CPU @ 3.00GHz,25769803776.0,,,3.02886139037949e-05,1.2066666666666666e-05,0.007666305783253544,0.007666305783253544,0.0,181.0,
107,NFCORE_ATACSEQ:ATACSEQ:MERGED_LIBRARY_DEEPTOOLS_PLOTFINGERPRINT,1780849328000,1780849357000,48,749.1,Intel(R) Xeon(R) Platinum 8275CL CPU @ 3.00GHz,90194313216.0,,,0.00024867815844907407,0.0002320966666666667,0.08702024334594907,0.08702024334594907,0.0,181.0,
114,NFCORE_ATACSEQ:ATACSEQ:MERGED_LIBRARY_CALL_ANNOTATE_PEAKS:FRIP_SCORE,1780849353000,1780849385000,32,120.2,Intel(R) Xeon(R) Platinum 8275CL CPU @ 3.00GHz,45097156608.0,,,4.500758142536477e-05,0.00013514666666666666,0.03260791890465769,0.03260791890465769,0.0,181.0,
117,NFCORE_ATACSEQ:ATACSEQ:MERGED_LIBRARY_PICARD_COLLECTMULTIPLEMETRICS,1780849336000,1780849413000,1,151.5,Intel(R) Xeon(R) Platinum 8275CL CPU @ 3.00GHz,6442450944.0,,,0.00013650060865162038,4.645666666666666e-05,0.03311526683260995,0.03311526683260995,0.0,181.0,
119,NFCORE_ATACSEQ:ATACSEQ:MERGED_LIBRARY_PICARD_COLLECTMULTIPLEMETRICS,1780849337000,1780849394000,1,169.4,Intel(R) Xeon(R) Platinum 8275CL CPU @ 3.00GHz,6442450944.0,,,0.00011053202060185187,3.258500000000001e-05,0.02590418072893519,0.02590418072893519,0.0,181.0,
121,NFCORE_ATACSEQ:ATACSEQ:MERGED_LIBRARY_PICARD_COLLECTMULTIPLEMETRICS,1780849356000,1780849411000,1,169.5,Intel(R) Xeon(R) Platinum 8275CL CPU @ 3.00GHz,6442450944.0,,,0.00010671666377314814,3.144166666666667e-05,0.025006657809606484,0.025006657809606484,0.0,181.0,
122,NFCORE_ATACSEQ:ATACSEQ:MERGED_LIBRARY_DEEPTOOLS_PLOTFINGERPRINT,1780849360000,1780849402000,48,819.0,Intel(R) Xeon(R) Platinum 8275CL CPU @ 3.00GHz,90194313216.0,,,0.00039376130871212126,0.00033614000000000007,0.13211213687689397,0.13211213687689397,0.0,181.0,
128,NFCORE_ATACSEQ:ATACSEQ:MERGED_LIBRARY_CALL_ANNOTATE_PEAKS:MULTIQC_CUSTOM_PEAKS,1780849396000,1780849401000,1,99.5,Intel(R) Xeon(R) Platinum 8275CL CPU @ 3.00GHz,6442450944.0,,,5.821358090453143e-06,3.0166666666666664e-06,0.0015996824810386857,0.0015996824810386857,0.0,181.0,
123,NFCORE_ATACSEQ:ATACSEQ:MERGED_LIBRARY_CALL_ANNOTATE_PEAKS:MACS2_CALLPEAK,1780849387000,1780849441000,32,106.0,Intel(R) Xeon(R) Platinum 8275CL CPU @ 3.00GHz,45097156608.0,,,6.697779640151516e-05,0.00022805999999999998,0.053401841148674245,0.053401841148674245,0.0,181.0,
125,NFCORE_ATACSEQ:ATACSEQ:MERGED_LIBRARY_CALL_ANNOTATE_PEAKS:MACS2_CALLPEAK,1780849408000,1780849439000,32,112.6,Intel(R) Xeon(R) Platinum 8275CL CPU @ 3.00GHz,45097156608.0,,,3.9957649403759815e-05,0.00012405166666666666,0.029685686208747192,0.029685686208747192,0.0,181.0,
124,NFCORE_ATACSEQ:ATACSEQ:MERGED_LIBRARY_DEEPTOOLS_PLOTFINGERPRINT,1780849441000,1780849467000,48,750.3,Intel(R) Xeon(R) Platinum 8275CL CPU @ 3.00GHz,90194313216.0,,,0.00022330998482744105,0.00020808666666666668,0.07808279392043349,0.07808279392043349,0.0,181.0,
113,NFCORE_ATACSEQ:ATACSEQ:MERGED_LIBRARY_ATAQV_ATAQV,1780849452000,1780849480000,32,162.3,Intel(R) Xeon(R) Platinum 8275CL CPU @ 3.00GHz,45097156608.0,,,5.3175034585437716e-05,0.00011825333333333333,0.03102853459329756,0.03102853459329756,0.0,181.0,
127,NFCORE_ATACSEQ:ATACSEQ:MERGED_LIBRARY_CALL_ANNOTATE_PEAKS:MACS2_CALLPEAK,1780849483000,1780849500000,32,113.6,Intel(R) Xeon(R) Platinum 8275CL CPU @ 3.00GHz,45097156608.0,,,2.259740049102133e-05,7.179666666666666e-05,0.029145556382982604,0.029145556382982604,0.0,181.0,
112,NFCORE_ATACSEQ:ATACSEQ:MERGED_LIBRARY_CALL_ANNOTATE_PEAKS:HOMER_ANNOTATEPEAKS,1780849469000,1780849500000,32,100.1,Intel(R) Xeon(R) Platinum 8275CL CPU @ 3.00GHz,45097156608.0,,,3.552185351080247e-05,0.00012405166666666666,0.07267286960856481,0.07267286960856481,0.0,181.0,
126,NFCORE_ATACSEQ:ATACSEQ:MERGED_LIBRARY_DEEPTOOLS_PLOTFINGERPRINT,1780849515000,1780849540000,48,729.5,Intel(R) Xeon(R) Platinum 8275CL CPU @ 3.00GHz,90194313216.0,,,0.00021340104155706372,0.00021116666666666666,0.0768467551884952,0.0768467551884952,0.0,181.0,
136,NFCORE_ATACSEQ:ATACSEQ:MERGED_LIBRARY_CALL_ANNOTATE_PEAKS:FRIP_SCORE,1780849546000,1780849574000,32,119.9,Intel(R) Xeon(R) Platinum 8275CL CPU @ 3.00GHz,45097156608.0,,,3.928334347993828e-05,0.00011825333333333333,0.028514138503202162,0.028514138503202162,0.0,181.0,
130,NFCORE_ATACSEQ:ATACSEQ:MERGED_LIBRARY_CALL_ANNOTATE_PEAKS:FRIP_SCORE,1780849542000,1780849592000,32,120.0,Intel(R) Xeon(R) Platinum 8275CL CPU @ 3.00GHz,45097156608.0,,,7.020733375420875e-05,0.00021116666666666666,0.05092869407617845,0.05092869407617845,0.0,181.0,
139,NFCORE_ATACSEQ:ATACSEQ:MERGED_LIBRARY_CALL_ANNOTATE_PEAKS:MULTIQC_CUSTOM_PEAKS,1780849576000,1780849581000,1,146.9,Intel(R) Xeon(R) Platinum 8275CL CPU @ 3.00GHz,6442450944.0,,,8.594547773744391e-06,3.0166666666666664e-06,0.0021016298137144012,0.0021016298137144012,0.0,181.0,
137,NFCORE_ATACSEQ:ATACSEQ:MERGED_LIBRARY_ATAQV_ATAQV,1780849551000,1780849605000,32,136.0,Intel(R) Xeon(R) Platinum 8275CL CPU @ 3.00GHz,45097156608.0,,,8.406834848484849e-05,0.00021609,0.054328661075757574,0.054328661075757574,0.0,181.0,
140,NFCORE_ATACSEQ:ATACSEQ:MERGED_LIBRARY_CALL_ANNOTATE_PEAKS:MULTIQC_CUSTOM_PEAKS,1780849596000,1780849601000,1,104.3,Intel(R) Xeon(R) Platinum 8275CL CPU @ 3.00GHz,6442450944.0,,,6.102187425469978e-06,3.0166666666666664e-06,0.0016505125906767328,0.0016505125906767328,0.0,181.0,
129,NFCORE_ATACSEQ:ATACSEQ:MERGED_LIBRARY_ATAQV_ATAQV,1780849616000,1780849663000,32,149.9,Intel(R) Xeon(R) Platinum 8275CL CPU @ 3.00GHz,45097156608.0,,,8.064906530232885e-05,0.00018807833333333334,0.04863965915305486,0.04863965915305486,0.0,181.0,
135,NFCORE_ATACSEQ:ATACSEQ:MERGED_LIBRARY_CALL_ANNOTATE_PEAKS:HOMER_ANNOTATEPEAKS,1780849576000,1780849655000,32,100.0,Intel(R) Xeon(R) Platinum 8275CL CPU @ 3.00GHz,45097156608.0,,,9.243965610970822e-05,0.0003336433333333333,0.07712102108919051,0.07712102108919051,0.0,181.0,
138,NFCORE_ATACSEQ:ATACSEQ:MERGED_LIBRARY_FILTER_BAM:SAMTOOLS_SORT,1780849595000,1780849660000,32,670.8,Intel(R) Xeon(R) Platinum 8275CL CPU @ 3.00GHz,45097156608.0,,,0.000510196694391835,0.0002745166666666666,0.1420331183515888,0.1420331183515888,0.0,181.0,
134,NFCORE_ATACSEQ:ATACSEQ:MERGED_LIBRARY_CALL_ANNOTATE_PEAKS:FRIP_SCORE,1780849658000,1780849686000,32,119.8,Intel(R) Xeon(R) Platinum 8275CL CPU @ 3.00GHz,45097156608.0,,,3.925058005751964e-05,0.00011825333333333333,0.02850820832374439,0.02850820832374439,0.0,181.0,
142,NFCORE_ATACSEQ:ATACSEQ:MERGED_LIBRARY_CALL_ANNOTATE_PEAKS:MULTIQC_CUSTOM_PEAKS,1780849696000,1780849701000,1,79.1,Intel(R) Xeon(R) Platinum 8275CL CPU @ 3.00GHz,6442450944.0,,,4.527373614618406e-06,2.858333333333334e-06,0.001336812957579265,0.001336812957579265,0.0,181.0,
133,NFCORE_ATACSEQ:ATACSEQ:MERGED_LIBRARY_ATAQV_ATAQV,1780849668000,1780849727000,32,132.7,Intel(R) Xeon(R) Platinum 8275CL CPU @ 3.00GHz,45097156608.0,,,9.161237969363777e-05,0.0002491766666666667,0.06168281739121511,0.06168281739121511,0.0,181.0,
132,NFCORE_ATACSEQ:ATACSEQ:MERGED_LIBRARY_CALL_ANNOTATE_PEAKS:HOMER_ANNOTATEPEAKS,1780849668000,1780849747000,32,100.2,Intel(R) Xeon(R) Platinum 8275CL CPU @ 3.00GHz,45097156608.0,,,9.061386614057237e-05,0.0003161316666666666,0.07362094143811027,0.07362094143811027,0.0,181.0,
131,NFCORE_ATACSEQ:ATACSEQ:MERGED_LIBRARY_CALL_ANNOTATE_PEAKS:HOMER_ANNOTATEPEAKS,1780849688000,1780849769000,32,99.2,Intel(R) Xeon(R) Platinum 8275CL CPU @ 3.00GHz,45097156608.0,,,9.402166136363638e-05,0.00034208999999999997,0.07893621070681818,0.07893621070681818,0.0,181.0,
141,NFCORE_ATACSEQ:ATACSEQ:MERGED_LIBRARY_FILTER_BAM:BAM_REMOVE_ORPHANS,1780849729000,1780849800000,32,100.2,Intel(R) Xeon(R) Platinum 8275CL CPU @ 3.00GHz,45097156608.0,,,8.324483563236532e-05,0.0002998566666666666,0.18649489047833018,0.18649489047833018,0.0,182.5,
143,NFCORE_ATACSEQ:ATACSEQ:MERGED_LIBRARY_FILTER_BAM:SAMTOOLS_SORT,1780849804000,1780849876000,32,726.6,Intel(R) Xeon(R) Platinum 8275CL CPU @ 3.00GHz,45097156608.0,,,0.0005988633530303032,0.00028812000000000005,0.1632049369575758,0.1632049369575758,0.0,184.0,
145,NFCORE_ATACSEQ:ATACSEQ:MERGED_LIBRARY_FILTER_BAM:BAM_SORT_STATS_SAMTOOLS:SAMTOOLS_SORT,1780849936000,1780849984000,32,610.6,Intel(R) Xeon(R) Platinum 8275CL CPU @ 3.00GHz,45097156608.0,,,0.000342948783922559,0.00020272,0.10040305624175086,0.10040305624175086,0.0,184.0,
146,NFCORE_ATACSEQ:ATACSEQ:MERGED_LIBRARY_FILTER_BAM:BAM_SORT_STATS_SAMTOOLS:SAMTOOLS_INDEX,1780849996000,1780850005000,16,517.4,Intel(R) Xeon(R) Platinum 8275CL CPU @ 3.00GHz,25769803776.0,,,5.448791172664143e-05,2.1719999999999995e-05,0.014022255757702023,0.014022255757702023,0.0,184.0,
148,NFCORE_ATACSEQ:ATACSEQ:MERGED_LIBRARY_DEEPTOOLS_PLOTFINGERPRINT,1780850016000,1780850061000,48,909.5,Intel(R) Xeon(R) Platinum 8275CL CPU @ 3.00GHz,90194313216.0,,,0.00046850590041035356,0.00036015000000000005,0.15247268567550507,0.15247268567550507,0.0,184.0,
144,NFCORE_ATACSEQ:ATACSEQ:MERGED_LIBRARY_FILTER_BAM:BAM_REMOVE_ORPHANS,1780849896000,1780850100000,32,100.1,Intel(R) Xeon(R) Platinum 8275CL CPU @ 3.00GHz,45097156608.0,,,0.0002337567134259259,0.0008163399999999999,0.22163217692777779,0.22163217692777779,0.0,184.0,
147,NFCORE_ATACSEQ:ATACSEQ:MERGED_LIBRARY_PICARD_COLLECTMULTIPLEMETRICS,1780849996000,1780850100000,1,118.4,Intel(R) Xeon(R) Platinum 8275CL CPU @ 3.00GHz,6442450944.0,,,0.00014408417081930417,6.274666666666667e-05,0.0801389944936027,0.0801389944936027,0.0,184.0,
149,NFCORE_ATACSEQ:ATACSEQ:MERGED_LIBRARY_CALL_ANNOTATE_PEAKS:MACS2_CALLPEAK,1780850016000,1780850100000,32,102.9,Intel(R) Xeon(R) Platinum 8275CL CPU @ 3.00GHz,45097156608.0,,,0.00010114068500631317,0.00035475999999999997,0.20671839631571967,0.20671839631571967,0.0,184.0,
150,NFCORE_ATACSEQ:ATACSEQ:MERGED_LIBRARY_FILTER_BAM:BAM_SORT_STATS_SAMTOOLS:SAMTOOLS_SORT,1780850141000,1780850192000,32,651.3,Intel(R) Xeon(R) Platinum 8275CL CPU @ 3.00GHz,45097156608.0,,,0.0003802341345012626,0.00020408499999999998,0.10751472074823232,0.10751472074823232,0.0,184.0,
151,NFCORE_ATACSEQ:ATACSEQ:MERGED_LIBRARY_FILTER_BAM:BAM_SORT_STATS_SAMTOOLS:SAMTOOLS_INDEX,1780850198000,1780850210000,16,401.6,Intel(R) Xeon(R) Platinum 8275CL CPU @ 3.00GHz,25769803776.0,,,5.516641952861953e-05,2.7440000000000005e-05,0.015199581193265995,0.015199581193265995,0.0,184.0,
160,NFCORE_ATACSEQ:ATACSEQ:MERGED_LIBRARY_FILTER_BAM:BAM_SORT_STATS_SAMTOOLS:BAM_STATS_SAMTOOLS:SAMTOOLS_IDXSTATS,1780850216000,1780850221000,1,95.6,Intel(R) Xeon(R) Platinum 8275CL CPU @ 3.00GHz,6442450944.0,,,5.471768869248035e-06,2.858333333333334e-06,0.0015327388052749718,0.0015327388052749718,0.0,184.0,
161,NFCORE_ATACSEQ:ATACSEQ:MERGED_LIBRARY_FILTER_BAM:BAM_SORT_STATS_SAMTOOLS:BAM_STATS_SAMTOOLS:SAMTOOLS_IDXSTATS,1780850216000,1780850221000,1,92.5,Intel(R) Xeon(R) Platinum 8275CL CPU @ 3.00GHz,6442450944.0,,,5.4118153102202585e-06,3.0166666666666664e-06,0.0015508406837471942,0.0015508406837471942,0.0,184.0,
158,NFCORE_ATACSEQ:ATACSEQ:MERGED_LIBRARY_FILTER_BAM:BAM_SORT_STATS_SAMTOOLS:BAM_STATS_SAMTOOLS:SAMTOOLS_FLAGSTAT,1780850216000,1780850224000,1,141.2,Intel(R) Xeon(R) Platinum 8275CL CPU @ 3.00GHz,6442450944.0,,,1.2930774298540964e-05,4.573333333333334e-06,0.0032207558042648713,0.0032207558042648713,0.0,184.0,
162,NFCORE_ATACSEQ:ATACSEQ:MERGED_LIBRARY_FILTER_BAM:BAM_SORT_STATS_SAMTOOLS:BAM_STATS_SAMTOOLS:SAMTOOLS_FLAGSTAT,1780850216000,1780850226000,1,118.8,Intel(R) Xeon(R) Platinum 8275CL CPU @ 3.00GHz,6442450944.0,,,1.3599291666666665e-05,5.716666666666668e-06,0.0035541363333333334,0.0035541363333333334,0.0,184.0,
163,NFCORE_ATACSEQ:ATACSEQ:MERGED_LIBRARY_FILTER_BAM:BAM_SORT_STATS_SAMTOOLS:BAM_STATS_SAMTOOLS:SAMTOOLS_IDXSTATS,1780850216000,1780850221000,1,73.3,Intel(R) Xeon(R) Platinum 8275CL CPU @ 3.00GHz,6442450944.0,,,4.195404373597082e-06,2.858333333333334e-06,0.0012978877380751966,0.0012978877380751966,0.0,184.0,
165,NFCORE_ATACSEQ:ATACSEQ:MERGED_LIBRARY_FILTER_BAM:BAM_SORT_STATS_SAMTOOLS:BAM_STATS_SAMTOOLS:SAMTOOLS_FLAGSTAT,1780850216000,1780850224000,1,131.2,Intel(R) Xeon(R) Platinum 8275CL CPU @ 3.00GHz,6442450944.0,,,1.2281602918069586e-05,4.826666666666666e-06,0.0031479216035914703,0.0031479216035914703,0.0,184.0,
167,NFCORE_ATACSEQ:ATACSEQ:MERGED_LIBRARY_FILTER_BAM:BAM_SORT_STATS_SAMTOOLS:BAM_STATS_SAMTOOLS:SAMTOOLS_IDXSTATS,1780850216000,1780850221000,1,122.1,Intel(R) Xeon(R) Platinum 8275CL CPU @ 3.00GHz,6442450944.0,,,7.143596209490741e-06,3.0166666666666664e-06,0.0018694883692129628,0.0018694883692129628,0.0,184.0,
168,NFCORE_ATACSEQ:ATACSEQ:MERGED_LIBRARY_FILTER_BAM:BAM_SORT_STATS_SAMTOOLS:BAM_STATS_SAMTOOLS:SAMTOOLS_FLAGSTAT,1780850217000,1780850225000,1,128.9,Intel(R) Xeon(R) Platinum 8275CL CPU @ 3.00GHz,6442450944.0,,,1.180436832210999e-05,4.573333333333334e-06,0.0030134971046015717,0.0030134971046015717,0.0,184.0,
170,NFCORE_ATACSEQ:ATACSEQ:MERGED_LIBRARY_FILTER_BAM:BAM_SORT_STATS_SAMTOOLS:BAM_STATS_SAMTOOLS:SAMTOOLS_IDXSTATS,1780850216000,1780850221000,1,82.6,Intel(R) Xeon(R) Platinum 8275CL CPU @ 3.00GHz,6442450944.0,,,4.727699880751964e-06,2.858333333333334e-06,0.0013958301113916947,0.0013958301113916947,0.0,184.0,
171,NFCORE_ATACSEQ:ATACSEQ:MERGED_LIBRARY_FILTER_BAM:BAM_SORT_STATS_SAMTOOLS:BAM_STATS_SAMTOOLS:SAMTOOLS_IDXSTATS,1780850217000,1780850222000,1,86.7,Intel(R) Xeon(R) Platinum 8275CL CPU @ 3.00GHz,6442450944.0,,,4.962367792508418e-06,2.858333333333334e-06,0.0014390090071548826,0.0014390090071548826,0.0,184.0,
159,NFCORE_ATACSEQ:ATACSEQ:MERGED_LIBRARY_FILTER_BAM:BAM_SORT_STATS_SAMTOOLS:BAM_STATS_SAMTOOLS:SAMTOOLS_STATS,1780850217000,1780850235000,1,126.0,Intel(R) Xeon(R) Platinum 8275CL CPU @ 3.00GHz,6442450944.0,,,2.653837215909091e-05,1.0859999999999998e-05,0.006881300477272727,0.006881300477272727,0.0,184.0,
166,NFCORE_ATACSEQ:ATACSEQ:MERGED_LIBRARY_FILTER_BAM:BAM_SORT_STATS_SAMTOOLS:BAM_STATS_SAMTOOLS:SAMTOOLS_STATS,1780850217000,1780850233000,1,126.9,Intel(R) Xeon(R) Platinum 8275CL CPU @ 3.00GHz,6442450944.0,,,2.375816174242425e-05,9.653333333333331e-06,0.006147715093939394,0.006147715093939394,0.0,184.0,
173,NFCORE_ATACSEQ:ATACSEQ:MERGED_LIBRARY_FILTER_BAM:BAM_SORT_STATS_SAMTOOLS:BAM_STATS_SAMTOOLS:SAMTOOLS_STATS,1780850217000,1780850232000,1,128.2,Intel(R) Xeon(R) Platinum 8275CL CPU @ 3.00GHz,6442450944.0,,,2.201299484427609e-05,8.575000000000002e-06,0.0056281910513468,0.0056281910513468,0.0,184.0,
169,NFCORE_ATACSEQ:ATACSEQ:MERGED_LIBRARY_FILTER_BAM:BAM_SORT_STATS_SAMTOOLS:BAM_STATS_SAMTOOLS:SAMTOOLS_FLAGSTAT,1780850216000,1780850237000,1,138.5,Intel(R) Xeon(R) Platinum 8275CL CPU @ 3.00GHz,6442450944.0,,,3.4033005037352694e-05,1.2669999999999999e-05,0.008593352926872895,0.008593352926872895,0.0,184.0,
164,NFCORE_ATACSEQ:ATACSEQ:MERGED_LIBRARY_FILTER_BAM:BAM_SORT_STATS_SAMTOOLS:BAM_STATS_SAMTOOLS:SAMTOOLS_STATS,1780850216000,1780850242000,1,126.6,Intel(R) Xeon(R) Platinum 8275CL CPU @ 3.00GHz,6442450944.0,,,3.7679653577441065e-05,1.4863333333333334e-05,0.00966790959158249,0.00966790959158249,0.0,184.0,
172,NFCORE_ATACSEQ:ATACSEQ:MERGED_LIBRARY_FILTER_BAM:BAM_SORT_STATS_SAMTOOLS:BAM_STATS_SAMTOOLS:SAMTOOLS_FLAGSTAT,1780850217000,1780850240000,1,134.4,Intel(R) Xeon(R) Platinum 8275CL CPU @ 3.00GHz,6442450944.0,,,3.5385631649831656e-05,1.3148333333333338e-05,0.008930249556902359,0.008930249556902359,0.0,184.0,
156,NFCORE_ATACSEQ:ATACSEQ:MERGED_LIBRARY_DEEPTOOLS_PLOTFINGERPRINT,1780850228000,1780850286000,48,954.7,Intel(R) Xeon(R) Platinum 8275CL CPU @ 3.00GHz,90194313216.0,,,0.0006479271015063833,0.0004899066666666667,0.20936141334384117,0.20936141334384117,0.0,184.0,
174,NFCORE_ATACSEQ:ATACSEQ:MERGED_LIBRARY_FILTER_BAM:BAM_SORT_STATS_SAMTOOLS:BAM_STATS_SAMTOOLS:SAMTOOLS_STATS,1780850217000,1780850285000,1,131.2,Intel(R) Xeon(R) Platinum 8275CL CPU @ 3.00GHz,6442450944.0,,,0.00010439362480359148,4.1026666666666665e-05,0.0267573336305275,0.0267573336305275,0.0,184.0,
175,NFCORE_ATACSEQ:ATACSEQ:MERGED_LIBRARY_FILTER_BAM:BAM_SORT_STATS_SAMTOOLS:BAM_STATS_SAMTOOLS:SAMTOOLS_STATS,1780850217000,1780850292000,1,130.5,Intel(R) Xeon(R) Platinum 8275CL CPU @ 3.00GHz,6442450944.0,,,0.00011203961884469697,4.2875000000000005e-05,0.028504289867424246,0.028504289867424246,0.0,184.0,
154,NFCORE_ATACSEQ:ATACSEQ:PICARD_MERGESAMFILES_REPLICATE,1780850198000,1780850323000,32,100.4,Intel(R) Xeon(R) Platinum 8275CL CPU @ 3.00GHz,45097156608.0,,,0.00014366255085578004,0.0005002083333333334,0.11847224269079688,0.11847224269079688,0.0,184.0,
153,NFCORE_ATACSEQ:ATACSEQ:PICARD_MERGESAMFILES_REPLICATE,1780850198000,1780850380000,32,98.5,Intel(R) Xeon(R) Platinum 8275CL CPU @ 3.00GHz,45097156608.0,,,0.00020976781203528342,0.0007686466666666666,0.1800282640811588,0.1800282640811588,0.0,184.0,
152,NFCORE_ATACSEQ:ATACSEQ:MERGED_LIBRARY_PICARD_COLLECTMULTIPLEMETRICS,1780850198000,1780850400000,1,115.5,Intel(R) Xeon(R) Platinum 8275CL CPU @ 3.00GHz,6442450944.0,,,0.0002730012173032408,0.00012187333333333332,0.09387849217708336,0.09387849217708336,0.0,184.0,
183,NFCORE_ATACSEQ:ATACSEQ:MERGED_LIBRARY_BAM_TO_BIGWIG:BEDTOOLS_GENOMECOV,1780850289000,1780850400000,32,99.4,Intel(R) Xeon(R) Platinum 8275CL CPU @ 3.00GHz,45097156608.0,,,0.0001291042660406145,0.00046879,0.20515852977436871,0.20515852977436871,0.0,184.0,
177,NFCORE_ATACSEQ:ATACSEQ:MERGED_LIBRARY_ATAQV_ATAQV,1780850383000,1780850400000,32,191.1,Intel(R) Xeon(R) Platinum 8275CL CPU @ 3.00GHz,45097156608.0,,,3.8013760861216333e-05,7.179666666666666e-05,0.21512508696403623,0.21512508696403623,0.0,184.0,
184,NFCORE_ATACSEQ:ATACSEQ:MERGED_LIBRARY_BAM_TO_BIGWIG:BEDTOOLS_GENOMECOV,1780850325000,1780850400000,32,100.0,Intel(R) Xeon(R) Platinum 8275CL CPU @ 3.00GHz,45097156608.0,,,8.585411405723906e-05,0.000300125,0.2263175669304153,0.2263175669304153,0.0,184.0,
155,NFCORE_ATACSEQ:ATACSEQ:PICARD_MERGESAMFILES_REPLICATE,1780850198000,1780850400000,32,97.8,Intel(R) Xeon(R) Platinum 8275CL CPU @ 3.00GHz,45097156608.0,,,0.00022614660475589224,0.0008083366666666667,0.47303540007306394,0.47303540007306394,0.0,184.0,
187,NFCORE_ATACSEQ:ATACSEQ:MERGED_LIBRARY_BAM_TO_BIGWIG:UCSC_BEDGRAPHTOBIGWIG,1780850516000,1780850564000,1,99.6,Intel(R) Xeon(R) Platinum 8275CL CPU @ 3.00GHz,6442450944.0,,,5.4726846464646454e-05,2.7440000000000005e-05,0.01511869974949495,0.01511869974949495,0.0,184.0,
176,NFCORE_ATACSEQ:ATACSEQ:MERGED_LIBRARY_CALL_ANNOTATE_PEAKS:HOMER_ANNOTATEPEAKS,1780850566000,1780850652000,32,100.1,Intel(R) Xeon(R) Platinum 8275CL CPU @ 3.00GHz,45097156608.0,,,9.854449683641975e-05,0.00034414333333333336,0.08145456075123457,0.08145456075123457,0.0,184.0,
188,NFCORE_ATACSEQ:ATACSEQ:MERGED_LIBRARY_BAM_TO_BIGWIG:UCSC_BEDGRAPHTOBIGWIG,1780850576000,1780850634000,1,97.1,Intel(R) Xeon(R) Platinum 8275CL CPU @ 3.00GHz,6442450944.0,,,6.589894370615883e-05,3.499333333333333e-05,0.018564178975266556,0.018564178975266556,0.0,184.0,
178,NFCORE_ATACSEQ:ATACSEQ:MERGED_LIBRARY_CALL_ANNOTATE_PEAKS:FRIP_SCORE,1780850498000,1780850662000,32,120.8,Intel(R) Xeon(R) Platinum 8275CL CPU @ 3.00GHz,45097156608.0,,,0.00023181525507856346,0.0006926266666666666,0.17009731360112235,0.17009731360112235,0.0,184.0,
193,NFCORE_ATACSEQ:ATACSEQ:MERGED_LIBRARY_CALL_ANNOTATE_PEAKS:MULTIQC_CUSTOM_PEAKS,1780850676000,1780850681000,1,128.9,Intel(R) Xeon(R) Platinum 8275CL CPU @ 3.00GHz,6442450944.0,,,7.541437767431259e-06,3.0166666666666664e-06,0.0019426912158740182,0.0019426912158740182,0.0,184.0,
189,NFCORE_ATACSEQ:ATACSEQ:MERGED_LIBRARY_BIGWIG_PLOT_DEEPTOOLS:DEEPTOOLS_COMPUTEMATRIX_REFERENCE_POINT,1780850654000,1780850700000,48,1541.1,Intel(R) Xeon(R) Platinum 8275CL CPU @ 3.00GHz,90194313216.0,,,0.0008114999543981481,0.0003681533333333334,0.37277043892314815,0.37277043892314815,0.0,184.0,
190,NFCORE_ATACSEQ:ATACSEQ:MERGED_LIBRARY_BIGWIG_PLOT_DEEPTOOLS:DEEPTOOLS_COMPUTEMATRIX_SCALE_REGIONS,1780850665000,1780850700000,48,1730.5,Intel(R) Xeon(R) Platinum 8275CL CPU @ 3.00GHz,90194313216.0,,,0.0007087137811930066,0.00029563333333333333,0.5649595997369881,0.5649595997369881,0.0,184.0,
186,NFCORE_ATACSEQ:ATACSEQ:MERGED_REPLICATE_MARKDUPLICATES_PICARD:PICARD_MARKDUPLICATES,1780850575000,1780850700000,32,143.9,Intel(R) Xeon(R) Platinum 8275CL CPU @ 3.00GHz,45097156608.0,,,0.00021047573598397172,0.0005279166666666667,0.288032108425961,0.288032108425961,0.0,184.0,
195,NFCORE_ATACSEQ:ATACSEQ:MERGED_LIBRARY_BIGWIG_PLOT_DEEPTOOLS:DEEPTOOLS_PLOTPROFILE,1780850776000,1780850794000,16,100.0,Intel(R) Xeon(R) Platinum 8275CL CPU @ 3.00GHz,25769803776.0,,,2.1062200126262634e-05,4.343999999999999e-05,0.011868404823232322,0.011868404823232322,0.0,184.0,
194,NFCORE_ATACSEQ:ATACSEQ:MERGED_LIBRARY_BIGWIG_PLOT_DEEPTOOLS:DEEPTOOLS_PLOTHEATMAP,1780850736000,1780850794000,16,100.1,Intel(R) Xeon(R) Platinum 8275CL CPU @ 3.00GHz,25769803776.0,,,6.646024205246913e-05,0.00013262666666666667,0.036631991204320986,0.036631991204320986,0.0,184.0,
179,NFCORE_ATACSEQ:ATACSEQ:MERGED_LIBRARY_BAM_TO_BIGWIG:BEDTOOLS_GENOMECOV,1780850735000,1780850810000,32,98.8,Intel(R) Xeon(R) Platinum 8275CL CPU @ 3.00GHz,45097156608.0,,,8.482386468855216e-05,0.000300125,0.0708305911026936,0.0708305911026936,0.0,184.0,
180,NFCORE_ATACSEQ:ATACSEQ:MERGED_LIBRARY_BAM_TO_BIGWIG:BEDTOOLS_GENOMECOV,1780850774000,1780850825000,32,99.5,Intel(R) Xeon(R) Platinum 8275CL CPU @ 3.00GHz,45097156608.0,,,5.9377852522622054e-05,0.00021538999999999998,0.05055728486416245,0.05055728486416245,0.0,184.0,
196,NFCORE_ATACSEQ:ATACSEQ:MERGED_LIBRARY_BAM_TO_BIGWIG:UCSC_BEDGRAPHTOBIGWIG,1780850816000,1780850834000,1,88.7,Intel(R) Xeon(R) Platinum 8275CL CPU @ 3.00GHz,6442450944.0,,,1.827662380050505e-05,1.0290000000000003e-05,0.00525625877929293,0.00525625877929293,0.0,184.0,
197,NFCORE_ATACSEQ:ATACSEQ:MERGED_LIBRARY_BAM_TO_BIGWIG:UCSC_BEDGRAPHTOBIGWIG,1780850836000,1780850847000,1,100.0,Intel(R) Xeon(R) Platinum 8275CL CPU @ 3.00GHz,6442450944.0,,,1.2871344521604942e-05,6.636666666666666e-06,0.0035894740586419763,0.0035894740586419763,0.0,184.0,
181,NFCORE_ATACSEQ:ATACSEQ:MERGED_LIBRARY_BAM_TO_BIGWIG:BEDTOOLS_GENOMECOV,1780850817000,1780850864000,32,99.0,Intel(R) Xeon(R) Platinum 8275CL CPU @ 3.00GHz,45097156608.0,,,5.326389236111111e-05,0.00018807833333333334,0.044406969527777784,0.044406969527777784,0.0,184.0,
201,NFCORE_ATACSEQ:ATACSEQ:MERGED_REPLICATE_MARKDUPLICATES_PICARD:SAMTOOLS_INDEX,1780850856000,1780850867000,16,183.2,Intel(R) Xeon(R) Platinum 8275CL CPU @ 3.00GHz,25769803776.0,,,2.3068428086419754e-05,2.515333333333334e-05,0.008872804101234569,0.008872804101234569,0.0,184.0,
182,NFCORE_ATACSEQ:ATACSEQ:MERGED_LIBRARY_BAM_TO_BIGWIG:BEDTOOLS_GENOMECOV,1780850827000,1780850883000,32,100.2,Intel(R) Xeon(R) Platinum 8275CL CPU @ 3.00GHz,45097156608.0,,,6.565789852693603e-05,0.00023650666666666666,0.0555982799956229,0.0555982799956229,0.0,184.0,
204,NFCORE_ATACSEQ:ATACSEQ:MERGED_LIBRARY_BAM_TO_BIGWIG:UCSC_BEDGRAPHTOBIGWIG,1780850879000,1780850890000,1,87.9,Intel(R) Xeon(R) Platinum 8275CL CPU @ 3.00GHz,6442450944.0,,,1.106831238425926e-05,6.288333333333335e-06,0.003193622812037037,0.003193622812037037,0.0,184.0,
205,NFCORE_ATACSEQ:ATACSEQ:MERGED_LIBRARY_BAM_TO_BIGWIG:UCSC_BEDGRAPHTOBIGWIG,1780850896000,1780850907000,1,84.1,Intel(R) Xeon(R) Platinum 8275CL CPU @ 3.00GHz,6442450944.0,,,1.0589818788580246e-05,6.288333333333335e-06,0.0031055799904320986,0.0031055799904320986,0.0,184.0,
198,NFCORE_ATACSEQ:ATACSEQ:MERGED_LIBRARY_BIGWIG_PLOT_DEEPTOOLS:DEEPTOOLS_COMPUTEMATRIX_SCALE_REGIONS,1780850842000,1780850940000,48,1751.7,Intel(R) Xeon(R) Platinum 8275CL CPU @ 3.00GHz,90194313216.0,,,0.002008709046775042,0.0008277733333333332,0.5219127579399411,0.5219127579399411,0.0,184.0,
200,NFCORE_ATACSEQ:ATACSEQ:MERGED_REPLICATE_CALL_ANNOTATE_PEAKS:MACS2_CALLPEAK,1780850867000,1780850950000,32,110.0,Intel(R) Xeon(R) Platinum 8275CL CPU @ 3.00GHz,45097156608.0,,,0.000104513074845679,0.0003321383333333333,0.08034385910493827,0.08034385910493827,0.0,184.0,
206,NFCORE_ATACSEQ:ATACSEQ:MERGED_LIBRARY_BIGWIG_PLOT_DEEPTOOLS:DEEPTOOLS_COMPUTEMATRIX_REFERENCE_POINT,1780850952000,1780851000000,48,1828.8,Intel(R) Xeon(R) Platinum 8275CL CPU @ 3.00GHz,90194313216.0,,,0.0010048640242424243,0.0003841600000000001,0.38337063069090915,0.38337063069090915,0.0,184.0,
202,NFCORE_ATACSEQ:ATACSEQ:MERGED_LIBRARY_BIGWIG_PLOT_DEEPTOOLS:DEEPTOOLS_COMPUTEMATRIX_SCALE_REGIONS,1780850942000,1780851000000,48,1899.5,Intel(R) Xeon(R) Platinum 8275CL CPU @ 3.00GHz,90194313216.0,,,0.001289135361172489,0.0004899066666666667,0.5305226019570006,0.5305226019570006,0.0,184.0,
157,NFCORE_ATACSEQ:ATACSEQ:MERGED_LIBRARY_CALL_ANNOTATE_PEAKS:MACS2_CALLPEAK,1780850888000,1780851000000,32,102.0,Intel(R) Xeon(R) Platinum 8275CL CPU @ 3.00GHz,45097156608.0,,,0.0001336747634680135,0.0004730133333333333,0.26013918893560606,0.26013918893560606,0.0,184.0,
208,NFCORE_ATACSEQ:ATACSEQ:MERGED_LIBRARY_BIGWIG_PLOT_DEEPTOOLS:DEEPTOOLS_COMPUTEMATRIX_SCALE_REGIONS,1780851039000,1780851131000,48,1882.7,Intel(R) Xeon(R) Platinum 8275CL CPU @ 3.00GHz,90194313216.0,,,0.002026749991305416,0.0007770933333333333,0.5159071717335298,0.5159071717335298,0.0,184.0,
207,NFCORE_ATACSEQ:ATACSEQ:MERGED_LIBRARY_BIGWIG_PLOT_DEEPTOOLS:DEEPTOOLS_COMPUTEMATRIX_SCALE_REGIONS,1780851026000,1780851117000,48,1866.7,Intel(R) Xeon(R) Platinum 8275CL CPU @ 3.00GHz,90194313216.0,,,0.001944535013155864,0.0007283033333333333,0.4918022557540123,0.4918022557540123,0.0,184.0,
210,NFCORE_ATACSEQ:ATACSEQ:MERGED_LIBRARY_BIGWIG_PLOT_DEEPTOOLS:DEEPTOOLS_PLOTPROFILE,1780851152000,1780851168000,16,100.2,Intel(R) Xeon(R) Platinum 8275CL CPU @ 3.00GHz,25769803776.0,,,1.875939957912458e-05,3.8613333333333325e-05,0.010556582855892255,0.010556582855892255,0.0,184.0,
209,NFCORE_ATACSEQ:ATACSEQ:MERGED_LIBRARY_BIGWIG_PLOT_DEEPTOOLS:DEEPTOOLS_COMPUTEMATRIX_REFERENCE_POINT,1780851118000,1780851187000,48,1789.9,Intel(R) Xeon(R) Platinum 8275CL CPU @ 3.00GHz,90194313216.0,,,0.0014137665645096798,0.00055223,0.36174336786978106,0.36174336786978106,0.0,184.0,
215,NFCORE_ATACSEQ:ATACSEQ:MERGED_LIBRARY_BIGWIG_PLOT_DEEPTOOLS:DEEPTOOLS_PLOTPROFILE,1780851170000,1780851184000,16,100.0,Intel(R) Xeon(R) Platinum 8275CL CPU @ 3.00GHz,25769803776.0,,,1.638171120931538e-05,3.378666666666666e-05,0.009230981529180695,0.009230981529180695,0.0,184.0,
185,NFCORE_ATACSEQ:ATACSEQ:MERGED_REPLICATE_MARKDUPLICATES_PICARD:PICARD_MARKDUPLICATES,1780851003000,1780851189000,32,156.8,Intel(R) Xeon(R) Platinum 8275CL CPU @ 3.00GHz,45097156608.0,,,0.00033385574208754217,0.0007443100000000001,0.19838249654410778,0.19838249654410778,0.0,184.0,
203,NFCORE_ATACSEQ:ATACSEQ:MERGED_LIBRARY_BIGWIG_PLOT_DEEPTOOLS:DEEPTOOLS_COMPUTEMATRIX_REFERENCE_POINT,1780851133000,1780851210000,48,1748.3,Intel(R) Xeon(R) Platinum 8275CL CPU @ 3.00GHz,90194313216.0,,,0.001575208013898534,0.0006503933333333332,0.40951064789066355,0.40951064789066355,0.0,184.0,
214,NFCORE_ATACSEQ:ATACSEQ:MERGED_LIBRARY_BIGWIG_PLOT_DEEPTOOLS:DEEPTOOLS_PLOTHEATMAP,1780851152000,1780851201000,16,100.2,Intel(R) Xeon(R) Platinum 8275CL CPU @ 3.00GHz,25769803776.0,,,5.7450661211069025e-05,0.00011825333333333331,0.03232953499617003,0.03232953499617003,0.0,184.0,
216,NFCORE_ATACSEQ:ATACSEQ:MERGED_LIBRARY_BIGWIG_PLOT_DEEPTOOLS:DEEPTOOLS_PLOTPROFILE,1780851186000,1780851200000,16,100.0,Intel(R) Xeon(R) Platinum 8275CL CPU @ 3.00GHz,25769803776.0,,,1.638171120931538e-05,3.378666666666666e-05,0.009230981529180695,0.009230981529180695,0.0,184.0,
217,NFCORE_ATACSEQ:ATACSEQ:MERGED_LIBRARY_BIGWIG_PLOT_DEEPTOOLS:DEEPTOOLS_PLOTPROFILE,1780851195000,1780851211000,16,79.5,Intel(R) Xeon(R) Platinum 8275CL CPU @ 3.00GHz,25769803776.0,,,1.4560857744107745e-05,3.658666666666667e-05,0.009411144491582493,0.009411144491582493,0.0,184.0,
224,NFCORE_ATACSEQ:ATACSEQ:MERGED_REPLICATE_MARKDUPLICATES_PICARD:SAMTOOLS_INDEX,1780851197000,1780851205000,16,427.1,Intel(R) Xeon(R) Platinum 8275CL CPU @ 3.00GHz,25769803776.0,,,3.9112844921436595e-05,1.8293333333333337e-05,0.010562736798877667,0.010562736798877667,0.0,184.0,
223,NFCORE_ATACSEQ:ATACSEQ:MERGED_LIBRARY_BIGWIG_PLOT_DEEPTOOLS:DEEPTOOLS_PLOTHEATMAP,1780851196000,1780851243000,16,98.7,Intel(R) Xeon(R) Platinum 8275CL CPU @ 3.00GHz,25769803776.0,,,5.31024866266835e-05,0.00010747333333333335,0.0295459508726431,0.0295459508726431,0.0,184.0,
225,NFCORE_ATACSEQ:ATACSEQ:MERGED_REPLICATE_CALL_ANNOTATE_PEAKS:MACS2_CALLPEAK,1780851205000,1780851260000,32,106.5,Intel(R) Xeon(R) Platinum 8275CL CPU @ 3.00GHz,45097156608.0,,,6.85399095775463e-05,0.0002322833333333333,0.055351476695601844,0.055351476695601844,0.0,184.0,
226,NFCORE_ATACSEQ:ATACSEQ:MERGED_LIBRARY_BIGWIG_PLOT_DEEPTOOLS:DEEPTOOLS_PLOTHEATMAP,1780851216000,1780851265000,16,100.2,Intel(R) Xeon(R) Platinum 8275CL CPU @ 3.00GHz,25769803776.0,,,5.7450661211069025e-05,0.00011825333333333331,0.03232953499617003,0.03232953499617003,0.0,184.0,
212,NFCORE_ATACSEQ:ATACSEQ:MERGED_REPLICATE_CALL_ANNOTATE_PEAKS:FRIP_SCORE,1780851218000,1780851295000,32,120.7,Intel(R) Xeon(R) Platinum 8275CL CPU @ 3.00GHz,45097156608.0,,,0.00010874998986304014,0.0003251966666666666,0.07984618480146603,0.07984618480146603,0.0,184.0,
211,NFCORE_ATACSEQ:ATACSEQ:MERGED_REPLICATE_CALL_ANNOTATE_PEAKS:HOMER_ANNOTATEPEAKS,1780851218000,1780851297000,32,100.1,Intel(R) Xeon(R) Platinum 8275CL CPU @ 3.00GHz,45097156608.0,,,9.052343314043209e-05,0.0003161316666666666,0.07482453836450616,0.07482453836450616,0.0,184.0,
199,NFCORE_ATACSEQ:ATACSEQ:MERGED_LIBRARY_BIGWIG_PLOT_DEEPTOOLS:DEEPTOOLS_COMPUTEMATRIX_REFERENCE_POINT,1780851298000,1780851300000,48,1761.4,Intel(R) Xeon(R) Platinum 8275CL CPU @ 3.00GHz,90194313216.0,,,4.1221065891554444e-05,1.6893333333333333e-05,0.395642829923036,0.395642829923036,0.0,184.0,
220,NFCORE_ATACSEQ:ATACSEQ:MERGED_LIBRARY_CALL_ANNOTATE_PEAKS:FRIP_SCORE,1780851191000,1780851300000,32,120.3,Intel(R) Xeon(R) Platinum 8275CL CPU @ 3.00GHz,45097156608.0,,,0.00015010389885311448,0.0004361816666666667,0.19694891988139732,0.19694891988139732,0.0,184.0,
213,NFCORE_ATACSEQ:ATACSEQ:MERGED_REPLICATE_MARKDUPLICATES_PICARD:PICARD_MARKDUPLICATES,1780851262000,1780851300000,32,127.1,Intel(R) Xeon(R) Platinum 8275CL CPU @ 3.00GHz,45097156608.0,,,5.6514563427679574e-05,0.00016048666666666666,1.2348626315279374,1.2348626315279374,0.0,193.625,
229,NFCORE_ATACSEQ:ATACSEQ:MERGED_REPLICATE_CALL_ANNOTATE_PEAKS:MULTIQC_CUSTOM_PEAKS,1780851316000,1780851321000,1,52.3,Intel(R) Xeon(R) Platinum 8275CL CPU @ 3.00GHz,6442450944.0,,,2.993446776795735e-06,2.858333333333334e-06,0.0010767275402637486,0.0010767275402637486,0.0,184.0,
228,NFCORE_ATACSEQ:ATACSEQ:MERGED_REPLICATE_CALL_ANNOTATE_PEAKS:FRIP_SCORE,1780851300000,1780851352000,32,119.6,Intel(R) Xeon(R) Platinum 8275CL CPU @ 3.00GHz,45097156608.0,,,7.119252081930415e-05,0.00020808666666666668,0.05138737049741863,0.05138737049741863,0.0,184.0,
230,NFCORE_ATACSEQ:ATACSEQ:MERGED_REPLICATE_CALL_ANNOTATE_PEAKS:MULTIQC_CUSTOM_PEAKS,1780851356000,1780851361000,1,81.1,Intel(R) Xeon(R) Platinum 8275CL CPU @ 3.00GHz,6442450944.0,,,4.641845766694725e-06,2.858333333333334e-06,0.001380032954405163,0.001380032954405163,0.0,184.0,
232,NFCORE_ATACSEQ:ATACSEQ:MERGED_LIBRARY_CALL_ANNOTATE_PEAKS:MULTIQC_CUSTOM_PEAKS,1780851396000,1780851401000,1,100.3,Intel(R) Xeon(R) Platinum 8275CL CPU @ 3.00GHz,6442450944.0,,,5.8681629796226154e-06,3.0166666666666664e-06,0.0016348086549172278,0.0016348086549172278,0.0,184.0,
227,NFCORE_ATACSEQ:ATACSEQ:MERGED_REPLICATE_CALL_ANNOTATE_PEAKS:HOMER_ANNOTATEPEAKS,1780851355000,1780851433000,32,100.1,Intel(R) Xeon(R) Platinum 8275CL CPU @ 3.00GHz,45097156608.0,,,8.937756689814814e-05,0.00031213000000000004,0.07387739230925926,0.07387739230925926,0.0,184.0,
231,NFCORE_ATACSEQ:ATACSEQ:MERGED_LIBRARY_BIGWIG_PLOT_DEEPTOOLS:DEEPTOOLS_PLOTHEATMAP,1780851376000,1780851427000,16,98.5,Intel(R) Xeon(R) Platinum 8275CL CPU @ 3.00GHz,25769803776.0,,,5.7505085595538726e-05,0.00011662000000000002,0.03203901574957913,0.03203901574957913,0.0,184.0,
192,NFCORE_ATACSEQ:ATACSEQ:MERGED_LIBRARY_BIGWIG_PLOT_DEEPTOOLS:DEEPTOOLS_COMPUTEMATRIX_SCALE_REGIONS,1780851375000,1780851480000,48,1671.9,Intel(R) Xeon(R) Platinum 8275CL CPU @ 3.00GHz,90194313216.0,,,0.0020541437228140786,0.0008868999999999999,0.5411520449977905,0.5411520449977905,0.0,184.0,
221,NFCORE_ATACSEQ:ATACSEQ:MERGED_LIBRARY_CALL_ANNOTATE_PEAKS:PLOT_MACS2_QC,1780851482000,1780851494000,32,799.8,Intel(R) Xeon(R) Platinum 8275CL CPU @ 3.00GHz,45097156608.0,,,0.00011230365107323233,5.068e-05,0.02998899179747475,0.02998899179747475,0.0,184.0,
222,NFCORE_ATACSEQ:ATACSEQ:MERGED_LIBRARY_CONSENSUS_PEAKS:MACS2_CONSENSUS,1780851496000,1780851507000,32,389.8,Intel(R) Xeon(R) Platinum 8275CL CPU @ 3.00GHz,45097156608.0,,,5.017250094521607e-05,4.6456666666666665e-05,0.017779766840586422,0.017779766840586422,0.0,184.0,
233,NFCORE_ATACSEQ:ATACSEQ:MERGED_LIBRARY_BIGWIG_PLOT_DEEPTOOLS:DEEPTOOLS_PLOTPROFILE,1780851496000,1780851510000,16,100.0,Intel(R) Xeon(R) Platinum 8275CL CPU @ 3.00GHz,25769803776.0,,,1.638171120931538e-05,3.378666666666666e-05,0.009230981529180695,0.009230981529180695,0.0,184.0,
191,NFCORE_ATACSEQ:ATACSEQ:MERGED_LIBRARY_BIGWIG_PLOT_DEEPTOOLS:DEEPTOOLS_COMPUTEMATRIX_REFERENCE_POINT,1780851440000,1780851519000,48,1561.9,Intel(R) Xeon(R) Platinum 8275CL CPU @ 3.00GHz,90194313216.0,,,0.0014124730291912176,0.0006322633333333333,0.37623149070451734,0.37623149070451734,0.0,184.0,
235,NFCORE_ATACSEQ:ATACSEQ:MERGED_LIBRARY_CONSENSUS_PEAKS:SUBREAD_FEATURECOUNTS,1780851527000,1780851554000,32,967.5,Intel(R) Xeon(R) Platinum 8275CL CPU @ 3.00GHz,45097156608.0,,,0.0002990298792613636,0.000108045,0.0749017777840909,0.0749017777840909,0.0,184.0,
218,NFCORE_ATACSEQ:ATACSEQ:MERGED_LIBRARY_CALL_ANNOTATE_PEAKS:HOMER_ANNOTATEPEAKS,1780851509000,1780851591000,32,100.2,Intel(R) Xeon(R) Platinum 8275CL CPU @ 3.00GHz,45097156608.0,,,9.614192284301349e-05,0.0003463133333333333,0.08141176713644781,0.08141176713644781,0.0,184.0,
236,NFCORE_ATACSEQ:ATACSEQ:MERGED_LIBRARY_BIGWIG_PLOT_DEEPTOOLS:DEEPTOOLS_PLOTHEATMAP,1780851536000,1780851593000,16,99.6,Intel(R) Xeon(R) Platinum 8275CL CPU @ 3.00GHz,25769803776.0,,,6.498813017676766e-05,0.00013034000000000003,0.03594037595252525,0.03594037595252525,0.0,184.0,
219,NFCORE_ATACSEQ:ATACSEQ:MERGED_LIBRARY_ATAQV_ATAQV,1780851393000,1780851600000,32,198.2,Intel(R) Xeon(R) Platinum 8275CL CPU @ 3.00GHz,45097156608.0,,,0.0004696494772095959,0.0008283450000000001,0.23883098380656564,0.23883098380656564,0.0,184.0,
237,NFCORE_ATACSEQ:ATACSEQ:MERGED_LIBRARY_CONSENSUS_PEAKS:DESEQ2_QC,1780851593000,1780851600000,32,562.6,Intel(R) Xeon(R) Platinum 8275CL CPU @ 3.00GHz,45097156608.0,,,4.6081753631804153e-05,2.9563333333333332e-05,0.06238558386424839,0.06238558386424839,0.0,189.5,
234,NFCORE_ATACSEQ:ATACSEQ:MERGED_LIBRARY_CONSENSUS_PEAKS:HOMER_ANNOTATEPEAKS,1780851556000,1780851600000,32,100.1,Intel(R) Xeon(R) Platinum 8275CL CPU @ 3.00GHz,45097156608.0,,,5.0418114660493825e-05,0.00017607333333333335,0.08282895203792438,0.08282895203792438,0.0,189.5,
239,NFCORE_ATACSEQ:ATACSEQ:MERGED_LIBRARY_ATAQV_MKARV,1780851626000,1780851633000,32,212.0,Intel(R) Xeon(R) Platinum 8275CL CPU @ 3.00GHz,45097156608.0,,,1.73646138818743e-05,2.9563333333333332e-05,0.009150949706965488,0.009150949706965488,0.0,195.0,
238,NFCORE_ATACSEQ:ATACSEQ:MERGED_LIBRARY_CALL_ANNOTATE_PEAKS:PLOT_HOMER_ANNOTATEPEAKS,1780851622000,1780851641000,32,419.9,Intel(R) Xeon(R) Platinum 8275CL CPU @ 3.00GHz,45097156608.0,,,9.132702764800787e-05,7.603166666666669e-05,0.03263494539136153,0.03263494539136153,0.0,195.0,
240,NFCORE_ATACSEQ:ATACSEQ:MERGED_REPLICATE_MARKDUPLICATES_PICARD:SAMTOOLS_INDEX,1780852396000,1780852421000,16,243.4,Intel(R) Xeon(R) Platinum 8275CL CPU @ 3.00GHz,25769803776.0,,,6.965630453843997e-05,5.716666666666667e-05,0.024730479384995795,0.024730479384995795,0.0,195.0,
245,NFCORE_ATACSEQ:ATACSEQ:MERGED_REPLICATE_MARKDUPLICATES_PICARD:BAM_STATS_SAMTOOLS:SAMTOOLS_FLAGSTAT,1780852436000,1780852446000,1,133.0,Intel(R) Xeon(R) Platinum 8275CL CPU @ 3.00GHz,6442450944.0,,,1.5224796226150395e-05,5.716666666666668e-06,0.004083585264099327,0.004083585264099327,0.0,195.0,
242,NFCORE_ATACSEQ:ATACSEQ:MERGED_REPLICATE_MARKDUPLICATES_PICARD:BAM_STATS_SAMTOOLS:SAMTOOLS_FLAGSTAT,1780852436000,1780852449000,1,125.7,Intel(R) Xeon(R) Platinum 8275CL CPU @ 3.00GHz,6442450944.0,,,1.8705894370791244e-05,7.431666666666667e-06,0.005096824402304292,0.005096824402304292,0.0,195.0,
247,NFCORE_ATACSEQ:ATACSEQ:MERGED_REPLICATE_MARKDUPLICATES_PICARD:BAM_STATS_SAMTOOLS:SAMTOOLS_IDXSTATS,1780852436000,1780852441000,1,82.9,Intel(R) Xeon(R) Platinum 8275CL CPU @ 3.00GHz,6442450944.0,,,4.744870703563413e-06,2.858333333333334e-06,0.0014826247871948656,0.0014826247871948656,0.0,195.0,
243,NFCORE_ATACSEQ:ATACSEQ:MERGED_REPLICATE_MARKDUPLICATES_PICARD:BAM_STATS_SAMTOOLS:SAMTOOLS_IDXSTATS,1780852436000,1780852441000,1,49.6,Intel(R) Xeon(R) Platinum 8275CL CPU @ 3.00GHz,6442450944.0,,,2.8389093714927054e-06,2.858333333333334e-06,0.0011109623274410778,0.0011109623274410778,0.0,195.0,
250,NFCORE_ATACSEQ:ATACSEQ:MERGED_REPLICATE_MARKDUPLICATES_PICARD:BAM_STATS_SAMTOOLS:SAMTOOLS_IDXSTATS,1780852436000,1780852441000,1,63.0,Intel(R) Xeon(R) Platinum 8275CL CPU @ 3.00GHz,6442450944.0,,,3.6058727904040405e-06,2.858333333333334e-06,0.0012605201941287881,0.0012605201941287881,0.0,195.0,
246,NFCORE_ATACSEQ:ATACSEQ:MERGED_REPLICATE_MARKDUPLICATES_PICARD:BAM_STATS_SAMTOOLS:SAMTOOLS_STATS,1780852441000,1780852466000,1,129.0,Intel(R) Xeon(R) Platinum 8275CL CPU @ 3.00GHz,6442450944.0,,,3.691726904461279e-05,1.4291666666666667e-05,0.009985742463699494,0.009985742463699494,0.0,195.0,
244,NFCORE_ATACSEQ:ATACSEQ:MERGED_REPLICATE_MARKDUPLICATES_PICARD:BAM_STATS_SAMTOOLS:SAMTOOLS_STATS,1780852441000,1780852477000,1,126.2,Intel(R) Xeon(R) Platinum 8275CL CPU @ 3.00GHz,6442450944.0,,,5.200698813131314e-05,2.0580000000000006e-05,0.014154462685606063,0.014154462685606063,0.0,195.0,
248,NFCORE_ATACSEQ:ATACSEQ:MERGED_REPLICATE_MARKDUPLICATES_PICARD:BAM_STATS_SAMTOOLS:SAMTOOLS_FLAGSTAT,1780852436000,1780852477000,1,128.9,Intel(R) Xeon(R) Platinum 8275CL CPU @ 3.00GHz,6442450944.0,,,6.04973876508137e-05,2.343833333333334e-05,0.016367465591908673,0.016367465591908673,0.0,195.0,
251,NFCORE_ATACSEQ:ATACSEQ:MERGED_REPLICATE_BAM_TO_BIGWIG:BEDTOOLS_GENOMECOV,1780852456000,1780852500000,32,98.3,Intel(R) Xeon(R) Platinum 8275CL CPU @ 3.00GHz,45097156608.0,,,4.9511495216049375e-05,0.00017607333333333335,0.07598107179776936,0.07598107179776936,0.0,195.0,
252,NFCORE_ATACSEQ:ATACSEQ:MERGED_REPLICATE_BAM_TO_BIGWIG:BEDTOOLS_GENOMECOV,1780852457000,1780852500000,32,99.0,Intel(R) Xeon(R) Platinum 8275CL CPU @ 3.00GHz,45097156608.0,,,4.981210329861112e-05,0.00018160333333333334,0.14062524091145834,0.14062524091145834,0.0,195.0,
249,NFCORE_ATACSEQ:ATACSEQ:MERGED_REPLICATE_MARKDUPLICATES_PICARD:BAM_STATS_SAMTOOLS:SAMTOOLS_STATS,1780852441000,1780852500000,1,113.5,Intel(R) Xeon(R) Platinum 8275CL CPU @ 3.00GHz,6442450944.0,,,7.665627663790686e-05,3.372833333333334e-05,0.054724573587436875,0.054724573587436875,0.0,195.0,
241,NFCORE_ATACSEQ:ATACSEQ:MERGED_REPLICATE_CALL_ANNOTATE_PEAKS:MACS2_CALLPEAK,1780852396000,1780852500000,32,100.4,Intel(R) Xeon(R) Platinum 8275CL CPU @ 3.00GHz,45097156608.0,,,0.00012217948268799101,0.0004392266666666666,0.46316007321759256,0.46316007321759256,0.0,195.0,
253,NFCORE_ATACSEQ:ATACSEQ:MERGED_REPLICATE_BAM_TO_BIGWIG:BEDTOOLS_GENOMECOV,1780852496000,1780852500000,32,100.1,Intel(R) Xeon(R) Platinum 8275CL CPU @ 3.00GHz,45097156608.0,,,4.583464969135802e-06,1.6006666666666667e-05,0.4045188736498842,0.4045188736498842,0.0,195.0,
254,NFCORE_ATACSEQ:ATACSEQ:MERGED_REPLICATE_BAM_TO_BIGWIG:UCSC_BEDGRAPHTOBIGWIG,1780852536000,1780852552000,1,95.1,Intel(R) Xeon(R) Platinum 8275CL CPU @ 3.00GHz,6442450944.0,,,1.741808265993266e-05,9.146666666666668e-06,0.005180126118686869,0.005180126118686869,0.0,195.0,
255,NFCORE_ATACSEQ:ATACSEQ:MERGED_REPLICATE_BAM_TO_BIGWIG:UCSC_BEDGRAPHTOBIGWIG,1780852596000,1780852626000,1,90.3,Intel(R) Xeon(R) Platinum 8275CL CPU @ 3.00GHz,6442450944.0,,,3.1010505997474744e-05,1.7150000000000004e-05,0.009391298669507575,0.009391298669507575,0.0,195.0,
259,NFCORE_ATACSEQ:ATACSEQ:MERGED_REPLICATE_CONSENSUS_PEAKS:MACS2_CONSENSUS,1780852856000,1780852865000,32,443.4,Intel(R) Xeon(R) Platinum 8275CL CPU @ 3.00GHz,45097156608.0,,,4.669489767992424e-05,3.801e-05,0.016517455047585228,0.016517455047585228,0.0,195.0,
258,NFCORE_ATACSEQ:ATACSEQ:MERGED_REPLICATE_CALL_ANNOTATE_PEAKS:PLOT_MACS2_QC,1780852856000,1780852867000,32,660.4,Intel(R) Xeon(R) Platinum 8275CL CPU @ 3.00GHz,45097156608.0,,,8.500235922067904e-05,4.6456666666666665e-05,0.025634510048032414,0.025634510048032414,0.0,195.0,
261,NFCORE_ATACSEQ:ATACSEQ:MERGED_REPLICATE_CONSENSUS_PEAKS:SUBREAD_FEATURECOUNTS,1780852876000,1780852900000,32,1027.8,Intel(R) Xeon(R) Platinum 8275CL CPU @ 3.00GHz,45097156608.0,,,0.0002886363905303031,0.00010136,0.0760492961534091,0.0760492961534091,0.0,195.0,
262,NFCORE_ATACSEQ:ATACSEQ:MERGED_REPLICATE_CONSENSUS_PEAKS:DESEQ2_QC,1780852916000,1780852947000,32,403.8,Intel(R) Xeon(R) Platinum 8275CL CPU @ 3.00GHz,45097156608.0,,,0.00014647356041140575,0.00013092333333333334,0.054092394280224124,0.054092394280224124,0.0,195.0,
256,NFCORE_ATACSEQ:ATACSEQ:MERGED_REPLICATE_CALL_ANNOTATE_PEAKS:HOMER_ANNOTATEPEAKS,1780852868000,1780852957000,32,99.3,Intel(R) Xeon(R) Platinum 8275CL CPU @ 3.00GHz,45097156608.0,,,0.00010341189225326181,0.0003758766666666666,0.09346126898938605,0.09346126898938605,0.0,195.0,
264,NFCORE_ATACSEQ:ATACSEQ:MERGED_REPLICATE_CALL_ANNOTATE_PEAKS:PLOT_HOMER_ANNOTATEPEAKS,1780852976000,1780852986000,32,420.4,Intel(R) Xeon(R) Platinum 8275CL CPU @ 3.00GHz,45097156608.0,,,4.91919385171156e-05,4.2233333333333334e-05,0.017827928010837542,0.017827928010837542,0.0,195.0,
260,NFCORE_ATACSEQ:ATACSEQ:MERGED_REPLICATE_CONSENSUS_PEAKS:HOMER_ANNOTATEPEAKS,1780852901000,1780852985000,32,100.1,Intel(R) Xeon(R) Platinum 8275CL CPU @ 3.00GHz,45097156608.0,,,9.625276435185184e-05,0.00033614000000000007,0.08431658904861113,0.08431658904861113,0.0,195.0,
263,NFCORE_ATACSEQ:ATACSEQ:MERGED_REPLICATE_BAM_TO_BIGWIG:UCSC_BEDGRAPHTOBIGWIG,1780852916000,1780853009000,1,96.7,Intel(R) Xeon(R) Platinum 8275CL CPU @ 3.00GHz,6442450944.0,,,0.0001052302621974958,5.6109999999999996e-05,0.031461351128511686,0.031461351128511686,0.0,195.0,
265,NFCORE_ATACSEQ:ATACSEQ:IGV,1780853016000,1780853024000,1,82.6,Intel(R) Xeon(R) Platinum 8275CL CPU @ 3.00GHz,6442450944.0,,,7.732167690796858e-06,4.826666666666666e-06,0.002448972699705387,0.002448972699705387,0.0,195.0,
266,NFCORE_ATACSEQ:ATACSEQ:CUSTOM_DUMPSOFTWAREVERSIONS,1780853046000,1780853051000,1,79.9,Intel(R) Xeon(R) Platinum 8275CL CPU @ 3.00GHz,6442450944.0,,,4.6746383058010675e-06,3.0166666666666664e-06,0.001499804469631208,0.001499804469631208,0.0,195.0,
257,NFCORE_ATACSEQ:ATACSEQ:MERGED_REPLICATE_CALL_ANNOTATE_PEAKS:FRIP_SCORE,1780852856000,1780853100000,32,114.9,Intel(R) Xeon(R) Platinum 8275CL CPU @ 3.00GHz,45097156608.0,,,0.00032092954667508423,0.0009764066666666667,0.3960597316878157,0.3960597316878157,0.0,195.0,
267,NFCORE_ATACSEQ:ATACSEQ:MERGED_REPLICATE_CALL_ANNOTATE_PEAKS:MULTIQC_CUSTOM_PEAKS,1780853256000,1780853261000,1,89.5,Intel(R) Xeon(R) Platinum 8275CL CPU @ 3.00GHz,6442450944.0,,,5.122628805415264e-06,2.858333333333334e-06,0.0015562876170559766,0.0015562876170559766,0.0,195.0,
268,NFCORE_ATACSEQ:ATACSEQ:MULTIQC,1780853276000,1780853329000,32,265.6,Intel(R) Xeon(R) Platinum 8275CL CPU @ 3.00GHz,45097156608.0,,,0.0001647157659652077,0.00022383666666666663,0.0757677243632155,0.0757677243632155,0.0,195.0,
