task;hash;inputs;inputSize;outputs;outputSize;usedBy
NFCORE_ATACSEQ:ATACSEQ:PREPARE_GENOME:CUSTOM_GETCHROMSIZES (genome.fa);64b77c892561a178970fd3d81b28bbbe;1;3157608038;3;1248;27
NFCORE_ATACSEQ:ATACSEQ:PREPARE_GENOME:GTF2BED (genes.gtf);2221215a9c16344daa4a689462366864;1;142063633;2;8097915;7
NFCORE_ATACSEQ:ATACSEQ:INPUT_CHECK:SAMPLESHEET_CHECK (samplesheet_full.csv);646f5ca0322870ab973ba52b87bad30e;1;853;2;1012;0
NFCORE_ATACSEQ:ATACSEQ:FASTQ_FASTQC_UMITOOLS_TRIMGALORE:TRIMGALORE (GM12878_FAST_REP1_T1);94c9b3d55111a052e911b25fe893f6bd;2;455494428;9;432412387;2
NFCORE_ATACSEQ:ATACSEQ:FASTQ_FASTQC_UMITOOLS_TRIMGALORE:FASTQC (GM12878_FAST_REP1_T1);587a5f2fc181687de12b9ed905b0b4cd;2;455494428;5;1854427;1
NFCORE_ATACSEQ:ATACSEQ:FASTQ_FASTQC_UMITOOLS_TRIMGALORE:TRIMGALORE (GM12878_FAST_REP2_T1);9234b390be2d64bbbc36737a13388a6f;2;801187459;9;763883488;2
NFCORE_ATACSEQ:ATACSEQ:FASTQ_FASTQC_UMITOOLS_TRIMGALORE:FASTQC (GM12878_FAST_REP2_T1);316b4e640922d1ea4c4924c2d2249528;2;801187459;5;1876018;1
NFCORE_ATACSEQ:ATACSEQ:FASTQ_FASTQC_UMITOOLS_TRIMGALORE:TRIMGALORE (GM12878_OMNI_REP1_T1);226d2e5a959a4244503afc2b68f74969;2;3259653689;9;3085456116;2
NFCORE_ATACSEQ:ATACSEQ:FASTQ_FASTQC_UMITOOLS_TRIMGALORE:FASTQC (GM12878_OMNI_REP1_T1);011388b6e7951f2bf4fe2ce86d0d151b;2;3259653689;5;1916033;1
NFCORE_ATACSEQ:ATACSEQ:FASTQ_FASTQC_UMITOOLS_TRIMGALORE:TRIMGALORE (GM12878_OMNI_REP2_T1);559a6e19626aa2ec1aa5abe86d62efd9;2;2696661891;9;2547019797;2
NFCORE_ATACSEQ:ATACSEQ:FASTQ_FASTQC_UMITOOLS_TRIMGALORE:FASTQC (GM12878_OMNI_REP2_T1);41e49c687dff72ff71fc795ca9920da9;2;2696661891;5;1916021;1
NFCORE_ATACSEQ:ATACSEQ:FASTQ_FASTQC_UMITOOLS_TRIMGALORE:TRIMGALORE (GM12878_STD_REP1_T1);35ec0fbea8552da375362fd5b55f0570;2;2402740257;9;2240186399;2
NFCORE_ATACSEQ:ATACSEQ:FASTQ_FASTQC_UMITOOLS_TRIMGALORE:FASTQC (GM12878_STD_REP1_T1);bfec35203edc42f79972833759fcc6c7;2;2402740257;5;1916991;1
NFCORE_ATACSEQ:ATACSEQ:FASTQ_FASTQC_UMITOOLS_TRIMGALORE:FASTQC (GM12878_STD_REP2_T1);176bcf6759370de44b4ce3d27fee80bc;2;2286351475;5;1900224;1
NFCORE_ATACSEQ:ATACSEQ:FASTQ_FASTQC_UMITOOLS_TRIMGALORE:TRIMGALORE (GM12878_STD_REP2_T1);492694a5e70cd2397e284d4579963083;2;2286351475;9;2148023869;2
NFCORE_ATACSEQ:ATACSEQ:PREPARE_GENOME:TSS_EXTRACT;4c12c89fbf2ceff672b62e86353d9de1;1;8097849;2;2132999;12
NFCORE_ATACSEQ:ATACSEQ:PREPARE_GENOME:GET_AUTOSOMES (genome.fa.fai);0445a35bc7f7314dd2bef08740a6337c;1;783;2;196;6
NFCORE_ATACSEQ:ATACSEQ:PREPARE_GENOME:GENOME_BLACKLIST_REGIONS (genome.fa.sizes);e651907d13c0645b7cf706370afe866d;2;19162;2;9953;6
NFCORE_ATACSEQ:ATACSEQ:FASTQ_ALIGN_BWA:BWA_MEM (GM12878_FAST_REP1_T1);4b043d040330c5134c2269d13e7aefe0;3;9005587410;2;682842929;1
NFCORE_ATACSEQ:ATACSEQ:FASTQ_ALIGN_BWA:BWA_MEM (GM12878_FAST_REP2_T1);3e6fde9b40fc1cbb8e8690570bdaa84f;3;9337051865;2;1213189129;1
NFCORE_ATACSEQ:ATACSEQ:FASTQ_ALIGN_BWA:BAM_SORT_STATS_SAMTOOLS:SAMTOOLS_SORT (GM12878_FAST_REP1_T1);d3df5b0f19b62df980ba98eb4c76714f;1;682842834;2;552026917;6
NFCORE_ATACSEQ:ATACSEQ:FASTQ_ALIGN_BWA:BAM_SORT_STATS_SAMTOOLS:SAMTOOLS_INDEX (GM12878_FAST_REP1_T1);6322da621b71d01486ef4b198207f9a9;1;552026817;2;3260469;3
NFCORE_ATACSEQ:ATACSEQ:FASTQ_ALIGN_BWA:BAM_SORT_STATS_SAMTOOLS:SAMTOOLS_SORT (GM12878_FAST_REP2_T1);65678cd9850d239404654a44120812df;1;1213189034;2;932641187;6
NFCORE_ATACSEQ:ATACSEQ:FASTQ_ALIGN_BWA:BAM_SORT_STATS_SAMTOOLS:SAMTOOLS_INDEX (GM12878_FAST_REP2_T1);78d106cc61be9f39e6b4dd6e8129e3f9;1;932641087;2;2614725;3
NFCORE_ATACSEQ:ATACSEQ:FASTQ_ALIGN_BWA:BWA_MEM (GM12878_OMNI_REP2_T1);e0f4bd5f315402047ab2f78af67d0072;3;11120160817;2;3903710271;1
NFCORE_ATACSEQ:ATACSEQ:FASTQ_ALIGN_BWA:BWA_MEM (GM12878_STD_REP2_T1);5dfc3fdfa6ffacdd91991313f3714661;3;10721156119;2;3408540412;1
NFCORE_ATACSEQ:ATACSEQ:FASTQ_ALIGN_BWA:BWA_MEM (GM12878_STD_REP1_T1);e2574b737de03abdb2517a80ace65e06;3;10813323362;2;3556277245;0
NFCORE_ATACSEQ:ATACSEQ:FASTQ_ALIGN_BWA:BWA_MEM (GM12878_OMNI_REP1_T1);bf25f4ee39ef02565aa74f188de6fc89;3;11658597684;2;4734227565;1
NFCORE_ATACSEQ:ATACSEQ:FASTQ_ALIGN_BWA:BAM_SORT_STATS_SAMTOOLS:SAMTOOLS_SORT (GM12878_STD_REP2_T1);24803edd5b180bf5807840801f8dbeeb;1;3408540317;2;1746243299;6
NFCORE_ATACSEQ:ATACSEQ:FASTQ_ALIGN_BWA:BAM_SORT_STATS_SAMTOOLS:SAMTOOLS_SORT (GM12878_STD_REP1_T1);9d65fca28309347a2d79d0c2d342556c;1;3556277150;2;1833055187;5
NFCORE_ATACSEQ:ATACSEQ:FASTQ_ALIGN_BWA:BAM_SORT_STATS_SAMTOOLS:SAMTOOLS_INDEX (GM12878_STD_REP2_T1);376be902a7d8cb1372f7737ef9410375;1;1746243199;2;3493621;3
NFCORE_ATACSEQ:ATACSEQ:FASTQ_ALIGN_BWA:BAM_SORT_STATS_SAMTOOLS:SAMTOOLS_INDEX (GM12878_STD_REP1_T1);6f60e3d494e7b22289959afd0dfd1a38;1;1833055087;2;3433085;3
NFCORE_ATACSEQ:ATACSEQ:FASTQ_ALIGN_BWA:BAM_SORT_STATS_SAMTOOLS:SAMTOOLS_SORT (GM12878_OMNI_REP2_T1);24c46dc1eb027ce471b18d4c10729862;1;3903710176;2;2903657701;5
NFCORE_ATACSEQ:ATACSEQ:FASTQ_ALIGN_BWA:BAM_SORT_STATS_SAMTOOLS:SAMTOOLS_INDEX (GM12878_OMNI_REP2_T1);7bf98f53ef9a5c61b6f6843d75c762fb;1;2903657601;2;2654773;3
NFCORE_ATACSEQ:ATACSEQ:FASTQ_ALIGN_BWA:BAM_SORT_STATS_SAMTOOLS:SAMTOOLS_SORT (GM12878_OMNI_REP1_T1);7e2b8a6bb97833663c3677515821aead;1;4734227470;2;3485637179;6
NFCORE_ATACSEQ:ATACSEQ:FASTQ_ALIGN_BWA:BAM_SORT_STATS_SAMTOOLS:SAMTOOLS_INDEX (GM12878_OMNI_REP1_T1);f1cce7935cda9b725cce324f209db660;1;3485637079;2;2682797;3
NFCORE_ATACSEQ:ATACSEQ:PICARD_MERGESAMFILES_LIBRARY (GM12878_FAST_REP1);f1708b8d7e2404799573f43a4a7b3e99;1;552026817;2;552026890;0
NFCORE_ATACSEQ:ATACSEQ:PICARD_MERGESAMFILES_LIBRARY (GM12878_FAST_REP2);59d5ff0b57fe2082b32dcfcf53115671;1;932641087;2;932641160;0
NFCORE_ATACSEQ:ATACSEQ:PICARD_MERGESAMFILES_LIBRARY (GM12878_STD_REP2);fe534d286cd8a552cb285535428bfccc;1;1746243199;2;1746243272;0
NFCORE_ATACSEQ:ATACSEQ:PICARD_MERGESAMFILES_LIBRARY (GM12878_STD_REP1);2bff239c0642bd3bbe5f9c953f7c8a27;1;1833055087;2;1833055160;0
NFCORE_ATACSEQ:ATACSEQ:PICARD_MERGESAMFILES_LIBRARY (GM12878_OMNI_REP2);3ffbf3f76c035b9c1e04ff7caa353b33;1;2903657601;2;2903657674;0
NFCORE_ATACSEQ:ATACSEQ:PICARD_MERGESAMFILES_LIBRARY (GM12878_OMNI_REP1);b55923a57b57e70acdff3d167a633679;1;3485637079;2;3485637152;0
NFCORE_ATACSEQ:ATACSEQ:MERGED_LIBRARY_MARKDUPLICATES_PICARD:PICARD_MARKDUPLICATES (GM12878_OMNI_REP1);d058461182ba5aae9d2a9c878d4e92a6;3;6643245900;3;3644014335;6
NFCORE_ATACSEQ:ATACSEQ:MERGED_LIBRARY_MARKDUPLICATES_PICARD:PICARD_MARKDUPLICATES (GM12878_FAST_REP1);d35184f52f60045028dd1942f3f32d49;3;3709635638;3;577287696;6
NFCORE_ATACSEQ:ATACSEQ:MERGED_LIBRARY_MARKDUPLICATES_PICARD:PICARD_MARKDUPLICATES (GM12878_STD_REP2);796aad9b3aa18d5eaada27a2dbeb477e;3;4903852020;3;1900475504;6
NFCORE_ATACSEQ:ATACSEQ:MERGED_LIBRARY_MARKDUPLICATES_PICARD:PICARD_MARKDUPLICATES (GM12878_STD_REP1);e0b269667be2e6932b453d802f99c6b1;3;4990663908;3;1993348992;7
NFCORE_ATACSEQ:ATACSEQ:MERGED_LIBRARY_MARKDUPLICATES_PICARD:PICARD_MARKDUPLICATES (GM12878_FAST_REP2);eccbd586699ec0c453149bdf25fdfc7c;3;4090249908;3;978966040;6
NFCORE_ATACSEQ:ATACSEQ:MERGED_LIBRARY_MARKDUPLICATES_PICARD:PICARD_MARKDUPLICATES (GM12878_OMNI_REP2);9bb040fbb8320572944557675ba2599d;3;6061266422;3;3033794741;6
NFCORE_ATACSEQ:ATACSEQ:FASTQ_ALIGN_BWA:BAM_SORT_STATS_SAMTOOLS:BAM_STATS_SAMTOOLS:SAMTOOLS_IDXSTATS (GM12878_FAST_REP1_T1);7b7a7c310f628ae124cd435227d8214d;2;555287185;2;793;1
NFCORE_ATACSEQ:ATACSEQ:FASTQ_ALIGN_BWA:BAM_SORT_STATS_SAMTOOLS:BAM_STATS_SAMTOOLS:SAMTOOLS_FLAGSTAT (GM12878_FAST_REP1_T1);0a32f2f4d71a9b385d4bbfad1821f604;2;555287185;2;650;1
NFCORE_ATACSEQ:ATACSEQ:FASTQ_ALIGN_BWA:BAM_SORT_STATS_SAMTOOLS:BAM_STATS_SAMTOOLS:SAMTOOLS_STATS (GM12878_FAST_REP1_T1);768d2079e491ebf35500fded9c91933b;3;3712895223;2;80810;1
NFCORE_ATACSEQ:ATACSEQ:FASTQ_ALIGN_BWA:BAM_SORT_STATS_SAMTOOLS:BAM_STATS_SAMTOOLS:SAMTOOLS_IDXSTATS (GM12878_FAST_REP2_T1);8e2740fcd553d5c7f7d324d73417cfb4;2;935255711;2;809;1
NFCORE_ATACSEQ:ATACSEQ:FASTQ_ALIGN_BWA:BAM_SORT_STATS_SAMTOOLS:BAM_STATS_SAMTOOLS:SAMTOOLS_IDXSTATS (GM12878_STD_REP2_T1);af6717aba6be0391bede21f90adffb78;2;1749736719;2;805;1
NFCORE_ATACSEQ:ATACSEQ:FASTQ_ALIGN_BWA:BAM_SORT_STATS_SAMTOOLS:BAM_STATS_SAMTOOLS:SAMTOOLS_FLAGSTAT (GM12878_FAST_REP2_T1);3afaefbbddb4966148f9f3452ef1f38f;2;935255711;2;652;1
NFCORE_ATACSEQ:ATACSEQ:FASTQ_ALIGN_BWA:BAM_SORT_STATS_SAMTOOLS:BAM_STATS_SAMTOOLS:SAMTOOLS_IDXSTATS (GM12878_STD_REP1_T1);443596907ac0e3d811d5908e451bdbe3;2;1836488071;2;806;1
NFCORE_ATACSEQ:ATACSEQ:FASTQ_ALIGN_BWA:BAM_SORT_STATS_SAMTOOLS:BAM_STATS_SAMTOOLS:SAMTOOLS_IDXSTATS (GM12878_OMNI_REP2_T1);66e96860aadc852360454b7e6f709d6d;2;2906312273;2;855;1
NFCORE_ATACSEQ:ATACSEQ:FASTQ_ALIGN_BWA:BAM_SORT_STATS_SAMTOOLS:BAM_STATS_SAMTOOLS:SAMTOOLS_FLAGSTAT (GM12878_STD_REP2_T1);625461e84a8b343dfe023278c2786603;2;1749736719;2;653;1
NFCORE_ATACSEQ:ATACSEQ:FASTQ_ALIGN_BWA:BAM_SORT_STATS_SAMTOOLS:BAM_STATS_SAMTOOLS:SAMTOOLS_IDXSTATS (GM12878_OMNI_REP1_T1);fdc890133bc16900bb93c0582105bfec;2;3488319775;2;856;1
NFCORE_ATACSEQ:ATACSEQ:FASTQ_ALIGN_BWA:BAM_SORT_STATS_SAMTOOLS:BAM_STATS_SAMTOOLS:SAMTOOLS_STATS (GM12878_FAST_REP2_T1);e6efc1c6de2055627c041fc8b7c6397e;3;4092863749;2;81704;1
NFCORE_ATACSEQ:ATACSEQ:FASTQ_ALIGN_BWA:BAM_SORT_STATS_SAMTOOLS:BAM_STATS_SAMTOOLS:SAMTOOLS_FLAGSTAT (GM12878_STD_REP1_T1);347e674a356fc28749bea2a94c4572d6;2;1836488071;2;653;1
NFCORE_ATACSEQ:ATACSEQ:FASTQ_ALIGN_BWA:BAM_SORT_STATS_SAMTOOLS:BAM_STATS_SAMTOOLS:SAMTOOLS_FLAGSTAT (GM12878_OMNI_REP2_T1);3f1fd6c37f56e4075f2e3bc186c213f1;2;2906312273;2;655;1
NFCORE_ATACSEQ:ATACSEQ:FASTQ_ALIGN_BWA:BAM_SORT_STATS_SAMTOOLS:BAM_STATS_SAMTOOLS:SAMTOOLS_STATS (GM12878_STD_REP2_T1);ccfe336d69961f7faed8d40c858e58e3;3;4907344757;2;79780;1
NFCORE_ATACSEQ:ATACSEQ:FASTQ_ALIGN_BWA:BAM_SORT_STATS_SAMTOOLS:BAM_STATS_SAMTOOLS:SAMTOOLS_FLAGSTAT (GM12878_OMNI_REP1_T1);ae65e50f71345a6ab666d496ac78ff66;2;3488319775;2;655;1
NFCORE_ATACSEQ:ATACSEQ:FASTQ_ALIGN_BWA:BAM_SORT_STATS_SAMTOOLS:BAM_STATS_SAMTOOLS:SAMTOOLS_STATS (GM12878_STD_REP1_T1);a790ea54565167b4a4c247a8de6bfaf8;3;4994096109;2;79755;1
NFCORE_ATACSEQ:ATACSEQ:FASTQ_ALIGN_BWA:BAM_SORT_STATS_SAMTOOLS:BAM_STATS_SAMTOOLS:SAMTOOLS_STATS (GM12878_OMNI_REP2_T1);c27088849e6ea254944dd2584578e523;3;6063920311;2;91047;1
NFCORE_ATACSEQ:ATACSEQ:FASTQ_ALIGN_BWA:BAM_SORT_STATS_SAMTOOLS:BAM_STATS_SAMTOOLS:SAMTOOLS_STATS (GM12878_OMNI_REP1_T1);748ad6802d0b901629a62373da1aefdb;3;6645927813;2;91990;1
NFCORE_ATACSEQ:ATACSEQ:MERGED_LIBRARY_MARKDUPLICATES_PICARD:SAMTOOLS_INDEX (GM12878_FAST_REP1);b9f0318e1cd451c6f5350ee0dcfd57f9;1;577283823;2;3263146;4
NFCORE_ATACSEQ:ATACSEQ:MERGED_LIBRARY_FILTER_BAM:BAMTOOLS_FILTER (GM12878_FAST_REP1);c2aae00fc60d3982c622af02e22389a2;5;580557184;2;420075972;1
NFCORE_ATACSEQ:ATACSEQ:MERGED_LIBRARY_MARKDUPLICATES_PICARD:SAMTOOLS_INDEX (GM12878_FAST_REP2);d9c4dcfe9eabeb11e555ada01497477c;1;978962107;2;2621634;5
NFCORE_ATACSEQ:ATACSEQ:MERGED_LIBRARY_FILTER_BAM:SAMTOOLS_SORT (GM12878_FAST_REP1);2914bdd46b5dc8c771cd4b9bc1d5527a;1;420075861;2;444749739;1
NFCORE_ATACSEQ:ATACSEQ:MERGED_LIBRARY_FILTER_BAM:BAMTOOLS_FILTER (GM12878_FAST_REP2);ffbe195d180fa3da5c30c808acbce730;5;981593956;2;692173603;0
NFCORE_ATACSEQ:ATACSEQ:MERGED_LIBRARY_FILTER_BAM:BAM_REMOVE_ORPHANS (GM12878_FAST_REP1);627fed7c8f62c1a8942cac4810553d29;1;444749653;2;439032481;1
NFCORE_ATACSEQ:ATACSEQ:MERGED_LIBRARY_FILTER_BAM:BAM_SORT_STATS_SAMTOOLS:SAMTOOLS_SORT (GM12878_FAST_REP1);ee8efa7dd6345b37512a3eddec8fa2db;1;439032388;2;409599353;12
NFCORE_ATACSEQ:ATACSEQ:MERGED_LIBRARY_FILTER_BAM:BAM_SORT_STATS_SAMTOOLS:SAMTOOLS_INDEX (GM12878_FAST_REP1);6169452ea679cd0afdae8d81776a16d9;1;409599243;2;3334215;4
NFCORE_ATACSEQ:ATACSEQ:MERGED_LIBRARY_PICARD_COLLECTMULTIPLEMETRICS (GM12878_FAST_REP1);6650595ec848d1f54a94329e93368a87;3;3567208064;11;64939;1
NFCORE_ATACSEQ:ATACSEQ:MERGED_LIBRARY_DEEPTOOLS_PLOTFINGERPRINT (GM12878_FAST_REP1);c3eeecb6ce119ff496470573299f5d6a;2;412933347;4;1229682;1
NFCORE_ATACSEQ:ATACSEQ:MERGED_LIBRARY_CALL_ANNOTATE_PEAKS:MACS2_CALLPEAK (GM12878_FAST_REP1);adcbf4df1a38d55519104b5a2687ca58;1;409599243;4;981697;5
NFCORE_ATACSEQ:ATACSEQ:MERGED_LIBRARY_CALL_ANNOTATE_PEAKS:HOMER_ANNOTATEPEAKS (GM12878_FAST_REP1);99df1be8238c4371580f1765889086d6;3;3299959904;2;517569;1
NFCORE_ATACSEQ:ATACSEQ:MERGED_LIBRARY_ATAQV_ATAQV (GM12878_FAST_REP1);4da3eb9f786886a4f25825c4ec620bb0;5;582968160;2;526974;1
NFCORE_ATACSEQ:ATACSEQ:MERGED_LIBRARY_CALL_ANNOTATE_PEAKS:FRIP_SCORE (GM12878_FAST_REP1);5d1f3846f1ea40f1bb011b3a69fdaadb;2;409887476;2;143;1
NFCORE_ATACSEQ:ATACSEQ:MERGED_LIBRARY_FILTER_BAM:SAMTOOLS_SORT (GM12878_FAST_REP2);a309b654d782f80db30d03ffcd3b21fe;1;692173492;2;744617564;1
NFCORE_ATACSEQ:ATACSEQ:MERGED_LIBRARY_CALL_ANNOTATE_PEAKS:MULTIQC_CUSTOM_PEAKS (GM12878_FAST_REP1);b96a4bc5f40de9706b5dec093989fc4a;4;289168;3;1067;1
NFCORE_ATACSEQ:ATACSEQ:MERGED_LIBRARY_FILTER_BAM:BAM_REMOVE_ORPHANS (GM12878_FAST_REP2);85cd12ed0c2e29167ce05eed40b75cad;1;744617478;2;735593047;0
NFCORE_ATACSEQ:ATACSEQ:MERGED_LIBRARY_FILTER_BAM:BAM_SORT_STATS_SAMTOOLS:SAMTOOLS_SORT (GM12878_FAST_REP2);f4acecd58db10007f2546b79abb53e2a;1;735592954;2;675106155;12
NFCORE_ATACSEQ:ATACSEQ:MERGED_LIBRARY_FILTER_BAM:BAM_SORT_STATS_SAMTOOLS:SAMTOOLS_INDEX (GM12878_FAST_REP2);485a34269237ff21e940541a752817dc;1;675106045;2;2649679;4
NFCORE_ATACSEQ:ATACSEQ:MERGED_LIBRARY_PICARD_COLLECTMULTIPLEMETRICS (GM12878_FAST_REP2);e0dec9f78a1321bbed89e5c14d174e66;3;3832714866;11;63563;1
NFCORE_ATACSEQ:ATACSEQ:MERGED_LIBRARY_DEEPTOOLS_PLOTFINGERPRINT (GM12878_FAST_REP2);fec1791562ae87471a884c02dfe5ebc4;2;677755613;4;1521110;1
NFCORE_ATACSEQ:ATACSEQ:MERGED_LIBRARY_CALL_ANNOTATE_PEAKS:MACS2_CALLPEAK (GM12878_FAST_REP2);74d669f508a00d8f89adbd1e88e18bf5;1;675106045;4;2852754;7
NFCORE_ATACSEQ:ATACSEQ:MERGED_LIBRARY_MARKDUPLICATES_PICARD:SAMTOOLS_INDEX (GM12878_STD_REP2);d19004e5801b0b6736a45480f3580fa5;1;1900455124;2;3494954;5
NFCORE_ATACSEQ:ATACSEQ:MERGED_LIBRARY_CALL_ANNOTATE_PEAKS:HOMER_ANNOTATEPEAKS (GM12878_FAST_REP2);5300aa3769e86d084868bbc4d66a172b;3;3300505791;2;1489819;1
NFCORE_ATACSEQ:ATACSEQ:MERGED_LIBRARY_ATAQV_ATAQV (GM12878_FAST_REP2);49cfda649c1a6328031836616dcccbd2;5;984550819;2;1111703;1
NFCORE_ATACSEQ:ATACSEQ:MERGED_LIBRARY_CALL_ANNOTATE_PEAKS:FRIP_SCORE (GM12878_FAST_REP2);19b76227c11c14271ab3df356f6406e8;2;675940165;2;143;1
NFCORE_ATACSEQ:ATACSEQ:MERGED_LIBRARY_FILTER_BAM:BAMTOOLS_FILTER (GM12878_STD_REP2);64e770ca3de62dc907dfd2fad897f009;5;1903960293;2;368359725;0
NFCORE_ATACSEQ:ATACSEQ:MERGED_LIBRARY_MARKDUPLICATES_PICARD:SAMTOOLS_INDEX (GM12878_STD_REP1);1a6770b50da5ac72863e65aa881ed3ed;1;1993327765;2;3434994;5
NFCORE_ATACSEQ:ATACSEQ:MERGED_LIBRARY_FILTER_BAM:BAMTOOLS_FILTER (GM12878_STD_REP1);d1dfd4579b3da7c785e3e6a184fa445b;5;1996772974;2;384373615;1
NFCORE_ATACSEQ:ATACSEQ:MERGED_LIBRARY_CALL_ANNOTATE_PEAKS:MULTIQC_CUSTOM_PEAKS (GM12878_FAST_REP2);8330e5a3e6b5b86df6d7fa007308b7c0;4;835055;3;1067;1
NFCORE_ATACSEQ:ATACSEQ:MERGED_LIBRARY_FILTER_BAM:SAMTOOLS_SORT (GM12878_STD_REP2);83e89d882a1882dffbc5c028ff9c8452;1;368359614;2;394700783;1
NFCORE_ATACSEQ:ATACSEQ:MERGED_LIBRARY_MARKDUPLICATES_PICARD:SAMTOOLS_INDEX (GM12878_OMNI_REP2);44309558a96cb06e284262be492ff9e3;1;3033790575;2;2669394;5
NFCORE_ATACSEQ:ATACSEQ:MERGED_LIBRARY_FILTER_BAM:BAM_REMOVE_ORPHANS (GM12878_STD_REP2);e3a179e6525ee581e606176da020c12f;1;394700697;2;388047751;0
NFCORE_ATACSEQ:ATACSEQ:MERGED_LIBRARY_FILTER_BAM:SAMTOOLS_SORT (GM12878_STD_REP1);25f497ada05bd77933414956c2d0af8e;1;384373504;2;411290246;1
NFCORE_ATACSEQ:ATACSEQ:MERGED_LIBRARY_FILTER_BAM:BAMTOOLS_FILTER (GM12878_OMNI_REP2);f36e89eec0e208c03371ce570699bf43;5;3036470184;2;2298656909;1
NFCORE_ATACSEQ:ATACSEQ:MERGED_LIBRARY_FILTER_BAM:BAM_SORT_STATS_SAMTOOLS:SAMTOOLS_SORT (GM12878_STD_REP2);5e2ec4d22fcfe7d27b8b15543934da72;1;388047658;2;357723632;12
NFCORE_ATACSEQ:ATACSEQ:MERGED_LIBRARY_FILTER_BAM:BAM_REMOVE_ORPHANS (GM12878_STD_REP1);01dd6a5800cfc3e88ed31c8e4ad45107;1;411290160;2;404598264;0
NFCORE_ATACSEQ:ATACSEQ:MERGED_LIBRARY_PICARD_COLLECTMULTIPLEMETRICS (GM12878_STD_REP2);cf8fd360cc9b2ed895bf171217607aad;3;3515332343;11;64433;1
NFCORE_ATACSEQ:ATACSEQ:MERGED_LIBRARY_FILTER_BAM:BAM_SORT_STATS_SAMTOOLS:SAMTOOLS_INDEX (GM12878_STD_REP2);ebe6761969c7d895079dfb8231e711b3;1;357723522;2;3547879;4
NFCORE_ATACSEQ:ATACSEQ:MERGED_LIBRARY_DEEPTOOLS_PLOTFINGERPRINT (GM12878_STD_REP2);2deca2da501b36db6185db9adb8e46ad;2;361271290;4;1113476;1
NFCORE_ATACSEQ:ATACSEQ:MERGED_LIBRARY_CALL_ANNOTATE_PEAKS:MACS2_CALLPEAK (GM12878_STD_REP2);ddca693a8602f1afb512fbf0752b1f43;1;357723522;4;6473262;7
NFCORE_ATACSEQ:ATACSEQ:MERGED_LIBRARY_FILTER_BAM:BAM_SORT_STATS_SAMTOOLS:SAMTOOLS_SORT (GM12878_STD_REP1);667cc699026ae05ef1c301f200765967;1;404598171;2;373529365;12
NFCORE_ATACSEQ:ATACSEQ:MERGED_LIBRARY_CALL_ANNOTATE_PEAKS:HOMER_ANNOTATEPEAKS (GM12878_STD_REP2);bea7bd20b813e1cf71ee801a0c3527e4;3;3301571638;2;3361289;1
NFCORE_ATACSEQ:ATACSEQ:MERGED_LIBRARY_CALL_ANNOTATE_PEAKS:FRIP_SCORE (GM12878_STD_REP2);38d99e16569750e1c2784c1919695df5;2;359623489;2;141;1
NFCORE_ATACSEQ:ATACSEQ:MERGED_LIBRARY_ATAQV_ATAQV (GM12878_STD_REP2);c6126147ae2b55f68e2ac8894aa92028;5;1907983003;2;2242343;1
NFCORE_ATACSEQ:ATACSEQ:MERGED_LIBRARY_FILTER_BAM:BAM_SORT_STATS_SAMTOOLS:SAMTOOLS_INDEX (GM12878_STD_REP1);e61f46e7060152484241ba46419a21fd;1;373529255;2;3493287;4
NFCORE_ATACSEQ:ATACSEQ:MERGED_LIBRARY_PICARD_COLLECTMULTIPLEMETRICS (GM12878_STD_REP1);3dd4dafa0dceab69a552b7b99484d3b9;3;3531138076;11;64846;1
NFCORE_ATACSEQ:ATACSEQ:MERGED_LIBRARY_CALL_ANNOTATE_PEAKS:MACS2_CALLPEAK (GM12878_STD_REP1);a931f6a99010ded75aa5507190e09fac;1;373529255;4;6442284;7
NFCORE_ATACSEQ:ATACSEQ:MERGED_LIBRARY_DEEPTOOLS_PLOTFINGERPRINT (GM12878_STD_REP1);93d812fb00beb3e78c5df74261845a40;2;377022431;4;1140176;1
NFCORE_ATACSEQ:ATACSEQ:MERGED_LIBRARY_CALL_ANNOTATE_PEAKS:MULTIQC_CUSTOM_PEAKS (GM12878_STD_REP2);2d8c650b1e1343075b5f127b521b60f6;4;1900900;3;1065;1
NFCORE_ATACSEQ:ATACSEQ:MERGED_LIBRARY_CALL_ANNOTATE_PEAKS:HOMER_ANNOTATEPEAKS (GM12878_STD_REP1);1e1338e51283d4ec029b064807785f53;3;3301562696;2;3344038;1
NFCORE_ATACSEQ:ATACSEQ:MERGED_LIBRARY_ATAQV_ATAQV (GM12878_STD_REP1);6d7ffb92cf66af023cf9e6b92b773254;5;2000786742;2;2230313;1
NFCORE_ATACSEQ:ATACSEQ:MERGED_LIBRARY_CALL_ANNOTATE_PEAKS:FRIP_SCORE (GM12878_STD_REP1);1e376ca9308430883111ab47c0a4bb5f;2;375420280;2;141;0
NFCORE_ATACSEQ:ATACSEQ:MERGED_LIBRARY_MARKDUPLICATES_PICARD:SAMTOOLS_INDEX (GM12878_OMNI_REP1);4a28533695b7c1a5780f3972c3500411;1;3644010095;2;2691114;5
NFCORE_ATACSEQ:ATACSEQ:MERGED_LIBRARY_CALL_ANNOTATE_PEAKS:MULTIQC_CUSTOM_PEAKS (GM12878_STD_REP1);cf8ba1528f54e0f8ca90c5a99ba10c90;4;1891958;3;1065;1
NFCORE_ATACSEQ:ATACSEQ:MERGED_LIBRARY_FILTER_BAM:BAMTOOLS_FILTER (GM12878_OMNI_REP1);aba911a07c5d75a98bb4a1c3cace6701;5;3646711424;2;2767548295;0
NFCORE_ATACSEQ:ATACSEQ:MERGED_LIBRARY_MARKDUPLICATES_PICARD:BAM_STATS_SAMTOOLS:SAMTOOLS_IDXSTATS (GM12878_FAST_REP1);e004a526b187fb7919b03e96a07519ec;2;580546871;2;790;1
NFCORE_ATACSEQ:ATACSEQ:MERGED_LIBRARY_MARKDUPLICATES_PICARD:BAM_STATS_SAMTOOLS:SAMTOOLS_IDXSTATS (GM12878_FAST_REP2);75fd785ce698fc5f99b63642925826f7;2;981583643;2;806;1
NFCORE_ATACSEQ:ATACSEQ:MERGED_LIBRARY_MARKDUPLICATES_PICARD:BAM_STATS_SAMTOOLS:SAMTOOLS_STATS (GM12878_FAST_REP1);d03cf60b11e317f9b2bb6344a3da817d;3;3738154909;2;80819;1
NFCORE_ATACSEQ:ATACSEQ:MERGED_LIBRARY_MARKDUPLICATES_PICARD:BAM_STATS_SAMTOOLS:SAMTOOLS_FLAGSTAT (GM12878_FAST_REP1);903b4de21f37bfe6546f0e4aa6191153;2;580546871;2;659;1
NFCORE_ATACSEQ:ATACSEQ:MERGED_LIBRARY_MARKDUPLICATES_PICARD:BAM_STATS_SAMTOOLS:SAMTOOLS_IDXSTATS (GM12878_STD_REP2);f27d326dbf24577eca69bd8786cadee8;2;1903949980;2;802;1
NFCORE_ATACSEQ:ATACSEQ:MERGED_LIBRARY_MARKDUPLICATES_PICARD:BAM_STATS_SAMTOOLS:SAMTOOLS_IDXSTATS (GM12878_STD_REP1);2b9866d242f23016a1807259d63d35bc;2;1996762661;2;803;1
NFCORE_ATACSEQ:ATACSEQ:MERGED_LIBRARY_MARKDUPLICATES_PICARD:BAM_STATS_SAMTOOLS:SAMTOOLS_IDXSTATS (GM12878_OMNI_REP2);362d9a849f614edc7c2b8a31e64c0027;2;3036459871;2;852;1
NFCORE_ATACSEQ:ATACSEQ:MERGED_LIBRARY_MARKDUPLICATES_PICARD:BAM_STATS_SAMTOOLS:SAMTOOLS_FLAGSTAT (GM12878_FAST_REP2);e813760b62f1a1bcd66f83aa781ea9b9;2;981583643;2;661;1
NFCORE_ATACSEQ:ATACSEQ:MERGED_LIBRARY_MARKDUPLICATES_PICARD:BAM_STATS_SAMTOOLS:SAMTOOLS_IDXSTATS (GM12878_OMNI_REP1);5dbc5d2bd518fd3ff9922d0f8af0e2bf;2;3646701111;2;853;1
NFCORE_ATACSEQ:ATACSEQ:MERGED_LIBRARY_MARKDUPLICATES_PICARD:BAM_STATS_SAMTOOLS:SAMTOOLS_STATS (GM12878_FAST_REP2);7234c01d993f548f28a4ae408aad4976;3;4139191681;2;81703;1
NFCORE_ATACSEQ:ATACSEQ:MERGED_LIBRARY_MARKDUPLICATES_PICARD:BAM_STATS_SAMTOOLS:SAMTOOLS_STATS (GM12878_STD_REP2);010fda7c8f926c7c62b48f5f8b50100b;3;5061558018;2;79759;1
NFCORE_ATACSEQ:ATACSEQ:MERGED_LIBRARY_MARKDUPLICATES_PICARD:BAM_STATS_SAMTOOLS:SAMTOOLS_STATS (GM12878_STD_REP1);e5f9f9127c5301bd8ec70f29a159653d;3;5154370699;2;79732;1
NFCORE_ATACSEQ:ATACSEQ:MERGED_LIBRARY_MARKDUPLICATES_PICARD:BAM_STATS_SAMTOOLS:SAMTOOLS_FLAGSTAT (GM12878_STD_REP2);6d1fe9c6fd619a0d8b9efb5c88a577fd;2;1903949980;2;664;1
NFCORE_ATACSEQ:ATACSEQ:MERGED_LIBRARY_MARKDUPLICATES_PICARD:BAM_STATS_SAMTOOLS:SAMTOOLS_STATS (GM12878_OMNI_REP2);800bf3afab52c4f9d15737d5c43705fe;3;6194067909;2;91058;1
NFCORE_ATACSEQ:ATACSEQ:MERGED_LIBRARY_MARKDUPLICATES_PICARD:BAM_STATS_SAMTOOLS:SAMTOOLS_FLAGSTAT (GM12878_STD_REP1);47018937ccb36e7898e6a264c9169f5e;2;1996762661;2;664;1
NFCORE_ATACSEQ:ATACSEQ:MERGED_LIBRARY_MARKDUPLICATES_PICARD:BAM_STATS_SAMTOOLS:SAMTOOLS_STATS (GM12878_OMNI_REP1);9f07e641a8663166f6a0df131bf019a0;3;6804309149;2;92000;1
NFCORE_ATACSEQ:ATACSEQ:MERGED_LIBRARY_MARKDUPLICATES_PICARD:BAM_STATS_SAMTOOLS:SAMTOOLS_FLAGSTAT (GM12878_OMNI_REP2);bd0222a4c5152d32ecc8813d82959a3c;2;3036459871;2;664;1
NFCORE_ATACSEQ:ATACSEQ:MERGED_LIBRARY_MARKDUPLICATES_PICARD:BAM_STATS_SAMTOOLS:SAMTOOLS_FLAGSTAT (GM12878_OMNI_REP1);bd7b03dee0961864eec407760a62ba11;2;3646701111;2;664;1
NFCORE_ATACSEQ:ATACSEQ:MERGED_LIBRARY_FILTER_BAM:SAMTOOLS_SORT (GM12878_OMNI_REP2);ea8f8ebd307ffbbb9666d3d1f4376fee;1;2298656798;2;2887381139;1
NFCORE_ATACSEQ:ATACSEQ:MERGED_LIBRARY_FILTER_BAM:BAM_REMOVE_ORPHANS (GM12878_OMNI_REP2);fae718b45d5b7ff9706e2e9cd527d606;1;2887381053;2;2801508603;1
NFCORE_ATACSEQ:ATACSEQ:MERGED_LIBRARY_FILTER_BAM:SAMTOOLS_SORT (GM12878_OMNI_REP1);af875396a7376e8433f4d25bd75d12b5;1;2767548184;2;3527766744;0
NFCORE_ATACSEQ:ATACSEQ:MERGED_LIBRARY_FILTER_BAM:BAM_SORT_STATS_SAMTOOLS:SAMTOOLS_SORT (GM12878_OMNI_REP2);141d8e2e65025d09275712ec5ae63886;1;2801508510;2;2198737045;12
NFCORE_ATACSEQ:ATACSEQ:MERGED_LIBRARY_FILTER_BAM:BAM_SORT_STATS_SAMTOOLS:SAMTOOLS_INDEX (GM12878_OMNI_REP2);a3e02b396f65461bad5c4b141ed3faf6;1;2198736935;2;2543343;4
NFCORE_ATACSEQ:ATACSEQ:MERGED_LIBRARY_PICARD_COLLECTMULTIPLEMETRICS (GM12878_OMNI_REP2);f4813b0266f290fa1983e53d121070e5;3;5356345756;11;74068;1
NFCORE_ATACSEQ:ATACSEQ:MERGED_LIBRARY_FILTER_BAM:BAM_REMOVE_ORPHANS (GM12878_OMNI_REP1);2ad3e7ae907dcc925ad8ea5539f6c238;1;3527766658;2;3422306200;1
NFCORE_ATACSEQ:ATACSEQ:MERGED_LIBRARY_DEEPTOOLS_PLOTFINGERPRINT (GM12878_OMNI_REP2);9feb44551f3deaee9423819a3a998c97;2;2201280167;4;1846147;1
NFCORE_ATACSEQ:ATACSEQ:MERGED_LIBRARY_CALL_ANNOTATE_PEAKS:MACS2_CALLPEAK (GM12878_OMNI_REP2);a334df66b1db3b17876cf3c5c75b7c59;1;2198736935;4;25460792;7
NFCORE_ATACSEQ:ATACSEQ:MERGED_LIBRARY_CALL_ANNOTATE_PEAKS:HOMER_ANNOTATEPEAKS (GM12878_OMNI_REP2);69275972c0fa238a093934e63f8b3716;3;3307091925;2;13247800;1
NFCORE_ATACSEQ:ATACSEQ:MERGED_LIBRARY_ATAQV_ATAQV (GM12878_OMNI_REP2);08f890ccfea56a60b4d91464ee007ba6;5;3046013181;2;8243596;1
NFCORE_ATACSEQ:ATACSEQ:MERGED_LIBRARY_CALL_ANNOTATE_PEAKS:FRIP_SCORE (GM12878_OMNI_REP2);9ddae28537d356ba44a44258fd6c0bce;2;2206157189;2;141;1
NFCORE_ATACSEQ:ATACSEQ:MERGED_LIBRARY_FILTER_BAM:BAM_SORT_STATS_SAMTOOLS:SAMTOOLS_SORT (GM12878_OMNI_REP1);9e11b70a90b6784f2b0d285efc050dcb;1;3422306107;2;2645936163;12
NFCORE_ATACSEQ:ATACSEQ:MERGED_LIBRARY_FILTER_BAM:BAM_SORT_STATS_SAMTOOLS:SAMTOOLS_INDEX (GM12878_OMNI_REP1);e36ca64698e260bc74b5ad53c98d756c;1;2645936053;2;2519687;3
NFCORE_ATACSEQ:ATACSEQ:MERGED_LIBRARY_PICARD_COLLECTMULTIPLEMETRICS (GM12878_OMNI_REP1);93e42cc40bd11fc1acba385c4f591df9;3;5803544874;11;75470;1
NFCORE_ATACSEQ:ATACSEQ:PICARD_MERGESAMFILES_REPLICATE (GM12878_FAST);d717e6718a10d0c0aa997a1dbe54be84;2;1084705288;2;1112278369;1
NFCORE_ATACSEQ:ATACSEQ:PICARD_MERGESAMFILES_REPLICATE (GM12878_STD);82155da140328a9b07f0f74e7e5f10e4;2;731252777;2;746722579;1
NFCORE_ATACSEQ:ATACSEQ:PICARD_MERGESAMFILES_REPLICATE (GM12878_OMNI);7d60175f05a9913961fe7c5295514d24;2;4844672988;2;4894117541;1
NFCORE_ATACSEQ:ATACSEQ:MERGED_LIBRARY_DEEPTOOLS_PLOTFINGERPRINT (GM12878_OMNI_REP1);a88bcc993b9053cf726e3e3477601052;2;2648455629;4;1949575;1
NFCORE_ATACSEQ:ATACSEQ:MERGED_LIBRARY_CALL_ANNOTATE_PEAKS:MACS2_CALLPEAK (GM12878_OMNI_REP1);814e212945bdd7e4e669af270b4eb78e;1;2645936053;4;26407639;6
NFCORE_ATACSEQ:ATACSEQ:MERGED_LIBRARY_FILTER_BAM:BAM_SORT_STATS_SAMTOOLS:BAM_STATS_SAMTOOLS:SAMTOOLS_FLAGSTAT (GM12878_FAST_REP1);fb5fc621b6f1581e9f14f0a53e71c77a;2;412933347;2;643;1
NFCORE_ATACSEQ:ATACSEQ:MERGED_LIBRARY_FILTER_BAM:BAM_SORT_STATS_SAMTOOLS:BAM_STATS_SAMTOOLS:SAMTOOLS_STATS (GM12878_FAST_REP1);bc63ec46a01c2b25341aa9169915cac3;3;3570541385;2;61152;1
NFCORE_ATACSEQ:ATACSEQ:MERGED_LIBRARY_FILTER_BAM:BAM_SORT_STATS_SAMTOOLS:BAM_STATS_SAMTOOLS:SAMTOOLS_FLAGSTAT (GM12878_FAST_REP2);e5fe314716033d5049cc973abdb8e877;2;677755613;2;650;1
NFCORE_ATACSEQ:ATACSEQ:MERGED_LIBRARY_FILTER_BAM:BAM_SORT_STATS_SAMTOOLS:BAM_STATS_SAMTOOLS:SAMTOOLS_IDXSTATS (GM12878_FAST_REP1);63590aed67cd289c06e51cb2ad532439;2;412933347;2;733;1
NFCORE_ATACSEQ:ATACSEQ:MERGED_LIBRARY_FILTER_BAM:BAM_SORT_STATS_SAMTOOLS:BAM_STATS_SAMTOOLS:SAMTOOLS_FLAGSTAT (GM12878_STD_REP2);08d0684496515ac70e74b52ff55cbec7;2;361271290;2;643;1
NFCORE_ATACSEQ:ATACSEQ:MERGED_LIBRARY_FILTER_BAM:BAM_SORT_STATS_SAMTOOLS:BAM_STATS_SAMTOOLS:SAMTOOLS_STATS (GM12878_FAST_REP2);f7839dee18fb6b02067ea2d3e2cd4396;3;3835363651;2;62934;1
NFCORE_ATACSEQ:ATACSEQ:MERGED_LIBRARY_FILTER_BAM:BAM_SORT_STATS_SAMTOOLS:BAM_STATS_SAMTOOLS:SAMTOOLS_FLAGSTAT (GM12878_STD_REP1);337adcce55425e148852372ffa632f15;2;377022431;2;643;1
NFCORE_ATACSEQ:ATACSEQ:MERGED_LIBRARY_FILTER_BAM:BAM_SORT_STATS_SAMTOOLS:BAM_STATS_SAMTOOLS:SAMTOOLS_IDXSTATS (GM12878_FAST_REP2);3d4fcdaf9915fd9d3cb3753194ae72f0;2;677755613;2;737;1
NFCORE_ATACSEQ:ATACSEQ:MERGED_LIBRARY_FILTER_BAM:BAM_SORT_STATS_SAMTOOLS:BAM_STATS_SAMTOOLS:SAMTOOLS_STATS (GM12878_STD_REP2);f1071346969a49b3e2bf47210b811c35;3;3518879328;2;64320;1
NFCORE_ATACSEQ:ATACSEQ:MERGED_LIBRARY_FILTER_BAM:BAM_SORT_STATS_SAMTOOLS:BAM_STATS_SAMTOOLS:SAMTOOLS_FLAGSTAT (GM12878_OMNI_REP2);88e1200426b7fcec0a373773bd32d13f;2;2201280167;2;652;1
NFCORE_ATACSEQ:ATACSEQ:MERGED_LIBRARY_FILTER_BAM:BAM_SORT_STATS_SAMTOOLS:BAM_STATS_SAMTOOLS:SAMTOOLS_FLAGSTAT (GM12878_OMNI_REP1);29e4f8365feac486ed9e9466275aeb06;2;2648455629;2;652;1
NFCORE_ATACSEQ:ATACSEQ:MERGED_LIBRARY_FILTER_BAM:BAM_SORT_STATS_SAMTOOLS:BAM_STATS_SAMTOOLS:SAMTOOLS_STATS (GM12878_STD_REP1);344f01cfff72282831b494912a347eb6;3;3534630469;2;63826;1
NFCORE_ATACSEQ:ATACSEQ:MERGED_LIBRARY_FILTER_BAM:BAM_SORT_STATS_SAMTOOLS:BAM_STATS_SAMTOOLS:SAMTOOLS_IDXSTATS (GM12878_STD_REP2);a87fff782eb823da145ba8a092110bbc;2;361271290;2;733;1
NFCORE_ATACSEQ:ATACSEQ:MERGED_LIBRARY_FILTER_BAM:BAM_SORT_STATS_SAMTOOLS:BAM_STATS_SAMTOOLS:SAMTOOLS_STATS (GM12878_OMNI_REP2);42007221d5e55d52710b12eeb8023e7d;3;5358888205;2;80213;1
NFCORE_ATACSEQ:ATACSEQ:MERGED_LIBRARY_FILTER_BAM:BAM_SORT_STATS_SAMTOOLS:BAM_STATS_SAMTOOLS:SAMTOOLS_IDXSTATS (GM12878_STD_REP1);1a43a3e2ec5c3bd8816c492de31fe45e;2;377022431;2;733;1
NFCORE_ATACSEQ:ATACSEQ:MERGED_LIBRARY_FILTER_BAM:BAM_SORT_STATS_SAMTOOLS:BAM_STATS_SAMTOOLS:SAMTOOLS_STATS (GM12878_OMNI_REP1);f9949e7a08371256ae2140b821eaec5f;3;5806063667;2;82261;1
NFCORE_ATACSEQ:ATACSEQ:MERGED_LIBRARY_FILTER_BAM:BAM_SORT_STATS_SAMTOOLS:BAM_STATS_SAMTOOLS:SAMTOOLS_IDXSTATS (GM12878_OMNI_REP2);616a0ee2970929ab2f6c0eb311f6618f;2;2201280167;2;755;1
NFCORE_ATACSEQ:ATACSEQ:MERGED_LIBRARY_FILTER_BAM:BAM_SORT_STATS_SAMTOOLS:BAM_STATS_SAMTOOLS:SAMTOOLS_IDXSTATS (GM12878_OMNI_REP1);70953f91842b6201ae1a5ec5d44013f4;2;2648455629;2;757;1
NFCORE_ATACSEQ:ATACSEQ:MERGED_LIBRARY_BAM_TO_BIGWIG:BEDTOOLS_GENOMECOV (GM12878_FAST_REP1);35ceb2e7852923a886691900be33c964;2;409599753;3;164485251;0
NFCORE_ATACSEQ:ATACSEQ:MERGED_LIBRARY_BAM_TO_BIGWIG:BEDTOOLS_GENOMECOV (GM12878_STD_REP2);0803f4edda0d8b9c498bc80405faedaf;2;357724032;3;129978197;1
NFCORE_ATACSEQ:ATACSEQ:MERGED_LIBRARY_BAM_TO_BIGWIG:BEDTOOLS_GENOMECOV (GM12878_STD_REP1);d5ec4fb4899ae3ab8a387807b2a49819;2;373529765;3;135584606;0
NFCORE_ATACSEQ:ATACSEQ:MERGED_LIBRARY_BAM_TO_BIGWIG:BEDTOOLS_GENOMECOV (GM12878_FAST_REP2);589807502b9203ce8f0da7ea2dff7757;2;675106562;3;302310047;0
NFCORE_ATACSEQ:ATACSEQ:MERGED_LIBRARY_BAM_TO_BIGWIG:BEDTOOLS_GENOMECOV (GM12878_OMNI_REP2);fceb6a71f72488bdd9200c3933fdb131;2;2198737454;3;1033635409;0
NFCORE_ATACSEQ:ATACSEQ:MERGED_LIBRARY_CALL_ANNOTATE_PEAKS:MULTIQC_CUSTOM_PEAKS (GM12878_OMNI_REP2);dc0ff9a6111e1d450211dd4430657188;4;7421187;3;1066;1
NFCORE_ATACSEQ:ATACSEQ:MERGED_LIBRARY_BAM_TO_BIGWIG:BEDTOOLS_GENOMECOV (GM12878_OMNI_REP1);26739f5c0565da4dc03418ea932b527a;2;2645936572;3;1244172170;0
NFCORE_ATACSEQ:ATACSEQ:MERGED_LIBRARY_BAM_TO_BIGWIG:UCSC_BEDGRAPHTOBIGWIG (GM12878_STD_REP2);9744482a29f1aedb31a45df801f07afa;2;129978469;2;31233676;3
NFCORE_ATACSEQ:ATACSEQ:MERGED_LIBRARY_BAM_TO_BIGWIG:UCSC_BEDGRAPHTOBIGWIG (GM12878_STD_REP1);f4e60dfc7c505b1bcccafb836d820649;2;135584878;2;32403162;3
NFCORE_ATACSEQ:ATACSEQ:MERGED_LIBRARY_BAM_TO_BIGWIG:UCSC_BEDGRAPHTOBIGWIG (GM12878_FAST_REP1);35be7cf71154bc8a9cad118882a9fe81;2;164485523;2;37608132;3
NFCORE_ATACSEQ:ATACSEQ:MERGED_LIBRARY_BIGWIG_PLOT_DEEPTOOLS:DEEPTOOLS_COMPUTEMATRIX_REFERENCE_POINT (GM12878_STD_REP2);77a24bfb0cb645864b920f2979863c2f;2;33366518;3;106856324;0
NFCORE_ATACSEQ:ATACSEQ:MERGED_LIBRARY_BIGWIG_PLOT_DEEPTOOLS:DEEPTOOLS_COMPUTEMATRIX_SCALE_REGIONS (GM12878_STD_REP2);22009dd53d44be756f12e3f26a90b946;2;39331434;3;124212632;0
NFCORE_ATACSEQ:ATACSEQ:MERGED_LIBRARY_BIGWIG_PLOT_DEEPTOOLS:DEEPTOOLS_COMPUTEMATRIX_SCALE_REGIONS (GM12878_STD_REP1);64c35ad381decb04859faac92c8e110a;2;40500920;3;124582395;1
NFCORE_ATACSEQ:ATACSEQ:MERGED_LIBRARY_BIGWIG_PLOT_DEEPTOOLS:DEEPTOOLS_COMPUTEMATRIX_REFERENCE_POINT (GM12878_STD_REP1);b04987949aff47ad2bc66250e9196ab7;2;34536004;3;106852964;0
NFCORE_ATACSEQ:ATACSEQ:MERGED_LIBRARY_BIGWIG_PLOT_DEEPTOOLS:DEEPTOOLS_COMPUTEMATRIX_REFERENCE_POINT (GM12878_FAST_REP1);30e5daa15249f04d128ed91a0f4fce98;2;39740974;3;118183357;0
NFCORE_ATACSEQ:ATACSEQ:MERGED_LIBRARY_BIGWIG_PLOT_DEEPTOOLS:DEEPTOOLS_COMPUTEMATRIX_SCALE_REGIONS (GM12878_FAST_REP1);166f6a31b23d0e13d3b7ea7aeb065783;2;45705890;3;140969631;1
NFCORE_ATACSEQ:ATACSEQ:MERGED_LIBRARY_BAM_TO_BIGWIG:UCSC_BEDGRAPHTOBIGWIG (GM12878_FAST_REP2);8363a3e11c9926645e6b57032afd1307;2;302310318;2;58227791;3
NFCORE_ATACSEQ:ATACSEQ:MERGED_LIBRARY_BIGWIG_PLOT_DEEPTOOLS:DEEPTOOLS_COMPUTEMATRIX_SCALE_REGIONS (GM12878_FAST_REP2);68ca0c4db05beef8f2814641279f14c0;2;66325549;3;173727060;0
NFCORE_ATACSEQ:ATACSEQ:MERGED_LIBRARY_BIGWIG_PLOT_DEEPTOOLS:DEEPTOOLS_COMPUTEMATRIX_REFERENCE_POINT (GM12878_FAST_REP2);1db4d83b3cb79162c6df13c162300380;2;60360633;3;146033609;0
NFCORE_ATACSEQ:ATACSEQ:MERGED_REPLICATE_MARKDUPLICATES_PICARD:PICARD_MARKDUPLICATES (GM12878_STD);8969c2d3439564e47df533eb8af8d767;3;3904331325;3;746951239;7
NFCORE_ATACSEQ:ATACSEQ:MERGED_REPLICATE_MARKDUPLICATES_PICARD:PICARD_MARKDUPLICATES (GM12878_FAST);d12eb0c54545519a4a12709c295ebf8c;3;4269887115;3;1111543325;7
NFCORE_ATACSEQ:ATACSEQ:MERGED_LIBRARY_BAM_TO_BIGWIG:UCSC_BEDGRAPHTOBIGWIG (GM12878_OMNI_REP2);2ea57e1a0ccfe727dc89c4dc1900d28a;2;1033635680;2;209336706;3
NFCORE_ATACSEQ:ATACSEQ:MERGED_LIBRARY_BIGWIG_PLOT_DEEPTOOLS:DEEPTOOLS_PLOTHEATMAP (GM12878_STD_REP1);ee341512471bd7e6d3138e3c7edd5d76;1;5698983;3;6440249;0
NFCORE_ATACSEQ:ATACSEQ:MERGED_LIBRARY_BIGWIG_PLOT_DEEPTOOLS:DEEPTOOLS_PLOTHEATMAP (GM12878_STD_REP2);7407c05982e96368d92edcd70a9c94f7;1;5611611;3;6368705;0
NFCORE_ATACSEQ:ATACSEQ:MERGED_LIBRARY_BIGWIG_PLOT_DEEPTOOLS:DEEPTOOLS_PLOTPROFILE (GM12878_STD_REP2);b9883f578da0b1314e84d1a5c363c532;1;9944671;3;403487;1
NFCORE_ATACSEQ:ATACSEQ:MERGED_LIBRARY_BIGWIG_PLOT_DEEPTOOLS:DEEPTOOLS_PLOTPROFILE (GM12878_STD_REP1);c3e8b781df996910a3c917f65168ee1c;1;10074077;3;403886;1
NFCORE_ATACSEQ:ATACSEQ:MERGED_LIBRARY_BIGWIG_PLOT_DEEPTOOLS:DEEPTOOLS_PLOTHEATMAP (GM12878_FAST_REP1);b297ba6367890c302afff537bf8b8177;1;5672302;3;6790114;0
NFCORE_ATACSEQ:ATACSEQ:MERGED_LIBRARY_BAM_TO_BIGWIG:UCSC_BEDGRAPHTOBIGWIG (GM12878_OMNI_REP1);f96550dace37673e4be9e42d99764866;2;1244172441;2;243860974;3
NFCORE_ATACSEQ:ATACSEQ:MERGED_LIBRARY_CALL_ANNOTATE_PEAKS:HOMER_ANNOTATEPEAKS (GM12878_OMNI_REP1);696d88af075a5dff38c7838c17b250da;3;3307362824;2;13733247;1
NFCORE_ATACSEQ:ATACSEQ:MERGED_LIBRARY_ATAQV_ATAQV (GM12878_OMNI_REP1);d38309c57af9c950295a4fc00824f90e;5;3656525320;2;8542618;1
NFCORE_ATACSEQ:ATACSEQ:MERGED_LIBRARY_CALL_ANNOTATE_PEAKS:FRIP_SCORE (GM12878_OMNI_REP1);71fadac27be975b1c45f03ed9f7b624e;2;2653627206;2;142;0
NFCORE_ATACSEQ:ATACSEQ:MERGED_LIBRARY_CALL_ANNOTATE_PEAKS:PLOT_MACS2_QC;712e8f4ed294223340bcbea8ac9ad976;6;20024752;3;1224179;0
NFCORE_ATACSEQ:ATACSEQ:MERGED_LIBRARY_CONSENSUS_PEAKS:MACS2_CONSENSUS (consensus_peaks);9f8e906adeaa1c59b1d5aec6c38c5aef;6;20024752;6;32345992;3
NFCORE_ATACSEQ:ATACSEQ:MERGED_LIBRARY_BIGWIG_PLOT_DEEPTOOLS:DEEPTOOLS_COMPUTEMATRIX_SCALE_REGIONS (GM12878_OMNI_REP2);3ba7c5b2ec81bbd6aec4cd7a2f67c92b;2;217434464;3;246502847;1
NFCORE_ATACSEQ:ATACSEQ:MERGED_LIBRARY_BIGWIG_PLOT_DEEPTOOLS:DEEPTOOLS_COMPUTEMATRIX_REFERENCE_POINT (GM12878_OMNI_REP2);705f5d8eace530a0e99c40e4f0c8127e;2;211469548;3;209241928;0
NFCORE_ATACSEQ:ATACSEQ:MERGED_REPLICATE_MARKDUPLICATES_PICARD:SAMTOOLS_INDEX (GM12878_STD);d73339e0e7623884d2281557b9c65e2f;1;746949250;2;2575660;3
NFCORE_ATACSEQ:ATACSEQ:MERGED_REPLICATE_CALL_ANNOTATE_PEAKS:MACS2_CALLPEAK (GM12878_STD);6452cd5b47cce71df649331934e89a9b;1;746949250;4;8530963;6
NFCORE_ATACSEQ:ATACSEQ:MERGED_LIBRARY_CONSENSUS_PEAKS:HOMER_ANNOTATEPEAKS (consensus_peaks);af92ef009b00487c18d5ced8d4221cd4;3;3304157113;2;14315504;0
NFCORE_ATACSEQ:ATACSEQ:MERGED_LIBRARY_CONSENSUS_PEAKS:SUBREAD_FEATURECOUNTS (consensus_peaks);0f74eed1a68d8a9e57c3aef2122ddbe1;7;6664907205;3;6331751;2
NFCORE_ATACSEQ:ATACSEQ:MERGED_LIBRARY_BIGWIG_PLOT_DEEPTOOLS:DEEPTOOLS_PLOTPROFILE (GM12878_FAST_REP2);19905b5df5825db3d85d84e1ecdd45e2;1;14652919;3;405806;1
NFCORE_ATACSEQ:ATACSEQ:MERGED_LIBRARY_BIGWIG_PLOT_DEEPTOOLS:DEEPTOOLS_COMPUTEMATRIX_REFERENCE_POINT (GM12878_OMNI_REP1);cc9aadbb761003e55275331b81d66578;2;245993816;3;217842022;0
NFCORE_ATACSEQ:ATACSEQ:MERGED_LIBRARY_BIGWIG_PLOT_DEEPTOOLS:DEEPTOOLS_COMPUTEMATRIX_SCALE_REGIONS (GM12878_OMNI_REP1);a6a84b204aab80f8d0e0e1f8fe131db5;2;251958732;3;257527151;1
NFCORE_ATACSEQ:ATACSEQ:MERGED_LIBRARY_CONSENSUS_PEAKS:DESEQ2_QC (consensus_peaks);6240e449ed1d9bd309c045847f3497d1;3;6332012;10;5566711;1
NFCORE_ATACSEQ:ATACSEQ:MERGED_REPLICATE_CALL_ANNOTATE_PEAKS:HOMER_ANNOTATEPEAKS (GM12878_STD);67b27024a0426949272210f54857dd0a;3;3302153191;2;4504741;1
NFCORE_ATACSEQ:ATACSEQ:MERGED_REPLICATE_CALL_ANNOTATE_PEAKS:FRIP_SCORE (GM12878_STD);2c628bdf4d12b400cc6caa96267a4341;2;749430770;2;138;1
NFCORE_ATACSEQ:ATACSEQ:MERGED_LIBRARY_CALL_ANNOTATE_PEAKS:PLOT_HOMER_ANNOTATEPEAKS;b48b9fa578446bf2a0939b9f761e79a6;7;35693606;4;315552;1
NFCORE_ATACSEQ:ATACSEQ:MERGED_LIBRARY_BIGWIG_PLOT_DEEPTOOLS:DEEPTOOLS_PLOTHEATMAP (GM12878_FAST_REP2);99a782894efd2ff900770789a054aad2;1;7780281;3;8858013;0
NFCORE_ATACSEQ:ATACSEQ:MERGED_REPLICATE_CALL_ANNOTATE_PEAKS:MULTIQC_CUSTOM_PEAKS (GM12878_STD);54c2dcfbcb2a268052d6036630fc1e36;4;2482448;3;1057;1
NFCORE_ATACSEQ:ATACSEQ:MERGED_LIBRARY_BIGWIG_PLOT_DEEPTOOLS:DEEPTOOLS_PLOTPROFILE (GM12878_FAST_REP1);31dd21dfe5de37d392b9f96bdb1a11ab;1;11507425;3;405750;1
NFCORE_ATACSEQ:ATACSEQ:MERGED_REPLICATE_MARKDUPLICATES_PICARD:SAMTOOLS_INDEX (GM12878_FAST);62a0620011ab715b38dec7b3a0b9c63a;1;1111541329;2;2235972;3
NFCORE_ATACSEQ:ATACSEQ:MERGED_REPLICATE_CALL_ANNOTATE_PEAKS:MACS2_CALLPEAK (GM12878_FAST);c922f33d4344484c859828232fdb4d7e;1;1111541329;4;5315273;6
NFCORE_ATACSEQ:ATACSEQ:MERGED_LIBRARY_BIGWIG_PLOT_DEEPTOOLS:DEEPTOOLS_PLOTHEATMAP (GM12878_OMNI_REP2);ea02f5f779c2ab82e05039c1683a34dc;1;19720073;3;20098575;0
NFCORE_ATACSEQ:ATACSEQ:MERGED_LIBRARY_CALL_ANNOTATE_PEAKS:MULTIQC_CUSTOM_PEAKS (GM12878_OMNI_REP1);b2fe968e1e04c5f09954b6f7ccc769b7;4;7692087;3;1067;1
NFCORE_ATACSEQ:ATACSEQ:MERGED_LIBRARY_BIGWIG_PLOT_DEEPTOOLS:DEEPTOOLS_PLOTPROFILE (GM12878_OMNI_REP2);dfbbd99b89391882916e155dbf20915e;1;25272220;3;402546;1
NFCORE_ATACSEQ:ATACSEQ:MERGED_REPLICATE_CALL_ANNOTATE_PEAKS:HOMER_ANNOTATEPEAKS (GM12878_FAST);5f1648a6db73dcebdb21b7a7cc8031fc;3;3301214351;2;2817055;1
NFCORE_ATACSEQ:ATACSEQ:MERGED_REPLICATE_CALL_ANNOTATE_PEAKS:FRIP_SCORE (GM12878_FAST);8dde9b39dbaa7df1a57b36b860c09a67;2;1113084009;2;140;1
NFCORE_ATACSEQ:ATACSEQ:MERGED_LIBRARY_ATAQV_MKARV;e4017d9b8900ccc95c24a7f09f515f85;6;22897127;2;5013508;0
NFCORE_ATACSEQ:ATACSEQ:MERGED_LIBRARY_BIGWIG_PLOT_DEEPTOOLS:DEEPTOOLS_PLOTHEATMAP (GM12878_OMNI_REP1);b606a9b2d9bec067489b0803d4d73fc8;1;21555900;3;21930082;0
NFCORE_ATACSEQ:ATACSEQ:MERGED_REPLICATE_CALL_ANNOTATE_PEAKS:MULTIQC_CUSTOM_PEAKS (GM12878_FAST);a4971c8543822a41487425845a6999ed;4;1543610;3;1060;1
NFCORE_ATACSEQ:ATACSEQ:MERGED_LIBRARY_BIGWIG_PLOT_DEEPTOOLS:DEEPTOOLS_PLOTPROFILE (GM12878_OMNI_REP1);bab774b796cff75bde720a0d2045485d;1;27125619;3;402519;1
NFCORE_ATACSEQ:ATACSEQ:MERGED_REPLICATE_MARKDUPLICATES_PICARD:PICARD_MARKDUPLICATES (GM12878_OMNI);3b174990492bf115e17440b709082d87;3;8051726287;3;4885467111;7
NFCORE_ATACSEQ:ATACSEQ:MERGED_REPLICATE_MARKDUPLICATES_PICARD:SAMTOOLS_INDEX (GM12878_OMNI);f5250160a635528843ec74f67b0c1aed;1;4885465113;2;2888212;1
NFCORE_ATACSEQ:ATACSEQ:MERGED_REPLICATE_CALL_ANNOTATE_PEAKS:MACS2_CALLPEAK (GM12878_OMNI);ecb83e5517c19119c73b5eb4b7e4f7db;1;4885465113;4;29812126;6
NFCORE_ATACSEQ:ATACSEQ:MERGED_REPLICATE_MARKDUPLICATES_PICARD:BAM_STATS_SAMTOOLS:SAMTOOLS_IDXSTATS (GM12878_STD);51a0a2e2dd3aa64d342bba38633b5270;2;749524810;2;726;1
NFCORE_ATACSEQ:ATACSEQ:MERGED_REPLICATE_MARKDUPLICATES_PICARD:BAM_STATS_SAMTOOLS:SAMTOOLS_FLAGSTAT (GM12878_STD);08692967259023c3b5b907ce23ff266a;2;749524810;2;639;1
NFCORE_ATACSEQ:ATACSEQ:MERGED_REPLICATE_MARKDUPLICATES_PICARD:BAM_STATS_SAMTOOLS:SAMTOOLS_STATS (GM12878_STD);7d54345f490268a2f242f50a5bebe8df;3;3907132848;2;67973;1
NFCORE_ATACSEQ:ATACSEQ:MERGED_REPLICATE_MARKDUPLICATES_PICARD:BAM_STATS_SAMTOOLS:SAMTOOLS_IDXSTATS (GM12878_FAST);c71f504f1fc9c72316cdc4ddeb73a313;2;1113777201;2;732;1
NFCORE_ATACSEQ:ATACSEQ:MERGED_REPLICATE_MARKDUPLICATES_PICARD:BAM_STATS_SAMTOOLS:SAMTOOLS_IDXSTATS (GM12878_OMNI);f241ba2f9396276fc19608831e36070c;2;4888353225;2;747;1
NFCORE_ATACSEQ:ATACSEQ:MERGED_REPLICATE_MARKDUPLICATES_PICARD:BAM_STATS_SAMTOOLS:SAMTOOLS_FLAGSTAT (GM12878_FAST);0469f2ec79451308f0b9f4d2465a03c1;2;1113777201;2;641;2
NFCORE_ATACSEQ:ATACSEQ:MERGED_REPLICATE_MARKDUPLICATES_PICARD:BAM_STATS_SAMTOOLS:SAMTOOLS_FLAGSTAT (GM12878_OMNI);da1a3708fdcf75cd384ecd791302426e;2;4888353225;2;648;2
NFCORE_ATACSEQ:ATACSEQ:MERGED_REPLICATE_MARKDUPLICATES_PICARD:BAM_STATS_SAMTOOLS:SAMTOOLS_STATS (GM12878_FAST);2c35d9ed4f5a9150c047e914bcb8f7b4;3;4271385239;2;65289;1
NFCORE_ATACSEQ:ATACSEQ:MERGED_REPLICATE_MARKDUPLICATES_PICARD:BAM_STATS_SAMTOOLS:SAMTOOLS_STATS (GM12878_OMNI);b410869f7e7c4ce846e213535453e46e;3;8045961263;2;87145;1
NFCORE_ATACSEQ:ATACSEQ:MERGED_REPLICATE_BAM_TO_BIGWIG:BEDTOOLS_GENOMECOV (GM12878_FAST);0015b8459ecae401db1a5f64944f5b6e;2;1111541848;3;521653579;1
NFCORE_ATACSEQ:ATACSEQ:MERGED_REPLICATE_BAM_TO_BIGWIG:BEDTOOLS_GENOMECOV (GM12878_STD);a78ae03bf98b7de49b0beb05499d5e02;2;746949767;3;287551953;0
NFCORE_ATACSEQ:ATACSEQ:MERGED_REPLICATE_BAM_TO_BIGWIG:BEDTOOLS_GENOMECOV (GM12878_OMNI);2e35b797676d0cf6c05a6ebe89a2e4fb;2;4885465639;3;2129022001;1
NFCORE_ATACSEQ:ATACSEQ:MERGED_REPLICATE_BAM_TO_BIGWIG:UCSC_BEDGRAPHTOBIGWIG (GM12878_STD);5d6ad0383ba1649b9ea888fa9f02d183;2;287552222;2;56463471;1
NFCORE_ATACSEQ:ATACSEQ:MERGED_REPLICATE_BAM_TO_BIGWIG:UCSC_BEDGRAPHTOBIGWIG (GM12878_FAST);027c34c72effc5cd04d2e51fe5314c20;2;521653848;2;125745114;1
NFCORE_ATACSEQ:ATACSEQ:MERGED_REPLICATE_CALL_ANNOTATE_PEAKS:HOMER_ANNOTATEPEAKS (GM12878_OMNI);a0b20dfdae94a36be20abd2f94880670;3;3308281849;2;15772642;1
NFCORE_ATACSEQ:ATACSEQ:MERGED_REPLICATE_CALL_ANNOTATE_PEAKS:FRIP_SCORE (GM12878_OMNI);00f4772a1a7c81cb4177084c401cd0fd;2;4894075291;2;139;1
NFCORE_ATACSEQ:ATACSEQ:MERGED_REPLICATE_CALL_ANNOTATE_PEAKS:PLOT_MACS2_QC;ad7cdd61167bdeb2afc568cff0f6594e;3;12634378;3;943110;0
NFCORE_ATACSEQ:ATACSEQ:MERGED_REPLICATE_CONSENSUS_PEAKS:MACS2_CONSENSUS (consensus_peaks);84d04555483157f3d5c254fd5268956c;3;12634378;6;24014145;3
NFCORE_ATACSEQ:ATACSEQ:MERGED_REPLICATE_CONSENSUS_PEAKS:HOMER_ANNOTATEPEAKS (consensus_peaks);889243b70d8e34f3fe87641cf3e56d11;3;3304211321;2;14498674;0
NFCORE_ATACSEQ:ATACSEQ:MERGED_REPLICATE_CONSENSUS_PEAKS:SUBREAD_FEATURECOUNTS (consensus_peaks);c811b65efe6a1a8d6e23d0c95651e182;7;6664958945;3;6419003;2
NFCORE_ATACSEQ:ATACSEQ:MERGED_REPLICATE_CONSENSUS_PEAKS:DESEQ2_QC (consensus_peaks);79132367fea33d7c402370595dbcf278;3;6419262;10;5622282;1
NFCORE_ATACSEQ:ATACSEQ:MERGED_REPLICATE_BAM_TO_BIGWIG:UCSC_BEDGRAPHTOBIGWIG (GM12878_OMNI);8da311761a5c939fc185ffc0e3408f78;2;2129022269;2;386867836;1
NFCORE_ATACSEQ:ATACSEQ:MERGED_REPLICATE_CALL_ANNOTATE_PEAKS:PLOT_HOMER_ANNOTATEPEAKS;b6c4d6dee800bffd2805e9b04b44fde2;4;23094567;4;222095;1
NFCORE_ATACSEQ:ATACSEQ:IGV;b37ff5671c3fcd1bd809c523a1d74ad8;22;4381039080;5;3157621424;0
NFCORE_ATACSEQ:ATACSEQ:CUSTOM_DUMPSOFTWAREVERSIONS (1);b081892cc9d8bc5b0c6c958b04e80174;1;10652;3;9742;1
NFCORE_ATACSEQ:ATACSEQ:MERGED_REPLICATE_CALL_ANNOTATE_PEAKS:MULTIQC_CUSTOM_PEAKS (GM12878_OMNI);f01ca8586f5c1acb2e4a159159eeea7a;4;8611107;3;1060;1
NFCORE_ATACSEQ:ATACSEQ:MULTIQC (1);8da0022138a142e271c164b8d9a39edf;179;16962274;4;16058299;0
