task_id	status	name	energy_consumption	CO2e	CO2e_market	carbon_intensity	%cpu	memory	realtime	cpus	powerdraw_cpu	cpu_model	raw_energy_processor	raw_energy_memory
1	COMPLETED	NFCORE_NANOSEQ:NANOSEQ:INPUT_CHECK:SAMPLESHEET_CHECK (samplesheet_full.csv)	1.91 mWh	313.29 ug	-	163.92 gCO₂e/kWh	0.9 %	6.44 GB	2s 1000ms	1	2.5 W	Intel(R) Xeon(R) Platinum 8275CL CPU @ 3.00GHz	18.75 uWh	1.89 mWh
18	COMPLETED	NFCORE_NANOSEQ:NANOSEQ:PREPARE_GENOME:SAMTOOLS_FAIDX (genome.fa)	32.56 mWh	5.34 mg	-	163.92 gCO₂e/kWh	29.4 %	6.44 GB	38s 1000ms	1	2.5 W	Intel(R) Xeon(R) Platinum 8275CL CPU @ 3.00GHz	7.96 mWh	24.6 mWh
17	COMPLETED	NFCORE_NANOSEQ:NANOSEQ:PREPARE_GENOME:SAMTOOLS_FAIDX (genome.fa)	32.54 mWh	5.33 mg	-	163.92 gCO₂e/kWh	29.3 %	6.44 GB	38s 1000ms	1	2.5 W	Intel(R) Xeon(R) Platinum 8275CL CPU @ 3.00GHz	7.94 mWh	24.6 mWh
16	COMPLETED	NFCORE_NANOSEQ:NANOSEQ:PREPARE_GENOME:SAMTOOLS_FAIDX (genome.fa)	33.32 mWh	5.46 mg	-	163.92 gCO₂e/kWh	29.1 %	6.44 GB	39s 1000ms	1	2.5 W	Intel(R) Xeon(R) Platinum 8275CL CPU @ 3.00GHz	8.08 mWh	25.23 mWh
11	COMPLETED	NFCORE_NANOSEQ:NANOSEQ:PREPARE_GENOME:SAMTOOLS_FAIDX (genome.fa)	32.54 mWh	5.33 mg	-	163.92 gCO₂e/kWh	29.3 %	6.44 GB	38s 1000ms	1	2.5 W	Intel(R) Xeon(R) Platinum 8275CL CPU @ 3.00GHz	7.94 mWh	24.6 mWh
8	COMPLETED	NFCORE_NANOSEQ:NANOSEQ:PREPARE_GENOME:SAMTOOLS_FAIDX (genome.fa)	18.66 mWh	3.06 mg	-	163.92 gCO₂e/kWh	67.2 %	6.44 GB	16s 1000ms	1	2.5 W	Intel(R) Xeon(R) Platinum 8275CL CPU @ 3.00GHz	7.93 mWh	10.72 mWh
5	COMPLETED	NFCORE_NANOSEQ:NANOSEQ:PREPARE_GENOME:SAMTOOLS_FAIDX (genome.fa)	33.15 mWh	5.43 mg	-	163.92 gCO₂e/kWh	28.5 %	6.44 GB	39s 1000ms	1	2.5 W	Intel(R) Xeon(R) Platinum 8275CL CPU @ 3.00GHz	7.92 mWh	25.23 mWh
4	COMPLETED	NFCORE_NANOSEQ:NANOSEQ:PREPARE_GENOME:GET_CHROM_SIZES (genome.fa)	82.92 mWh	13.59 mg	-	163.92 gCO₂e/kWh	66.5 %	45.1 GB	16s 1000ms	32	2.5 W	Intel(R) Xeon(R) Platinum 8275CL CPU @ 3.00GHz	7.85 mWh	75.07 mWh
2	COMPLETED	NFCORE_NANOSEQ:NANOSEQ:QCFASTQ_NANOPLOT_FASTQC:FASTQC (A549_R1)	700.96 mWh	114.9 mg	-	163.92 gCO₂e/kWh	90.3 %	45.1 GB	2min 18s 1000ms	32	2.5 W	Intel(R) Xeon(R) Platinum 8275CL CPU @ 3.00GHz	87.16 mWh	613.79 mWh
9	COMPLETED	NFCORE_NANOSEQ:NANOSEQ:QCFASTQ_NANOPLOT_FASTQC:FASTQC (A549_R3)	330 mWh	54.09 mg	-	163.92 gCO₂e/kWh	95.2 %	45.1 GB	1min 5s 0ms	32	2.5 W	Intel(R) Xeon(R) Platinum 8275CL CPU @ 3.00GHz	42.97 mWh	287.02 mWh
6	COMPLETED	NFCORE_NANOSEQ:NANOSEQ:QCFASTQ_NANOPLOT_FASTQC:FASTQC (A549_R2)	970.51 mWh	159.09 mg	-	163.92 gCO₂e/kWh	62.9 %	45.1 GB	3min 20s 0ms	32	2.5 W	Intel(R) Xeon(R) Platinum 8275CL CPU @ 3.00GHz	87.36 mWh	883.15 mWh
10	COMPLETED	NFCORE_NANOSEQ:NANOSEQ:QCFASTQ_NANOPLOT_FASTQC:NANOPLOT (A549_R3)	431.69 mWh	70.76 mg	-	163.92 gCO₂e/kWh	87.1 %	25.77 GB	2min 17s 1000ms	16	2.5 W	Intel(R) Xeon(R) Platinum 8275CL CPU @ 3.00GHz	83.47 mWh	348.21 mWh
12	COMPLETED	NFCORE_NANOSEQ:NANOSEQ:QCFASTQ_NANOPLOT_FASTQC:FASTQC (K562_R1)	385.56 mWh	63.2 mg	-	163.92 gCO₂e/kWh	104.4 %	45.1 GB	1min 14s 1000ms	32	2.5 W	Intel(R) Xeon(R) Platinum 8275CL CPU @ 3.00GHz	54.37 mWh	331.18 mWh
15	COMPLETED	NFCORE_NANOSEQ:NANOSEQ:QCFASTQ_NANOPLOT_FASTQC:NANOPLOT (K562_R2)	200.73 mWh	32.9 mg	-	163.92 gCO₂e/kWh	118.4 %	25.77 GB	1min 0ms	16	2.5 W	Intel(R) Xeon(R) Platinum 8275CL CPU @ 3.00GHz	49.33 mWh	151.4 mWh
14	COMPLETED	NFCORE_NANOSEQ:NANOSEQ:QCFASTQ_NANOPLOT_FASTQC:FASTQC (K562_R2)	170.52 mWh	27.95 mg	-	163.92 gCO₂e/kWh	108.2 %	45.1 GB	33s 0ms	32	2.5 W	Intel(R) Xeon(R) Platinum 8275CL CPU @ 3.00GHz	24.8 mWh	145.72 mWh
13	COMPLETED	NFCORE_NANOSEQ:NANOSEQ:QCFASTQ_NANOPLOT_FASTQC:NANOPLOT (K562_R1)	532.53 mWh	87.29 mg	-	163.92 gCO₂e/kWh	90.4 %	25.77 GB	2min 48s 1000ms	16	2.5 W	Intel(R) Xeon(R) Platinum 8275CL CPU @ 3.00GHz	106.09 mWh	426.44 mWh
7	COMPLETED	NFCORE_NANOSEQ:NANOSEQ:QCFASTQ_NANOPLOT_FASTQC:NANOPLOT (A549_R2)	922.13 mWh	151.16 mg	-	163.92 gCO₂e/kWh	77.8 %	25.77 GB	5min 1000ms	16	2.5 W	Intel(R) Xeon(R) Platinum 8275CL CPU @ 3.00GHz	162.62 mWh	759.51 mWh
3	COMPLETED	NFCORE_NANOSEQ:NANOSEQ:QCFASTQ_NANOPLOT_FASTQC:NANOPLOT (A549_R1)	945.19 mWh	154.94 mg	-	163.92 gCO₂e/kWh	82.9 %	25.77 GB	5min 4s 1000ms	16	2.5 W	Intel(R) Xeon(R) Platinum 8275CL CPU @ 3.00GHz	175.59 mWh	769.6 mWh
21	COMPLETED	NFCORE_NANOSEQ:NANOSEQ:ALIGN_MINIMAP2:MINIMAP2_INDEX (genome.fa)	530.24 mWh	86.92 mg	-	163.92 gCO₂e/kWh	264.9 %	51.54 GB	1min 17s 0ms	48	2.5 W	Intel(R) Xeon(R) Platinum 8275CL CPU @ 3.00GHz	141.65 mWh	388.59 mWh
20	COMPLETED	NFCORE_NANOSEQ:NANOSEQ:QCFASTQ_NANOPLOT_FASTQC:NANOPLOT (K562_R3)	731.8 mWh	119.96 mg	-	163.92 gCO₂e/kWh	105 %	25.77 GB	3min 45s	16	2.5 W	Intel(R) Xeon(R) Platinum 8275CL CPU @ 3.00GHz	164.06 mWh	567.74 mWh
19	COMPLETED	NFCORE_NANOSEQ:NANOSEQ:QCFASTQ_NANOPLOT_FASTQC:FASTQC (K562_R3)	620.02 mWh	101.63 mg	-	163.92 gCO₂e/kWh	102 %	45.1 GB	2min 1000ms	32	2.5 W	Intel(R) Xeon(R) Platinum 8275CL CPU @ 3.00GHz	85.71 mWh	534.31 mWh
25	COMPLETED	NFCORE_NANOSEQ:NANOSEQ:ALIGN_MINIMAP2:MINIMAP2_ALIGN (K562_R1)	8.17 Wh	1.34 g	-	163.92 gCO₂e/kWh	2612.9 %	45.1 GB	6min 2s 0ms	32	2.5 W	Intel(R) Xeon(R) Platinum 8275CL CPU @ 3.00GHz	6.57 Wh	1.6 Wh
24	COMPLETED	NFCORE_NANOSEQ:NANOSEQ:ALIGN_MINIMAP2:MINIMAP2_ALIGN (A549_R3)	8.93 Wh	1.46 g	-	163.92 gCO₂e/kWh	2678.9 %	45.1 GB	6min 28s 0ms	32	2.5 W	Intel(R) Xeon(R) Platinum 8275CL CPU @ 3.00GHz	7.22 Wh	1.71 Wh
22	COMPLETED	NFCORE_NANOSEQ:NANOSEQ:ALIGN_MINIMAP2:MINIMAP2_ALIGN (A549_R1)	11.64 Wh	1.91 g	-	163.92 gCO₂e/kWh	2778.8 %	45.1 GB	8min 11s 0ms	32	2.5 W	Intel(R) Xeon(R) Platinum 8275CL CPU @ 3.00GHz	9.47 Wh	2.17 Wh
28	COMPLETED	NFCORE_NANOSEQ:NANOSEQ:BAM_SORT_INDEX_SAMTOOLS:SAMTOOLS_VIEW_BAM (K562_R1)	184.34 mWh	30.22 mg	-	163.92 gCO₂e/kWh	347.3 %	45.1 GB	27s	32	2.5 W	Intel(R) Xeon(R) Platinum 8275CL CPU @ 3.00GHz	65.12 mWh	119.23 mWh
29	COMPLETED	NFCORE_NANOSEQ:NANOSEQ:BAM_SORT_INDEX_SAMTOOLS:SAMTOOLS_VIEW_BAM (A549_R3)	149.03 mWh	24.43 mg	-	163.92 gCO₂e/kWh	297.2 %	45.1 GB	23s 0ms	32	2.5 W	Intel(R) Xeon(R) Platinum 8275CL CPU @ 3.00GHz	47.47 mWh	101.56 mWh
26	COMPLETED	NFCORE_NANOSEQ:NANOSEQ:ALIGN_MINIMAP2:MINIMAP2_ALIGN (K562_R2)	4.26 Wh	697.56 mg	-	163.92 gCO₂e/kWh	2606.4 %	45.1 GB	3min 9s	32	2.5 W	Intel(R) Xeon(R) Platinum 8275CL CPU @ 3.00GHz	3.42 Wh	834.58 mWh
30	COMPLETED	NFCORE_NANOSEQ:NANOSEQ:BAM_SORT_INDEX_SAMTOOLS:SAMTOOLS_VIEW_BAM (A549_R1)	456.06 mWh	74.76 mg	-	163.92 gCO₂e/kWh	174.9 %	45.1 GB	1min 21s	32	2.5 W	Intel(R) Xeon(R) Platinum 8275CL CPU @ 3.00GHz	98.38 mWh	357.68 mWh
31	COMPLETED	NFCORE_NANOSEQ:NANOSEQ:BAM_SORT_INDEX_SAMTOOLS:SAMTOOLS_SORT (K562_R1)	289.39 mWh	47.44 mg	-	163.92 gCO₂e/kWh	232.3 %	45.1 GB	47s 1000ms	32	2.5 W	Intel(R) Xeon(R) Platinum 8275CL CPU @ 3.00GHz	77.43 mWh	211.96 mWh
32	COMPLETED	NFCORE_NANOSEQ:NANOSEQ:BAM_SORT_INDEX_SAMTOOLS:SAMTOOLS_SORT (A549_R3)	161.52 mWh	26.48 mg	-	163.92 gCO₂e/kWh	294.5 %	45.1 GB	24s 1000ms	32	2.5 W	Intel(R) Xeon(R) Platinum 8275CL CPU @ 3.00GHz	51.13 mWh	110.39 mWh
33	COMPLETED	NFCORE_NANOSEQ:NANOSEQ:BAM_SORT_INDEX_SAMTOOLS:SAMTOOLS_VIEW_BAM (K562_R2)	93.84 mWh	15.38 mg	-	163.92 gCO₂e/kWh	208.7 %	45.1 GB	15s 1000ms	32	2.5 W	Intel(R) Xeon(R) Platinum 8275CL CPU @ 3.00GHz	23.19 mWh	70.65 mWh
35	COMPLETED	NFCORE_NANOSEQ:NANOSEQ:BAM_SORT_INDEX_SAMTOOLS:SAMTOOLS_INDEX (K562_R1)	13.51 mWh	2.21 mg	-	163.92 gCO₂e/kWh	609.3 %	25.77 GB	2s 0ms	16	2.5 W	Intel(R) Xeon(R) Platinum 8275CL CPU @ 3.00GHz	8.46 mWh	5.05 mWh
40	COMPLETED	NFCORE_NANOSEQ:NANOSEQ:BAM_SORT_INDEX_SAMTOOLS:BAM_STATS_SAMTOOLS:SAMTOOLS_IDXSTATS (K562_R1)	0 Wh	0 g	-	163.92 gCO₂e/kWh	108.3 %	6.44 GB	0ms	2	2.5 W	Intel(R) Xeon(R) Platinum 8275CL CPU @ 3.00GHz	0 Wh	0 Wh
36	COMPLETED	NFCORE_NANOSEQ:NANOSEQ:BAM_SORT_INDEX_SAMTOOLS:SAMTOOLS_INDEX (A549_R3)	7.38 mWh	1.21 mg	-	163.92 gCO₂e/kWh	699.1 %	25.77 GB	1s 0ms	16	2.5 W	Intel(R) Xeon(R) Platinum 8275CL CPU @ 3.00GHz	4.85 mWh	2.52 mWh
38	COMPLETED	NFCORE_NANOSEQ:NANOSEQ:BAM_SORT_INDEX_SAMTOOLS:BAM_STATS_SAMTOOLS:SAMTOOLS_FLAGSTAT (K562_R1)	24.94 mWh	4.09 mg	-	163.92 gCO₂e/kWh	120.4 %	6.44 GB	16s 1000ms	2	2.5 W	Intel(R) Xeon(R) Platinum 8275CL CPU @ 3.00GHz	14.21 mWh	10.72 mWh
37	COMPLETED	NFCORE_NANOSEQ:NANOSEQ:BAM_SORT_INDEX_SAMTOOLS:SAMTOOLS_SORT (K562_R2)	105.46 mWh	17.29 mg	-	163.92 gCO₂e/kWh	207.8 %	45.1 GB	18s	32	2.5 W	Intel(R) Xeon(R) Platinum 8275CL CPU @ 3.00GHz	25.98 mWh	79.48 mWh
34	COMPLETED	NFCORE_NANOSEQ:NANOSEQ:BAM_SORT_INDEX_SAMTOOLS:SAMTOOLS_SORT (A549_R1)	314.29 mWh	51.52 mg	-	163.92 gCO₂e/kWh	392.7 %	45.1 GB	43s 1000ms	32	2.5 W	Intel(R) Xeon(R) Platinum 8275CL CPU @ 3.00GHz	119.99 mWh	194.29 mWh
46	COMPLETED	NFCORE_NANOSEQ:NANOSEQ:BAM_SORT_INDEX_SAMTOOLS:BAM_STATS_SAMTOOLS:SAMTOOLS_FLAGSTAT (A549_R3)	13.57 mWh	2.22 mg	-	163.92 gCO₂e/kWh	104.6 %	6.44 GB	10s 0ms	2	2.5 W	Intel(R) Xeon(R) Platinum 8275CL CPU @ 3.00GHz	7.26 mWh	6.31 mWh
44	COMPLETED	NFCORE_NANOSEQ:NANOSEQ:BAM_SORT_INDEX_SAMTOOLS:BAM_STATS_SAMTOOLS:SAMTOOLS_IDXSTATS (A549_R3)	0 Wh	0 g	-	163.92 gCO₂e/kWh	35 %	6.44 GB	0ms	1	2.5 W	Intel(R) Xeon(R) Platinum 8275CL CPU @ 3.00GHz	0 Wh	0 Wh
39	COMPLETED	NFCORE_NANOSEQ:NANOSEQ:BAM_SORT_INDEX_SAMTOOLS:BAM_STATS_SAMTOOLS:SAMTOOLS_STATS (K562_R1)	70.78 mWh	11.6 mg	-	163.92 gCO₂e/kWh	140.8 %	6.44 GB	43s 1000ms	2	2.5 W	Intel(R) Xeon(R) Platinum 8275CL CPU @ 3.00GHz	43.02 mWh	27.76 mWh
47	COMPLETED	NFCORE_NANOSEQ:NANOSEQ:BAM_SORT_INDEX_SAMTOOLS:BAM_STATS_SAMTOOLS:SAMTOOLS_STATS (A549_R3)	34.78 mWh	5.7 mg	-	163.92 gCO₂e/kWh	126.9 %	6.44 GB	23s 0ms	2	2.5 W	Intel(R) Xeon(R) Platinum 8275CL CPU @ 3.00GHz	20.27 mWh	14.51 mWh
48	COMPLETED	NFCORE_NANOSEQ:NANOSEQ:BAM_SORT_INDEX_SAMTOOLS:SAMTOOLS_INDEX (K562_R2)	5.54 mWh	908.22 ug	-	163.92 gCO₂e/kWh	434.5 %	25.77 GB	1s 0ms	16	2.5 W	Intel(R) Xeon(R) Platinum 8275CL CPU @ 3.00GHz	3.02 mWh	2.52 mWh
49	COMPLETED	NFCORE_NANOSEQ:NANOSEQ:BAM_SORT_INDEX_SAMTOOLS:SAMTOOLS_INDEX (A549_R1)	67 mWh	10.98 mg	-	163.92 gCO₂e/kWh	204.2 %	25.77 GB	16s 1000ms	16	2.5 W	Intel(R) Xeon(R) Platinum 8275CL CPU @ 3.00GHz	24.11 mWh	42.9 mWh
51	COMPLETED	NFCORE_NANOSEQ:NANOSEQ:BAM_SORT_INDEX_SAMTOOLS:BAM_STATS_SAMTOOLS:SAMTOOLS_IDXSTATS (K562_R2)	0 Wh	0 g	-	163.92 gCO₂e/kWh	62.3 %	6.44 GB	0ms	1	2.5 W	Intel(R) Xeon(R) Platinum 8275CL CPU @ 3.00GHz	0 Wh	0 Wh
52	COMPLETED	NFCORE_NANOSEQ:NANOSEQ:BAM_SORT_INDEX_SAMTOOLS:BAM_STATS_SAMTOOLS:SAMTOOLS_FLAGSTAT (K562_R2)	7.22 mWh	1.18 mg	-	163.92 gCO₂e/kWh	117.1 %	6.44 GB	5s 0ms	2	2.5 W	Intel(R) Xeon(R) Platinum 8275CL CPU @ 3.00GHz	4.07 mWh	3.15 mWh
50	COMPLETED	NFCORE_NANOSEQ:NANOSEQ:BAM_SORT_INDEX_SAMTOOLS:BAM_STATS_SAMTOOLS:SAMTOOLS_STATS (K562_R2)	20.44 mWh	3.35 mg	-	163.92 gCO₂e/kWh	119.4 %	6.44 GB	14s 0ms	2	2.5 W	Intel(R) Xeon(R) Platinum 8275CL CPU @ 3.00GHz	11.61 mWh	8.83 mWh
41	COMPLETED	NFCORE_NANOSEQ:NANOSEQ:BEDTOOLS_UCSC_BIGBED:BEDTOOLS_BAMBED (1)	196.14 mWh	32.15 mg	-	163.92 gCO₂e/kWh	127.5 %	45.1 GB	37s 0ms	32	2.5 W	Intel(R) Xeon(R) Platinum 8275CL CPU @ 3.00GHz	32.76 mWh	163.38 mWh
57	COMPLETED	NFCORE_NANOSEQ:NANOSEQ:BAM_SORT_INDEX_SAMTOOLS:BAM_STATS_SAMTOOLS:SAMTOOLS_IDXSTATS (A549_R1)	0 Wh	0 g	-	163.92 gCO₂e/kWh	54.2 %	6.44 GB	0ms	1	2.5 W	Intel(R) Xeon(R) Platinum 8275CL CPU @ 3.00GHz	0 Wh	0 Wh
59	COMPLETED	NFCORE_NANOSEQ:NANOSEQ:BAM_SORT_INDEX_SAMTOOLS:BAM_STATS_SAMTOOLS:SAMTOOLS_FLAGSTAT (A549_R1)	38.28 mWh	6.28 mg	-	163.92 gCO₂e/kWh	121.2 %	6.44 GB	25s 1000ms	2	2.5 W	Intel(R) Xeon(R) Platinum 8275CL CPU @ 3.00GHz	21.88 mWh	16.4 mWh
58	COMPLETED	NFCORE_NANOSEQ:NANOSEQ:BAM_SORT_INDEX_SAMTOOLS:BAM_STATS_SAMTOOLS:SAMTOOLS_STATS (A549_R1)	72.14 mWh	11.82 mg	-	163.92 gCO₂e/kWh	140 %	6.44 GB	45s	2	2.5 W	Intel(R) Xeon(R) Platinum 8275CL CPU @ 3.00GHz	43.75 mWh	28.39 mWh
43	COMPLETED	NFCORE_NANOSEQ:NANOSEQ:BEDTOOLS_UCSC_BIGWIG:BEDTOOLS_GENOMECOV (A549_R3)	468.36 mWh	76.77 mg	-	163.92 gCO₂e/kWh	113.5 %	45.1 GB	1min 30s	32	2.5 W	Intel(R) Xeon(R) Platinum 8275CL CPU @ 3.00GHz	70.94 mWh	397.42 mWh
23	COMPLETED	NFCORE_NANOSEQ:NANOSEQ:ALIGN_MINIMAP2:MINIMAP2_ALIGN (A549_R2)	20.74 Wh	3.4 g	-	163.92 gCO₂e/kWh	2945 %	45.1 GB	13min 54s 0ms	32	2.5 W	Intel(R) Xeon(R) Platinum 8275CL CPU @ 3.00GHz	17.06 Wh	3.68 Wh
53	COMPLETED	NFCORE_NANOSEQ:NANOSEQ:BEDTOOLS_UCSC_BIGWIG:BEDTOOLS_GENOMECOV (K562_R2)	407.88 mWh	66.86 mg	-	163.92 gCO₂e/kWh	80.4 %	45.1 GB	1min 22s 0ms	32	2.5 W	Intel(R) Xeon(R) Platinum 8275CL CPU @ 3.00GHz	45.78 mWh	362.09 mWh
54	COMPLETED	NFCORE_NANOSEQ:NANOSEQ:BEDTOOLS_UCSC_BIGBED:BEDTOOLS_BAMBED (3)	212.3 mWh	34.8 mg	-	163.92 gCO₂e/kWh	43.5 %	45.1 GB	45s	32	2.5 W	Intel(R) Xeon(R) Platinum 8275CL CPU @ 3.00GHz	13.59 mWh	198.71 mWh
60	COMPLETED	NFCORE_NANOSEQ:NANOSEQ:BEDTOOLS_UCSC_BIGBED:UCSC_BED12TOBIGBED (K562_R1)	45.99 mWh	7.54 mg	-	163.92 gCO₂e/kWh	99.9 %	45.1 GB	9s	32	2.5 W	Intel(R) Xeon(R) Platinum 8275CL CPU @ 3.00GHz	6.24 mWh	39.74 mWh
61	COMPLETED	NFCORE_NANOSEQ:NANOSEQ:BEDTOOLS_UCSC_BIGWIG:UCSC_BEDGRAPHTOBIGWIG (A549_R3)	76.54 mWh	12.55 mg	-	163.92 gCO₂e/kWh	98.9 %	45.1 GB	15s 0ms	32	2.5 W	Intel(R) Xeon(R) Platinum 8275CL CPU @ 3.00GHz	10.3 mWh	66.24 mWh
63	COMPLETED	NFCORE_NANOSEQ:NANOSEQ:BEDTOOLS_UCSC_BIGWIG:UCSC_BEDGRAPHTOBIGWIG (K562_R2)	56.06 mWh	9.19 mg	-	163.92 gCO₂e/kWh	98 %	45.1 GB	11s 0ms	32	2.5 W	Intel(R) Xeon(R) Platinum 8275CL CPU @ 3.00GHz	7.49 mWh	48.57 mWh
64	COMPLETED	NFCORE_NANOSEQ:NANOSEQ:BEDTOOLS_UCSC_BIGBED:UCSC_BED12TOBIGBED (K562_R2)	29.9 mWh	4.9 mg	-	163.92 gCO₂e/kWh	81.8 %	45.1 GB	6s 0ms	32	2.5 W	Intel(R) Xeon(R) Platinum 8275CL CPU @ 3.00GHz	3.41 mWh	26.49 mWh
62	COMPLETED	NFCORE_NANOSEQ:NANOSEQ:BAM_SORT_INDEX_SAMTOOLS:SAMTOOLS_VIEW_BAM (A549_R2)	331.63 mWh	54.36 mg	-	163.92 gCO₂e/kWh	216.9 %	45.1 GB	56s 0ms	32	2.5 W	Intel(R) Xeon(R) Platinum 8275CL CPU @ 3.00GHz	84.35 mWh	247.28 mWh
56	COMPLETED	NFCORE_NANOSEQ:NANOSEQ:BEDTOOLS_UCSC_BIGBED:BEDTOOLS_BAMBED (4)	341.01 mWh	55.9 mg	-	163.92 gCO₂e/kWh	131.4 %	45.1 GB	1min 4s 0ms	32	2.5 W	Intel(R) Xeon(R) Platinum 8275CL CPU @ 3.00GHz	58.4 mWh	282.61 mWh
27	COMPLETED	NFCORE_NANOSEQ:NANOSEQ:ALIGN_MINIMAP2:MINIMAP2_ALIGN (K562_R3)	16.23 Wh	2.66 g	-	163.92 gCO₂e/kWh	2965.9 %	45.1 GB	10min 49s 0ms	32	2.5 W	Intel(R) Xeon(R) Platinum 8275CL CPU @ 3.00GHz	13.37 Wh	2.87 Wh
55	COMPLETED	NFCORE_NANOSEQ:NANOSEQ:BEDTOOLS_UCSC_BIGWIG:BEDTOOLS_GENOMECOV (A549_R1)	834.59 mWh	136.81 mg	-	163.92 gCO₂e/kWh	110.6 %	45.1 GB	2min 40s 1000ms	32	2.5 W	Intel(R) Xeon(R) Platinum 8275CL CPU @ 3.00GHz	123.66 mWh	710.94 mWh
45	COMPLETED	NFCORE_NANOSEQ:NANOSEQ:BEDTOOLS_UCSC_BIGBED:BEDTOOLS_BAMBED (2)	170.42 mWh	27.94 mg	-	163.92 gCO₂e/kWh	107.8 %	45.1 GB	33s 0ms	32	2.5 W	Intel(R) Xeon(R) Platinum 8275CL CPU @ 3.00GHz	24.7 mWh	145.72 mWh
66	COMPLETED	NFCORE_NANOSEQ:NANOSEQ:BEDTOOLS_UCSC_BIGBED:UCSC_BED12TOBIGBED (A549_R1)	86.74 mWh	14.22 mg	-	163.92 gCO₂e/kWh	98.9 %	45.1 GB	16s 1000ms	32	2.5 W	Intel(R) Xeon(R) Platinum 8275CL CPU @ 3.00GHz	11.68 mWh	75.07 mWh
42	COMPLETED	NFCORE_NANOSEQ:NANOSEQ:BEDTOOLS_UCSC_BIGWIG:BEDTOOLS_GENOMECOV (K562_R1)	633.63 mWh	103.86 mg	-	163.92 gCO₂e/kWh	118.2 %	45.1 GB	2min 1000ms	32	2.5 W	Intel(R) Xeon(R) Platinum 8275CL CPU @ 3.00GHz	99.32 mWh	534.31 mWh
65	COMPLETED	NFCORE_NANOSEQ:NANOSEQ:BAM_SORT_INDEX_SAMTOOLS:SAMTOOLS_SORT (A549_R2)	372.72 mWh	61.1 mg	-	163.92 gCO₂e/kWh	289.5 %	45.1 GB	57s 1000ms	32	2.5 W	Intel(R) Xeon(R) Platinum 8275CL CPU @ 3.00GHz	116.6 mWh	256.11 mWh
67	COMPLETED	NFCORE_NANOSEQ:NANOSEQ:BAM_SORT_INDEX_SAMTOOLS:SAMTOOLS_VIEW_BAM (K562_R3)	301.96 mWh	49.5 mg	-	163.92 gCO₂e/kWh	270 %	45.1 GB	47s 1000ms	32	2.5 W	Intel(R) Xeon(R) Platinum 8275CL CPU @ 3.00GHz	90 mWh	211.96 mWh
68	COMPLETED	NFCORE_NANOSEQ:NANOSEQ:BEDTOOLS_UCSC_BIGWIG:UCSC_BEDGRAPHTOBIGWIG (A549_R1)	118.74 mWh	19.46 mg	-	163.92 gCO₂e/kWh	76.6 %	45.1 GB	24s 0ms	32	2.5 W	Intel(R) Xeon(R) Platinum 8275CL CPU @ 3.00GHz	12.77 mWh	105.98 mWh
69	COMPLETED	NFCORE_NANOSEQ:NANOSEQ:BEDTOOLS_UCSC_BIGBED:UCSC_BED12TOBIGBED (A549_R3)	44.87 mWh	7.36 mg	-	163.92 gCO₂e/kWh	82.1 %	45.1 GB	9s	32	2.5 W	Intel(R) Xeon(R) Platinum 8275CL CPU @ 3.00GHz	5.13 mWh	39.74 mWh
71	COMPLETED	NFCORE_NANOSEQ:NANOSEQ:BAM_SORT_INDEX_SAMTOOLS:SAMTOOLS_INDEX (A549_R2)	27.36 mWh	4.48 mg	-	163.92 gCO₂e/kWh	949.9 %	25.77 GB	2s 1000ms	16	2.5 W	Intel(R) Xeon(R) Platinum 8275CL CPU @ 3.00GHz	19.79 mWh	7.57 mWh
70	COMPLETED	NFCORE_NANOSEQ:NANOSEQ:BEDTOOLS_UCSC_BIGWIG:UCSC_BEDGRAPHTOBIGWIG (K562_R1)	126.52 mWh	20.74 mg	-	163.92 gCO₂e/kWh	92.9 %	45.1 GB	24s 1000ms	32	2.5 W	Intel(R) Xeon(R) Platinum 8275CL CPU @ 3.00GHz	16.13 mWh	110.39 mWh
72	COMPLETED	NFCORE_NANOSEQ:NANOSEQ:BAM_SORT_INDEX_SAMTOOLS:SAMTOOLS_SORT (K562_R3)	251.53 mWh	41.23 mg	-	163.92 gCO₂e/kWh	461.7 %	45.1 GB	33s 0ms	32	2.5 W	Intel(R) Xeon(R) Platinum 8275CL CPU @ 3.00GHz	105.81 mWh	145.72 mWh
75	COMPLETED	NFCORE_NANOSEQ:NANOSEQ:BAM_SORT_INDEX_SAMTOOLS:BAM_STATS_SAMTOOLS:SAMTOOLS_IDXSTATS (A549_R2)	704.43 uWh	115.47 ug	-	163.92 gCO₂e/kWh	10.6 %	6.44 GB	1s 0ms	1	2.5 W	Intel(R) Xeon(R) Platinum 8275CL CPU @ 3.00GHz	73.61 uWh	630.82 uWh
74	COMPLETED	NFCORE_NANOSEQ:NANOSEQ:BAM_SORT_INDEX_SAMTOOLS:BAM_STATS_SAMTOOLS:SAMTOOLS_FLAGSTAT (A549_R2)	31.17 mWh	5.11 mg	-	163.92 gCO₂e/kWh	88.7 %	6.44 GB	24s 1000ms	1	2.5 W	Intel(R) Xeon(R) Platinum 8275CL CPU @ 3.00GHz	15.4 mWh	15.77 mWh
78	COMPLETED	NFCORE_NANOSEQ:NANOSEQ:BAM_SORT_INDEX_SAMTOOLS:SAMTOOLS_INDEX (K562_R3)	27.53 mWh	4.51 mg	-	163.92 gCO₂e/kWh	958.2 %	25.77 GB	2s 1000ms	16	2.5 W	Intel(R) Xeon(R) Platinum 8275CL CPU @ 3.00GHz	19.96 mWh	7.57 mWh
73	COMPLETED	NFCORE_NANOSEQ:NANOSEQ:BAM_SORT_INDEX_SAMTOOLS:BAM_STATS_SAMTOOLS:SAMTOOLS_STATS (A549_R2)	75.6 mWh	12.39 mg	-	163.92 gCO₂e/kWh	140.8 %	6.44 GB	47s 0ms	2	2.5 W	Intel(R) Xeon(R) Platinum 8275CL CPU @ 3.00GHz	45.96 mWh	29.65 mWh
79	COMPLETED	NFCORE_NANOSEQ:NANOSEQ:BAM_SORT_INDEX_SAMTOOLS:BAM_STATS_SAMTOOLS:SAMTOOLS_IDXSTATS (K562_R3)	0 Wh	0 g	-	163.92 gCO₂e/kWh	66.8 %	6.44 GB	0ms	1	2.5 W	Intel(R) Xeon(R) Platinum 8275CL CPU @ 3.00GHz	0 Wh	0 Wh
81	COMPLETED	NFCORE_NANOSEQ:NANOSEQ:BAM_SORT_INDEX_SAMTOOLS:BAM_STATS_SAMTOOLS:SAMTOOLS_FLAGSTAT (K562_R3)	24.62 mWh	4.04 mg	-	163.92 gCO₂e/kWh	117.7 %	6.44 GB	16s 1000ms	2	2.5 W	Intel(R) Xeon(R) Platinum 8275CL CPU @ 3.00GHz	13.9 mWh	10.72 mWh
77	COMPLETED	NFCORE_NANOSEQ:NANOSEQ:BEDTOOLS_UCSC_BIGBED:BEDTOOLS_BAMBED (5)	304.77 mWh	49.96 mg	-	163.92 gCO₂e/kWh	120.8 %	45.1 GB	57s 1000ms	32	2.5 W	Intel(R) Xeon(R) Platinum 8275CL CPU @ 3.00GHz	48.66 mWh	256.11 mWh
80	COMPLETED	NFCORE_NANOSEQ:NANOSEQ:BAM_SORT_INDEX_SAMTOOLS:BAM_STATS_SAMTOOLS:SAMTOOLS_STATS (K562_R3)	75.29 mWh	12.34 mg	-	163.92 gCO₂e/kWh	126 %	6.44 GB	50s 0ms	2	2.5 W	Intel(R) Xeon(R) Platinum 8275CL CPU @ 3.00GHz	43.75 mWh	31.54 mWh
83	COMPLETED	NFCORE_NANOSEQ:NANOSEQ:BEDTOOLS_UCSC_BIGBED:BEDTOOLS_BAMBED (6)	318.61 mWh	52.23 mg	-	163.92 gCO₂e/kWh	128.8 %	45.1 GB	1min 0ms	32	2.5 W	Intel(R) Xeon(R) Platinum 8275CL CPU @ 3.00GHz	53.67 mWh	264.95 mWh
76	COMPLETED	NFCORE_NANOSEQ:NANOSEQ:BEDTOOLS_UCSC_BIGWIG:BEDTOOLS_GENOMECOV (A549_R2)	777.87 mWh	127.51 mg	-	163.92 gCO₂e/kWh	115.9 %	45.1 GB	2min 29s 0ms	32	2.5 W	Intel(R) Xeon(R) Platinum 8275CL CPU @ 3.00GHz	119.92 mWh	657.95 mWh
85	COMPLETED	NFCORE_NANOSEQ:NANOSEQ:BEDTOOLS_UCSC_BIGBED:UCSC_BED12TOBIGBED (A549_R2)	65.78 mWh	10.78 mg	-	163.92 gCO₂e/kWh	92.8 %	45.1 GB	12s 1000ms	32	2.5 W	Intel(R) Xeon(R) Platinum 8275CL CPU @ 3.00GHz	8.38 mWh	57.4 mWh
86	COMPLETED	NFCORE_NANOSEQ:NANOSEQ:BEDTOOLS_UCSC_BIGBED:UCSC_BED12TOBIGBED (K562_R3)	103.54 mWh	16.97 mg	-	163.92 gCO₂e/kWh	74.1 %	45.1 GB	20s 1000ms	32	2.5 W	Intel(R) Xeon(R) Platinum 8275CL CPU @ 3.00GHz	10.81 mWh	92.73 mWh
82	COMPLETED	NFCORE_NANOSEQ:NANOSEQ:BEDTOOLS_UCSC_BIGWIG:BEDTOOLS_GENOMECOV (K562_R3)	831.4 mWh	136.28 mg	-	163.92 gCO₂e/kWh	117.1 %	45.1 GB	2min 39s 0ms	32	2.5 W	Intel(R) Xeon(R) Platinum 8275CL CPU @ 3.00GHz	129.3 mWh	702.11 mWh
87	COMPLETED	NFCORE_NANOSEQ:NANOSEQ:BEDTOOLS_UCSC_BIGWIG:UCSC_BEDGRAPHTOBIGWIG (A549_R2)	127.79 mWh	20.95 mg	-	163.92 gCO₂e/kWh	100.2 %	45.1 GB	24s 1000ms	32	2.5 W	Intel(R) Xeon(R) Platinum 8275CL CPU @ 3.00GHz	17.4 mWh	110.39 mWh
88	COMPLETED	NFCORE_NANOSEQ:NANOSEQ:BEDTOOLS_UCSC_BIGWIG:UCSC_BEDGRAPHTOBIGWIG (K562_R3)	138.01 mWh	22.62 mg	-	163.92 gCO₂e/kWh	100.2 %	45.1 GB	27s	32	2.5 W	Intel(R) Xeon(R) Platinum 8275CL CPU @ 3.00GHz	18.79 mWh	119.23 mWh
84	COMPLETED	NFCORE_NANOSEQ:NANOSEQ:BAMBU (1)	13.78 Wh	2.26 g	-	163.92 gCO₂e/kWh	158.6 %	45.1 GB	41min 36s 1000ms	32	2.5 W	Intel(R) Xeon(R) Platinum 8275CL CPU @ 3.00GHz	2.75 Wh	11.03 Wh
89	COMPLETED	NFCORE_NANOSEQ:NANOSEQ:DIFFERENTIAL_DESEQ2_DEXSEQ:DESEQ2 (1)	317.8 mWh	52.09 mg	-	163.92 gCO₂e/kWh	404.2 %	45.1 GB	43s 1000ms	32	2.5 W	Intel(R) Xeon(R) Platinum 8275CL CPU @ 3.00GHz	123.51 mWh	194.29 mWh
90	COMPLETED	NFCORE_NANOSEQ:NANOSEQ:DIFFERENTIAL_DESEQ2_DEXSEQ:DEXSEQ (1)	322.41 mWh	52.85 mg	-	163.92 gCO₂e/kWh	285.2 %	45.1 GB	50s 405ms	32	2.5 W	Intel(R) Xeon(R) Platinum 8275CL CPU @ 3.00GHz	99.83 mWh	222.58 mWh
91	COMPLETED	NFCORE_NANOSEQ:NANOSEQ:CUSTOM_DUMPSOFTWAREVERSIONS (1)	108.36 uWh	17.76 ug	-	163.92 gCO₂e/kWh	65.2 %	6.44 GB	100ms	1	2.5 W	Intel(R) Xeon(R) Platinum 8275CL CPU @ 3.00GHz	45.28 uWh	63.08 uWh
92	COMPLETED	NFCORE_NANOSEQ:NANOSEQ:MULTIQC (1)	91.06 mWh	14.93 mg	-	163.92 gCO₂e/kWh	250 %	45.1 GB	14s 802ms	32	2.5 W	Intel(R) Xeon(R) Platinum 8275CL CPU @ 3.00GHz	25.7 mWh	65.36 mWh
