task_id	hostname	hash	native_id	process	tag	name	status	exit	module	container	cpus	time	disk	memory	attempt	submit	start	complete	duration	realtime	queue	%cpu	%mem	rss	vmem	peak_rss	peak_vmem	rchar	wchar	syscr	syscw	read_bytes	write_bytes	vol_ctxt	inv_ctxt	workdir	scratch	error_action	cpu_model
1	hu-worker-c45	b7/cd1c56	nf-b7cd1c56a77843fa6bde486a53369474-37d73	NFCORE_NANOSEQ:NANOSEQ:INPUT_CHECK:SAMPLESHEET_CHECK	samplesheet_full.csv	NFCORE_NANOSEQ:NANOSEQ:INPUT_CHECK:SAMPLESHEET_CHECK (samplesheet_full.csv)	COMPLETED	0	-	quay.io/biocontainers/python:3.8.3	1	14400000	-	6442450944	1	1772829681824	1772829684000	1772829685000	3176	0	-	63.4	0.0	2736128	11575296	2736128	11579392	681716	1034	243	17	0	12288	3	2	/input/data/work/b7/cd1c56a77843fa6bde486a53369474	true	-	Intel Xeon Silver 4314
16	hu-worker-c40	be/b06910	nf-beb06910c7a9f28b1f488c866740912b-07dfb	NFCORE_NANOSEQ:NANOSEQ:QCFASTQ_NANOPLOT_FASTQC:FASTQC	K562_R2	NFCORE_NANOSEQ:NANOSEQ:QCFASTQ_NANOPLOT_FASTQC:FASTQC (K562_R2)	COMPLETED	0	-	quay.io/biocontainers/fastqc:0.11.9--0	6	28800000	-	45097156608	1	1772829819046	1772829829000	1772829862000	42954	30000	-	118.8	0.4	1147928576	4764860416	1147928576	4766470144	573658316	2128131	1086745	6098	0	2441216	7	2	/input/data/work/be/b06910c7a9f28b1f488c866740912b	true	-	Intel Xeon Silver 4314
15	hu-worker-c42	df/0ceef0	nf-df0ceef0054657544df9f9682cbbe1f6-773bd	NFCORE_NANOSEQ:NANOSEQ:QCFASTQ_NANOPLOT_FASTQC:NANOPLOT	K562_R2	NFCORE_NANOSEQ:NANOSEQ:QCFASTQ_NANOPLOT_FASTQC:NANOPLOT (K562_R2)	COMPLETED	0	-	quay.io/biocontainers/nanoplot:1.41.0--pyhdfd78af_0	2	14400000	-	12884901888	1	1772829818972	1772829823000	1772829883000	64028	59000	-	96.6	0.4	2744487936	45380292608	2806382592	75002396672	616670708	13143625	8187	551	0	10330112	2562	298	/input/data/work/df/0ceef0054657544df9f9682cbbe1f6	true	-	Intel Xeon Silver 4314
13	hu-worker-c45	65/e5dee8	nf-65e5dee831458bf9b614e4931260bb3a-f3857	NFCORE_NANOSEQ:NANOSEQ:PREPARE_GENOME:SAMTOOLS_FAIDX	genome.fa	NFCORE_NANOSEQ:NANOSEQ:PREPARE_GENOME:SAMTOOLS_FAIDX (genome.fa)	COMPLETED	0	-	quay.io/biocontainers/samtools:1.16.1--h6899075_1	1	14400000	-	6442450944	1	1772829870446	1772829871000	1772829894000	23554	23000	-	64.7	0.0	4820992	12550144	4820992	12554240	3147397216	5619	48249	19	0	12288	9202	8748	/input/data/work/65/e5dee831458bf9b614e4931260bb3a	true	-	Intel Xeon Silver 4314
8	hu-worker-c40	14/32ad6c	nf-1432ad6ccdc20375a470c82102072c01-f359f	NFCORE_NANOSEQ:NANOSEQ:PREPARE_GENOME:SAMTOOLS_FAIDX	genome.fa	NFCORE_NANOSEQ:NANOSEQ:PREPARE_GENOME:SAMTOOLS_FAIDX (genome.fa)	COMPLETED	0	-	quay.io/biocontainers/samtools:1.16.1--h6899075_1	1	14400000	-	6442450944	1	1772829870498	1772829871000	1772829894000	23502	23000	-	66.6	0.0	4866048	12550144	4866048	12554240	3147397309	5620	48249	19	0	12288	9229	9103	/input/data/work/14/32ad6ccdc20375a470c82102072c01	true	-	Intel Xeon Silver 4314
11	hu-worker-c44	c2/a49b1a	nf-c2a49b1ad9a556a3eea0768fd1d6ef76-6f1b7	NFCORE_NANOSEQ:NANOSEQ:PREPARE_GENOME:SAMTOOLS_FAIDX	genome.fa	NFCORE_NANOSEQ:NANOSEQ:PREPARE_GENOME:SAMTOOLS_FAIDX (genome.fa)	COMPLETED	0	-	quay.io/biocontainers/samtools:1.16.1--h6899075_1	1	14400000	-	6442450944	1	1772829870549	1772829871000	1772829894000	23451	23000	-	68.9	0.0	4870144	12550144	4870144	12554240	3147397383	5625	48249	19	0	12288	9205	9227	/input/data/work/c2/a49b1ad9a556a3eea0768fd1d6ef76	true	-	Intel Xeon Silver 4314
17	hu-worker-c44	a0/33046c	nf-a033046c3a835945c297f473876daf2c-45bc7	NFCORE_NANOSEQ:NANOSEQ:PREPARE_GENOME:SAMTOOLS_FAIDX	genome.fa	NFCORE_NANOSEQ:NANOSEQ:PREPARE_GENOME:SAMTOOLS_FAIDX (genome.fa)	COMPLETED	0	-	quay.io/biocontainers/samtools:1.16.1--h6899075_1	1	14400000	-	6442450944	1	1772829870597	1772829871000	1772829894000	23403	23000	-	69.1	0.0	4825088	12550144	4825088	12554240	3147397383	5625	48249	19	0	12288	9201	9187	/input/data/work/a0/33046c3a835945c297f473876daf2c	true	-	Intel Xeon Silver 4314
20	hu-worker-c40	eb/580db1	nf-eb580db1d671f789a337b7df5df0f395-7ae33	NFCORE_NANOSEQ:NANOSEQ:PREPARE_GENOME:SAMTOOLS_FAIDX	genome.fa	NFCORE_NANOSEQ:NANOSEQ:PREPARE_GENOME:SAMTOOLS_FAIDX (genome.fa)	COMPLETED	0	-	quay.io/biocontainers/samtools:1.16.1--h6899075_1	1	14400000	-	6442450944	1	1772829870642	1772829871000	1772829894000	23358	23000	-	67.0	0.0	4780032	12550144	4780032	12554240	3147397308	5620	48249	19	0	12288	9228	9312	/input/data/work/eb/580db1d671f789a337b7df5df0f395	true	-	Intel Xeon Silver 4314
5	hu-worker-c45	94/11222c	nf-9411222ccdfe7f65dd12b5624dd8e201-93963	NFCORE_NANOSEQ:NANOSEQ:PREPARE_GENOME:SAMTOOLS_FAIDX	genome.fa	NFCORE_NANOSEQ:NANOSEQ:PREPARE_GENOME:SAMTOOLS_FAIDX (genome.fa)	COMPLETED	0	-	quay.io/biocontainers/samtools:1.16.1--h6899075_1	1	14400000	-	6442450944	1	1772829870686	1772829871000	1772829894000	23314	23000	-	65.7	0.0	4816896	12550144	4816896	12554240	3147397247	5640	48249	19	4194304	12288	9197	9080	/input/data/work/94/11222ccdfe7f65dd12b5624dd8e201	true	-	Intel Xeon Silver 4314
4	hu-worker-c45	80/be7d62	nf-80be7d62fc436e2ef22a29a243dcdf91-689fa	NFCORE_NANOSEQ:NANOSEQ:PREPARE_GENOME:GET_CHROM_SIZES	genome.fa	NFCORE_NANOSEQ:NANOSEQ:PREPARE_GENOME:GET_CHROM_SIZES (genome.fa)	COMPLETED	0	-	quay.io/biocontainers/samtools:1.13--h8c37831_0	6	28800000	-	45097156608	1	1772829870732	1772829871000	1772829894000	23268	23000	-	66.8	0.0	4816896	12427264	4816896	12431360	3147401093	5799	48259	20	0	16384	9193	9083	/input/data/work/80/be7d62fc436e2ef22a29a243dcdf91	true	-	Intel Xeon Silver 4314
10	hu-worker-c42	30/5b89a2	nf-305b89a2ab5df9b89c4c74b121beadaf-1a13f	NFCORE_NANOSEQ:NANOSEQ:QCFASTQ_NANOPLOT_FASTQC:FASTQC	A549_R3	NFCORE_NANOSEQ:NANOSEQ:QCFASTQ_NANOPLOT_FASTQC:FASTQC (A549_R3)	COMPLETED	0	-	quay.io/biocontainers/fastqc:0.11.9--0	6	28800000	-	45097156608	1	1772829830712	1772829831000	1772829938000	107288	106000	-	68.8	0.5	1449947136	4696698880	1449947136	4761714688	1106423887	2308243	2127282	6338	0	2875392	13	7	/input/data/work/30/5b89a2ab5df9b89c4c74b121beadaf	true	-	Intel Xeon Silver 4314
9	hu-worker-c45	96/da7c6b	nf-96da7c6bf09a5c84278c09e3f1ed8cd6-9e468	NFCORE_NANOSEQ:NANOSEQ:QCFASTQ_NANOPLOT_FASTQC:NANOPLOT	A549_R3	NFCORE_NANOSEQ:NANOSEQ:QCFASTQ_NANOPLOT_FASTQC:NANOPLOT (A549_R3)	COMPLETED	0	-	quay.io/biocontainers/nanoplot:1.41.0--pyhdfd78af_0	2	14400000	-	12884901888	1	1772829830760	1772829831000	1772829941000	110240	110000	-	98.1	0.2	2613960704	45255720960	2800201728	75003363328	1155846266	19632287	8408	551	241664	10285056	2470	1537	/input/data/work/96/da7c6bf09a5c84278c09e3f1ed8cd6	true	-	Intel Xeon Silver 4314
2	hu-worker-c44	30/1555bb	nf-301555bb60204519e55c216baba97bce-10d85	NFCORE_NANOSEQ:NANOSEQ:QCFASTQ_NANOPLOT_FASTQC:FASTQC	A549_R1	NFCORE_NANOSEQ:NANOSEQ:QCFASTQ_NANOPLOT_FASTQC:FASTQC (A549_R1)	COMPLETED	0	-	quay.io/biocontainers/fastqc:0.11.9--0	6	28800000	-	45097156608	1	1772829819203	1772829823000	1772829948000	128797	124000	-	100.3	0.4	1200869376	4560375808	1200869376	4625391616	2355325521	1940891	4566510	5819	0	2408448	12	2	/input/data/work/30/1555bb60204519e55c216baba97bce	true	-	Intel Xeon Silver 4314
12	hu-worker-c42	ba/981f4f	nf-ba981f4f5baaeb06dccd672b3642233d-90075	NFCORE_NANOSEQ:NANOSEQ:QCFASTQ_NANOPLOT_FASTQC:FASTQC	K562_R1	NFCORE_NANOSEQ:NANOSEQ:QCFASTQ_NANOPLOT_FASTQC:FASTQC (K562_R1)	COMPLETED	0	-	quay.io/biocontainers/fastqc:0.11.9--0	6	28800000	-	45097156608	1	1772829878526	1772829879000	1772829958000	79474	78000	-	102.4	0.4	1177243648	4628537344	1177243648	4629667840	1449034095	2119926	2796471	6104	0	2633728	12	7	/input/data/work/ba/981f4f5baaeb06dccd672b3642233d	true	-	Intel Xeon Silver 4314
6	hu-worker-c40	43/e792e0	nf-43e792e0e53505662e2c404b05053d9c-22c18	NFCORE_NANOSEQ:NANOSEQ:QCFASTQ_NANOPLOT_FASTQC:FASTQC	A549_R2	NFCORE_NANOSEQ:NANOSEQ:QCFASTQ_NANOPLOT_FASTQC:FASTQC (A549_R2)	COMPLETED	0	-	quay.io/biocontainers/fastqc:0.11.9--0	6	28800000	-	45097156608	1	1772829865002	1772829870000	1772829991000	125998	118000	-	105.6	0.6	1623441408	4833021952	1623441408	4898537472	2388065040	2038328	4630442	5964	0	2670592	7	1	/input/data/work/43/e792e0e53505662e2c404b05053d9c	true	-	Intel Xeon Silver 4314
21	hu-worker-c45	ee/7542ca	nf-ee7542ca64201ec826dc18ff1bf87f50-7592c	NFCORE_NANOSEQ:NANOSEQ:ALIGN_MINIMAP2:MINIMAP2_INDEX	genome.fa	NFCORE_NANOSEQ:NANOSEQ:ALIGN_MINIMAP2:MINIMAP2_INDEX (genome.fa)	COMPLETED	0	-	quay.io/biocontainers/minimap2:2.17--hed695b0_3	12	57600000	-	90194313216	1	1772829896566	1772829897000	1772829990000	93434	81000	-	232.2	6.8	18297909248	22402617344	19359264768	23855484928	3147331919	11574289220	192231	684930	0	11574296576	87	120	/input/data/work/ee/7542ca64201ec826dc18ff1bf87f50	true	-	Intel Xeon Silver 4314
14	hu-worker-c40	d1/8936c3	nf-d18936c3e6c7710923cd0fb1b0489a41-fb9fd	NFCORE_NANOSEQ:NANOSEQ:QCFASTQ_NANOPLOT_FASTQC:NANOPLOT	K562_R1	NFCORE_NANOSEQ:NANOSEQ:QCFASTQ_NANOPLOT_FASTQC:NANOPLOT (K562_R1)	COMPLETED	0	-	quay.io/biocontainers/nanoplot:1.41.0--pyhdfd78af_0	2	14400000	-	12884901888	1	1772829878570	1772829879000	1772830013000	134430	134000	-	99.9	0.2	1973710848	33714663424	2012004352	54964686848	1497468711	18538169	8479	551	0	10342400	2065	1514	/input/data/work/d1/8936c3e6c7710923cd0fb1b0489a41	true	-	Intel Xeon Silver 4314
3	hu-worker-c45	0e/cdb8c0	nf-0ecdb8c093bdae0030e98fd5b955990a-8c62a	NFCORE_NANOSEQ:NANOSEQ:QCFASTQ_NANOPLOT_FASTQC:NANOPLOT	A549_R1	NFCORE_NANOSEQ:NANOSEQ:QCFASTQ_NANOPLOT_FASTQC:NANOPLOT (A549_R1)	COMPLETED	0	-	quay.io/biocontainers/nanoplot:1.41.0--pyhdfd78af_0	2	14400000	-	12884901888	1	1772829819248	1772829827000	1772830054000	234752	226000	-	99.2	0.3	2424463360	39660720128	2602188800	65281445888	2412894403	27583002	8834	551	0	10330112	2193	1691	/input/data/work/0e/cdb8c093bdae0030e98fd5b955990a	true	-	Intel Xeon Silver 4314
18	hu-worker-c40	24/0c219b	nf-240c219bb0e849ce397375ead526652a-2a881	NFCORE_NANOSEQ:NANOSEQ:QCFASTQ_NANOPLOT_FASTQC:FASTQC	K562_R3	NFCORE_NANOSEQ:NANOSEQ:QCFASTQ_NANOPLOT_FASTQC:FASTQC (K562_R3)	COMPLETED	0	-	quay.io/biocontainers/fastqc:0.11.9--0	6	28800000	-	45097156608	1	1772829928638	1772829929000	1772830070000	141362	140000	-	93.0	0.4	1174294528	4696698880	1174392832	4761714688	2397108633	2231314	4648118	6233	0	2961408	12	8	/input/data/work/24/0c219bb0e849ce397375ead526652a	true	-	Intel Xeon Silver 4314
7	hu-worker-c45	9b/01290f	nf-9b01290f53e5dbfcac491de093dd8482-7f844	NFCORE_NANOSEQ:NANOSEQ:QCFASTQ_NANOPLOT_FASTQC:NANOPLOT	A549_R2	NFCORE_NANOSEQ:NANOSEQ:QCFASTQ_NANOPLOT_FASTQC:NANOPLOT (A549_R2)	COMPLETED	0	-	quay.io/biocontainers/nanoplot:1.41.0--pyhdfd78af_0	2	14400000	-	12884901888	1	1772829865064	1772829865000	1772830084000	218936	219000	-	99.6	0.2	1804677120	33208369152	1817595904	54480523264	2443468610	25599007	8812	551	4198400	10407936	1606	2600	/input/data/work/9b/01290f53e5dbfcac491de093dd8482	true	-	Intel Xeon Silver 4314
19	hu-worker-c44	42/c96da7	nf-42c96da7d0190689bc37f4a9029719b5-3315d	NFCORE_NANOSEQ:NANOSEQ:QCFASTQ_NANOPLOT_FASTQC:NANOPLOT	K562_R3	NFCORE_NANOSEQ:NANOSEQ:QCFASTQ_NANOPLOT_FASTQC:NANOPLOT (K562_R3)	COMPLETED	0	-	quay.io/biocontainers/nanoplot:1.41.0--pyhdfd78af_0	2	14400000	-	12884901888	1	1772829928581	1772829929000	1772830142000	213419	212000	-	99.4	0.2	1932222464	33551769600	1959481344	54783610880	2448853149	21970705	8754	551	0	10350592	1742	1911	/input/data/work/42/c96da7d0190689bc37f4a9029719b5	true	-	Intel Xeon Silver 4314
26	hu-worker-c42	08/166ae6	nf-08166ae687818aecc9ef97d8d7ed3cc7-238de	NFCORE_NANOSEQ:NANOSEQ:ALIGN_MINIMAP2:MINIMAP2_ALIGN	K562_R2	NFCORE_NANOSEQ:NANOSEQ:ALIGN_MINIMAP2:MINIMAP2_ALIGN (K562_R2)	COMPLETED	0	-	quay.io/biocontainers/minimap2:2.17--hed695b0_3	6	28800000	-	45097156608	1	1772830006107	1772830008000	1772830695000	688893	685000	-	567.1	7.6	20515930112	21067472896	20687790080	21235240960	12127102514	1444979969	70004	347856	0	1444990976	1010	1467	/input/data/work/08/166ae687818aecc9ef97d8d7ed3cc7	true	-	Intel Xeon Silver 4314
28	hu-worker-c40	22/9fa620	nf-229fa620332ecd7721bae6fa3bbdb86c-f5fdd	NFCORE_NANOSEQ:NANOSEQ:BAM_SORT_INDEX_SAMTOOLS:SAMTOOLS_VIEW_BAM	K562_R2	NFCORE_NANOSEQ:NANOSEQ:BAM_SORT_INDEX_SAMTOOLS:SAMTOOLS_VIEW_BAM (K562_R2)	COMPLETED	0	-	quay.io/biocontainers/samtools:1.15.1--h1170115_0	6	28800000	-	45097156608	1	1772830703190	1772830706000	1772830712000	8810	5000	-	576.1	0.0	50946048	625467392	50946048	686477312	1445087348	702949095	6293	19302	0	703107072	13196	19	/input/data/work/22/9fa620332ecd7721bae6fa3bbdb86c	true	-	Intel Xeon Silver 4314
29	hu-worker-c45	0e/a4ea04	nf-0ea4ea0452ac98b8683818c0b8474e66-9fd5e	NFCORE_NANOSEQ:NANOSEQ:BAM_SORT_INDEX_SAMTOOLS:SAMTOOLS_SORT	K562_R2	NFCORE_NANOSEQ:NANOSEQ:BAM_SORT_INDEX_SAMTOOLS:SAMTOOLS_SORT (K562_R2)	COMPLETED	0	-	quay.io/biocontainers/samtools:1.16.1--h6899075_1	6	28800000	-	45097156608	1	1772830715974	1772830716000	1772830741000	25026	24000	-	198.7	0.5	1304977408	5731049472	1320587264	5735559168	703085257	677421704	23351	19307	0	677576704	25965	63	/input/data/work/0e/a4ea0452ac98b8683818c0b8474e66	true	-	Intel Xeon Silver 4314
30	hu-worker-c40	35/cecda9	nf-35cecda9373e0654a35d78e414ccfc91-22b28	NFCORE_NANOSEQ:NANOSEQ:BAM_SORT_INDEX_SAMTOOLS:SAMTOOLS_INDEX	K562_R2	NFCORE_NANOSEQ:NANOSEQ:BAM_SORT_INDEX_SAMTOOLS:SAMTOOLS_INDEX (K562_R2)	COMPLETED	0	-	quay.io/biocontainers/samtools:1.16.1--h6899075_1	2	14400000	-	12884901888	1	1772830745994	1772830746000	1772830752000	6006	6000	-	142.6	0.0	14233600	171503616	14233600	231587840	677557206	2038132	22370	515	0	2043904	16651	23	/input/data/work/35/cecda9373e0654a35d78e414ccfc91	true	-	Intel Xeon Silver 4314
32	hu-worker-c42	b0/6ad73b	nf-b06ad73b296cf0b7278f2948dd14f038-8fc67	NFCORE_NANOSEQ:NANOSEQ:BAM_SORT_INDEX_SAMTOOLS:BAM_STATS_SAMTOOLS:SAMTOOLS_IDXSTATS	K562_R2	NFCORE_NANOSEQ:NANOSEQ:BAM_SORT_INDEX_SAMTOOLS:BAM_STATS_SAMTOOLS:SAMTOOLS_IDXSTATS (K562_R2)	COMPLETED	0	-	quay.io/biocontainers/samtools:1.16.1--h6899075_1	1	14400000	-	6442450944	1	1772830756085	1772830756000	1772830757000	915	1000	-	34.9	0.0	3207168	5640192	3207168	5644288	2207248	5473	260	19	8286208	12288	3	3	/input/data/work/b0/6ad73b296cf0b7278f2948dd14f038	true	-	Intel Xeon Silver 4314
33	hu-worker-c45	13/aa6f61	nf-13aa6f6148874d209dc52255debd3b01-3ca40	NFCORE_NANOSEQ:NANOSEQ:BAM_SORT_INDEX_SAMTOOLS:BAM_STATS_SAMTOOLS:SAMTOOLS_FLAGSTAT	K562_R2	NFCORE_NANOSEQ:NANOSEQ:BAM_SORT_INDEX_SAMTOOLS:BAM_STATS_SAMTOOLS:SAMTOOLS_FLAGSTAT (K562_R2)	COMPLETED	0	-	quay.io/biocontainers/samtools:1.16.1--h6899075_1	1	14400000	-	6442450944	1	1772830756044	1772830756000	1772830762000	5956	6000	-	123.7	0.0	7204864	164339712	7204864	231587840	677557213	5445	22370	19	0	12288	18442	18	/input/data/work/13/aa6f6148874d209dc52255debd3b01	true	-	Intel Xeon Silver 4314
31	hu-worker-c42	1b/48d529	nf-1b48d529fb35b0f806e99a96c9d46304-cd7bc	NFCORE_NANOSEQ:NANOSEQ:BAM_SORT_INDEX_SAMTOOLS:BAM_STATS_SAMTOOLS:SAMTOOLS_STATS	K562_R2	NFCORE_NANOSEQ:NANOSEQ:BAM_SORT_INDEX_SAMTOOLS:BAM_STATS_SAMTOOLS:SAMTOOLS_STATS (K562_R2)	COMPLETED	0	-	quay.io/biocontainers/samtools:1.16.1--h6899075_1	1	14400000	-	6442450944	1	1772830756167	1772830756000	1772830770000	13833	13000	-	166.3	0.1	139505664	297431040	139505664	297459712	677558011	5333749	22370	1319	4370432	5337088	662	123	/input/data/work/1b/48d529fb35b0f806e99a96c9d46304	true	-	Intel Xeon Silver 4314
35	hu-worker-c40	40/355255	nf-4035525515ddabe7ec7e38908ff596c7-a6bc5	NFCORE_NANOSEQ:NANOSEQ:BEDTOOLS_UCSC_BIGBED:BEDTOOLS_BAMBED	-	NFCORE_NANOSEQ:NANOSEQ:BEDTOOLS_UCSC_BIGBED:BEDTOOLS_BAMBED (1)	COMPLETED	0	-	quay.io/biocontainers/bedtools:2.29.2--hc088bd4_0	6	28800000	-	45097156608	1	1772830756014	1772830756000	1772830774000	17986	17000	-	154.9	0.2	620986368	735547392	620986368	735551488	766351299	177681264	44000	43396	0	88850432	12757	131	/input/data/work/40/35525515ddabe7ec7e38908ff596c7	true	-	Intel Xeon Silver 4314
36	hu-worker-c42	e5/c2e4b3	nf-e5c2e4b3f4b629ff29f6fdfd610df081-7e291	NFCORE_NANOSEQ:NANOSEQ:BEDTOOLS_UCSC_BIGBED:UCSC_BED12TOBIGBED	K562_R2	NFCORE_NANOSEQ:NANOSEQ:BEDTOOLS_UCSC_BIGBED:UCSC_BED12TOBIGBED (K562_R2)	COMPLETED	0	-	quay.io/biocontainers/ucsc-bedtobigbed:377--h446ed27_1	6	28800000	-	45097156608	1	1772830776057	1772830776000	1772830785000	8943	8000	-	72.8	0.0	8650752	36651008	8785920	36786176	266631362	33137001	4210	3880	5881856	33148928	2776	2757	/input/data/work/e5/c2e4b3f4b629ff29f6fdfd610df081	true	-	Intel Xeon Silver 4314
34	hu-worker-c45	38/118e6b	nf-38118e6bf6915dcfc4b456631c462d8e-91ea1	NFCORE_NANOSEQ:NANOSEQ:BEDTOOLS_UCSC_BIGWIG:BEDTOOLS_GENOMECOV	K562_R2	NFCORE_NANOSEQ:NANOSEQ:BEDTOOLS_UCSC_BIGWIG:BEDTOOLS_GENOMECOV (K562_R2)	COMPLETED	0	-	quay.io/biocontainers/bedtools:2.29.2--hc088bd4_0	6	28800000	-	45097156608	1	1772830756124	1772830756000	1772830813000	56876	56000	-	122.8	1.2	3099983872	3622715392	4936110080	5541842944	868338274	381655361	75143	8256241	0	190836736	27772	345	/input/data/work/38/118e6bf6915dcfc4b456631c462d8e	true	-	Intel Xeon Silver 4314
37	hu-worker-c45	28/59678d	nf-2859678d75f1d89912ffce48f4df113c-5ba44	NFCORE_NANOSEQ:NANOSEQ:BEDTOOLS_UCSC_BIGWIG:UCSC_BEDGRAPHTOBIGWIG	K562_R2	NFCORE_NANOSEQ:NANOSEQ:BEDTOOLS_UCSC_BIGWIG:UCSC_BEDGRAPHTOBIGWIG (K562_R2)	COMPLETED	0	-	quay.io/biocontainers/ucsc-bedgraphtobigwig:377--h446ed27_1	6	28800000	-	45097156608	1	1772830816079	1772830816000	1772830835000	18921	17000	-	78.7	0.0	22441984	50176000	22511616	50180096	572526878	40004749	8877	8671	0	40017920	2972	2907	/input/data/work/28/59678d75f1d89912ffce48f4df113c	true	-	Intel Xeon Silver 4314
24	hu-worker-c40	0f/4728fe	nf-0f4728fe4aa891ea5b6d1b9cc56a15a4-82677	NFCORE_NANOSEQ:NANOSEQ:ALIGN_MINIMAP2:MINIMAP2_ALIGN	A549_R3	NFCORE_NANOSEQ:NANOSEQ:ALIGN_MINIMAP2:MINIMAP2_ALIGN (A549_R3)	COMPLETED	0	-	quay.io/biocontainers/minimap2:2.17--hed695b0_3	6	28800000	-	45097156608	1	1772830006257	1772830006000	1772831012000	1005743	1002000	-	586.4	8.3	22313840640	22830903296	22790070272	23309062144	12659739974	2726019033	135023	657862	0	2726027264	732	2972	/input/data/work/0f/4728fe4aa891ea5b6d1b9cc56a15a4	true	-	Intel Xeon Silver 4314
38	hu-worker-c40	eb/823ef7	nf-eb823ef7b69c27a727044766bb8353cf-f0630	NFCORE_NANOSEQ:NANOSEQ:BAM_SORT_INDEX_SAMTOOLS:SAMTOOLS_VIEW_BAM	A549_R3	NFCORE_NANOSEQ:NANOSEQ:BAM_SORT_INDEX_SAMTOOLS:SAMTOOLS_VIEW_BAM (A549_R3)	COMPLETED	0	-	quay.io/biocontainers/samtools:1.15.1--h1170115_0	6	28800000	-	45097156608	1	1772831015964	1772831017000	1772831028000	12036	10000	-	589.2	0.0	76537856	639016960	76537856	685555712	2726126351	1359961723	11181	36148	0	1360252928	22427	30	/input/data/work/eb/823ef7b69c27a727044766bb8353cf	true	-	Intel Xeon Silver 4314
39	hu-worker-c40	6d/46c8a2	nf-6d46c8a28f9f8248711199cebc5acff6-533ec	NFCORE_NANOSEQ:NANOSEQ:BAM_SORT_INDEX_SAMTOOLS:SAMTOOLS_SORT	A549_R3	NFCORE_NANOSEQ:NANOSEQ:BAM_SORT_INDEX_SAMTOOLS:SAMTOOLS_SORT (A549_R3)	COMPLETED	0	-	quay.io/biocontainers/samtools:1.16.1--h6899075_1	6	28800000	-	45097156608	1	1772831031000	1772831031000	1772831045000	14000	12000	-	565.3	0.9	2455547904	5959585792	2493931520	5982920704	1360097978	1261857094	45645	36146	0	1262149632	24615	64	/input/data/work/6d/46c8a28f9f8248711199cebc5acff6	true	-	Intel Xeon Silver 4314
40	hu-worker-c40	a4/beb19f	nf-a4beb19fb0ccb37428c1b1e492266556-17ae3	NFCORE_NANOSEQ:NANOSEQ:BAM_SORT_INDEX_SAMTOOLS:SAMTOOLS_INDEX	A549_R3	NFCORE_NANOSEQ:NANOSEQ:BAM_SORT_INDEX_SAMTOOLS:SAMTOOLS_INDEX (A549_R3)	COMPLETED	0	-	quay.io/biocontainers/samtools:1.16.1--h6899075_1	2	14400000	-	12884901888	1	1772831050919	1772831055000	1772831066000	15081	11000	-	154.5	0.0	15523840	172654592	15523840	231587840	1261992603	2093357	41288	528	0	2097152	32868	49	/input/data/work/a4/beb19fb0ccb37428c1b1e492266556	true	-	Intel Xeon Silver 4314
25	hu-worker-c44	67/7853b7	nf-677853b7b8e1365bc10e7d563f52851a-4a64d	NFCORE_NANOSEQ:NANOSEQ:ALIGN_MINIMAP2:MINIMAP2_ALIGN	K562_R1	NFCORE_NANOSEQ:NANOSEQ:ALIGN_MINIMAP2:MINIMAP2_ALIGN (K562_R1)	COMPLETED	0	-	quay.io/biocontainers/minimap2:2.17--hed695b0_3	6	28800000	-	45097156608	1	1772830006138	1772830006000	1772831065000	1058862	1054000	-	582.3	7.8	20943515648	21400334336	21019758592	21450653696	13002497735	3606204380	176863	875560	0	3606212608	957	1510	/input/data/work/67/7853b7b8e1365bc10e7d563f52851a	true	-	Intel Xeon Silver 4314
42	hu-worker-c40	96/883b64	nf-96883b64a2a6514f9001a20cad33a5eb-8d921	NFCORE_NANOSEQ:NANOSEQ:BAM_SORT_INDEX_SAMTOOLS:BAM_STATS_SAMTOOLS:SAMTOOLS_IDXSTATS	A549_R3	NFCORE_NANOSEQ:NANOSEQ:BAM_SORT_INDEX_SAMTOOLS:BAM_STATS_SAMTOOLS:SAMTOOLS_IDXSTATS (A549_R3)	COMPLETED	0	-	quay.io/biocontainers/samtools:1.16.1--h6899075_1	1	14400000	-	6442450944	1	1772831071041	1772831076000	1772831076000	4959	0	-	60.0	0.0	3174400	5640192	3174400	5644288	2262462	5483	260	19	0	12288	2	2	/input/data/work/96/883b64a2a6514f9001a20cad33a5eb	true	-	Intel Xeon Silver 4314
41	hu-worker-c45	6b/80aa81	nf-6b80aa81595f4faca172a7771492b180-8d859	NFCORE_NANOSEQ:NANOSEQ:BAM_SORT_INDEX_SAMTOOLS:BAM_STATS_SAMTOOLS:SAMTOOLS_FLAGSTAT	A549_R3	NFCORE_NANOSEQ:NANOSEQ:BAM_SORT_INDEX_SAMTOOLS:BAM_STATS_SAMTOOLS:SAMTOOLS_FLAGSTAT (A549_R3)	COMPLETED	0	-	quay.io/biocontainers/samtools:1.16.1--h6899075_1	1	14400000	-	6442450944	1	1772831071122	1772831071000	1772831082000	10878	10000	-	123.3	0.0	7135232	164605952	7135232	231587840	1261992610	5450	41288	19	0	12288	35127	35	/input/data/work/6b/80aa81595f4faca172a7771492b180	true	-	Intel Xeon Silver 4314
46	hu-worker-c45	5e/b2de58	nf-5eb2de58b35827dd4ac61a0414d110b4-52c92	NFCORE_NANOSEQ:NANOSEQ:BAM_SORT_INDEX_SAMTOOLS:SAMTOOLS_VIEW_BAM	K562_R1	NFCORE_NANOSEQ:NANOSEQ:BAM_SORT_INDEX_SAMTOOLS:SAMTOOLS_VIEW_BAM (K562_R1)	COMPLETED	0	-	quay.io/biocontainers/samtools:1.15.1--h1170115_0	6	28800000	-	45097156608	1	1772831072097	1772831072000	1772831090000	17903	17000	-	520.6	0.0	55664640	621096960	55664640	686477312	3606311594	1772160847	15359	49669	0	1772568576	33255	63	/input/data/work/5e/b2de58b35827dd4ac61a0414d110b4	true	-	Intel Xeon Silver 4314
43	hu-worker-c44	58/f0be12	nf-58f0be1294b3e6e107a2f0772bcdebc6-20bc3	NFCORE_NANOSEQ:NANOSEQ:BAM_SORT_INDEX_SAMTOOLS:BAM_STATS_SAMTOOLS:SAMTOOLS_STATS	A549_R3	NFCORE_NANOSEQ:NANOSEQ:BAM_SORT_INDEX_SAMTOOLS:BAM_STATS_SAMTOOLS:SAMTOOLS_STATS (A549_R3)	COMPLETED	0	-	quay.io/biocontainers/samtools:1.16.1--h6899075_1	1	14400000	-	6442450944	1	1772831071152	1772831071000	1772831095000	23848	24000	-	166.2	0.0	115097600	273014784	115097600	273084416	1261993466	24969771	41288	6113	0	24973312	1447	288	/input/data/work/58/f0be1294b3e6e107a2f0772bcdebc6	true	-	Intel Xeon Silver 4314
44	hu-worker-c40	45/1f2fdc	nf-451f2fdcc3f1603a7ea30934d11080b8-6495b	NFCORE_NANOSEQ:NANOSEQ:BEDTOOLS_UCSC_BIGBED:BEDTOOLS_BAMBED	-	NFCORE_NANOSEQ:NANOSEQ:BEDTOOLS_UCSC_BIGBED:BEDTOOLS_BAMBED (2)	COMPLETED	0	-	quay.io/biocontainers/bedtools:2.29.2--hc088bd4_0	6	28800000	-	45097156608	1	1772831070985	1772831076000	1772831113000	42015	36000	-	153.5	0.4	1129709568	1239183360	1129709568	1239187456	1431349024	338805926	82587	82734	0	169414656	24401	798	/input/data/work/45/1f2fdcc3f1603a7ea30934d11080b8	true	-	Intel Xeon Silver 4314
48	hu-worker-c45	77/95140a	nf-7795140ad39dd52838a24ef7c68c2ce2-c7d02	NFCORE_NANOSEQ:NANOSEQ:BEDTOOLS_UCSC_BIGBED:UCSC_BED12TOBIGBED	A549_R3	NFCORE_NANOSEQ:NANOSEQ:BEDTOOLS_UCSC_BIGBED:UCSC_BED12TOBIGBED (A549_R3)	COMPLETED	0	-	quay.io/biocontainers/ucsc-bedtobigbed:377--h446ed27_1	6	28800000	-	45097156608	1	1772831116175	1772831116000	1772831130000	13825	13000	-	74.9	0.0	8892416	36794368	9023488	36864000	508318260	57245552	7903	6368	0	57257984	2644	2714	/input/data/work/77/95140ad39dd52838a24ef7c68c2ce2	true	-	Intel Xeon Silver 4314
47	hu-worker-c40	af/0a423d	nf-af0a423d3823e121d1733b64c7c9456c-3245f	NFCORE_NANOSEQ:NANOSEQ:BAM_SORT_INDEX_SAMTOOLS:SAMTOOLS_SORT	K562_R1	NFCORE_NANOSEQ:NANOSEQ:BAM_SORT_INDEX_SAMTOOLS:SAMTOOLS_SORT (K562_R1)	COMPLETED	0	-	quay.io/biocontainers/samtools:1.16.1--h6899075_1	6	28800000	-	45097156608	1	1772831091027	1772831091000	1772831144000	52973	52000	-	234.7	1.2	3339022336	5959356416	3383676928	6024626176	1772297113	1667340440	57834	49672	0	1667739648	63376	80	/input/data/work/af/0a423d3823e121d1733b64c7c9456c	true	-	Intel Xeon Silver 4314
45	hu-worker-c42	20/b773ed	nf-20b773ed678d44dbd4ddadec92ea3eda-41185	NFCORE_NANOSEQ:NANOSEQ:BEDTOOLS_UCSC_BIGWIG:BEDTOOLS_GENOMECOV	A549_R3	NFCORE_NANOSEQ:NANOSEQ:BEDTOOLS_UCSC_BIGWIG:BEDTOOLS_GENOMECOV (A549_R3)	COMPLETED	0	-	quay.io/biocontainers/bedtools:2.29.2--hc088bd4_0	6	28800000	-	45097156608	1	1772831071095	1772831071000	1772831158000	86905	86000	-	118.2	2.0	5297676288	6525886464	6049366016	7277887488	1541161052	558429935	122248	11939497	0	279224320	41460	776	/input/data/work/20/b773ed678d44dbd4ddadec92ea3eda	true	-	Intel Xeon Silver 4314
49	hu-worker-c45	84/74082b	nf-8474082b6f3db03d6b2aa6fee0e02eb7-faa5a	NFCORE_NANOSEQ:NANOSEQ:BAM_SORT_INDEX_SAMTOOLS:SAMTOOLS_INDEX	K562_R1	NFCORE_NANOSEQ:NANOSEQ:BAM_SORT_INDEX_SAMTOOLS:SAMTOOLS_INDEX (K562_R1)	COMPLETED	0	-	quay.io/biocontainers/samtools:1.16.1--h6899075_1	2	14400000	-	12884901888	1	1772831146637	1772831147000	1772831160000	13363	13000	-	147.9	0.0	14622720	172027904	14622720	231587840	1667475864	2253292	53636	567	0	2256896	35365	172	/input/data/work/84/74082b6f3db03d6b2aa6fee0e02eb7	true	-	Intel Xeon Silver 4314
53	hu-worker-c42	3b/e55fbc	nf-3be55fbc60885668a8ce06c05dd6d61f-dff57	NFCORE_NANOSEQ:NANOSEQ:BAM_SORT_INDEX_SAMTOOLS:BAM_STATS_SAMTOOLS:SAMTOOLS_IDXSTATS	K562_R1	NFCORE_NANOSEQ:NANOSEQ:BAM_SORT_INDEX_SAMTOOLS:BAM_STATS_SAMTOOLS:SAMTOOLS_IDXSTATS (K562_R1)	COMPLETED	0	-	quay.io/biocontainers/samtools:1.16.1--h6899075_1	1	14400000	-	6442450944	1	1772831166068	1772831166000	1772831166000	-68	0	-	68.1	0.0	3227648	5640192	3227648	5644288	2422409	5485	263	19	0	12288	3	3	/input/data/work/3b/e55fbc60885668a8ce06c05dd6d61f	true	-	Intel Xeon Silver 4314
51	hu-worker-c45	34/46a864	nf-3446a864c0109fdf7be62619952ce573-34d84	NFCORE_NANOSEQ:NANOSEQ:BAM_SORT_INDEX_SAMTOOLS:BAM_STATS_SAMTOOLS:SAMTOOLS_FLAGSTAT	K562_R1	NFCORE_NANOSEQ:NANOSEQ:BAM_SORT_INDEX_SAMTOOLS:BAM_STATS_SAMTOOLS:SAMTOOLS_FLAGSTAT (K562_R1)	COMPLETED	0	-	quay.io/biocontainers/samtools:1.16.1--h6899075_1	1	14400000	-	6442450944	1	1772831165973	1772831166000	1772831178000	12027	12000	-	140.0	0.0	7065600	164339712	7065600	231587840	1667475958	5450	53636	19	0	12288	41874	28	/input/data/work/34/46a864c0109fdf7be62619952ce573	true	-	Intel Xeon Silver 4314
50	hu-worker-c40	31/5a7050	nf-315a7050c59855997cddc7753fe1fac4-4e4fe	NFCORE_NANOSEQ:NANOSEQ:BEDTOOLS_UCSC_BIGWIG:UCSC_BEDGRAPHTOBIGWIG	A549_R3	NFCORE_NANOSEQ:NANOSEQ:BEDTOOLS_UCSC_BIGWIG:UCSC_BEDGRAPHTOBIGWIG (A549_R3)	COMPLETED	0	-	quay.io/biocontainers/ucsc-bedgraphtobigwig:377--h446ed27_1	6	28800000	-	45097156608	1	1772831161091	1772831167000	1772831193000	31909	24000	-	80.6	0.0	8609792	36368384	8679424	36372480	837688832	52620217	12924	11596	0	52633600	4343	4400	/input/data/work/31/5a7050c59855997cddc7753fe1fac4	true	-	Intel Xeon Silver 4314
52	hu-worker-c42	37/082701	nf-37082701790e0b32d919417a55275e5f-782c4	NFCORE_NANOSEQ:NANOSEQ:BAM_SORT_INDEX_SAMTOOLS:BAM_STATS_SAMTOOLS:SAMTOOLS_STATS	K562_R1	NFCORE_NANOSEQ:NANOSEQ:BAM_SORT_INDEX_SAMTOOLS:BAM_STATS_SAMTOOLS:SAMTOOLS_STATS (K562_R1)	COMPLETED	0	-	quay.io/biocontainers/samtools:1.16.1--h6899075_1	1	14400000	-	6442450944	1	1772831166115	1772831166000	1772831200000	33885	34000	-	167.4	0.0	56131584	214093824	56131584	233005056	1667476749	2738423	53636	686	0	2744320	2375	290	/input/data/work/37/082701790e0b32d919417a55275e5f	true	-	Intel Xeon Silver 4314
54	hu-worker-c40	d8/2ab141	nf-d82ab141dbfd7c9a516e07dbd40f40ba-c7d1e	NFCORE_NANOSEQ:NANOSEQ:BEDTOOLS_UCSC_BIGBED:BEDTOOLS_BAMBED	-	NFCORE_NANOSEQ:NANOSEQ:BEDTOOLS_UCSC_BIGBED:BEDTOOLS_BAMBED (3)	COMPLETED	0	-	quay.io/biocontainers/bedtools:2.29.2--hc088bd4_0	6	28800000	-	45097156608	1	1772831166037	1772831167000	1772831215000	48963	46000	-	152.8	0.5	1418137600	1572913152	1418137600	1572917248	1883221731	431584646	106260	105384	4194304	215801856	31500	837	/input/data/work/d8/2ab141dbfd7c9a516e07dbd40f40ba	true	-	Intel Xeon Silver 4314
56	hu-worker-c40	15/661e1b	nf-15661e1b3c062239606527d9086ef46b-85b80	NFCORE_NANOSEQ:NANOSEQ:BEDTOOLS_UCSC_BIGBED:UCSC_BED12TOBIGBED	K562_R1	NFCORE_NANOSEQ:NANOSEQ:BEDTOOLS_UCSC_BIGBED:UCSC_BED12TOBIGBED (K562_R1)	COMPLETED	0	-	quay.io/biocontainers/ucsc-bedtobigbed:377--h446ed27_1	6	28800000	-	45097156608	1	1772831220957	1772831229000	1772831240000	19043	9000	-	99.9	0.0	16203776	43880448	16273408	44019712	647486430	71235251	10027	7911	0	71249920	16	111	/input/data/work/15/661e1b3c062239606527d9086ef46b	true	-	Intel Xeon Silver 4314
55	hu-worker-c44	61/afe9d2	nf-61afe9d264ff73b549ad0a3e4e5989b3-447a2	NFCORE_NANOSEQ:NANOSEQ:BEDTOOLS_UCSC_BIGWIG:BEDTOOLS_GENOMECOV	K562_R1	NFCORE_NANOSEQ:NANOSEQ:BEDTOOLS_UCSC_BIGWIG:BEDTOOLS_GENOMECOV (K562_R1)	COMPLETED	0	-	quay.io/biocontainers/bedtools:2.29.2--hc088bd4_0	6	28800000	-	45097156608	1	1772831166007	1772831166000	1772831288000	121993	121000	-	119.2	2.9	7682334720	9532162048	8727523328	10686873600	2113435441	892011906	210757	19149021	0	446017536	82870	1005	/input/data/work/61/afe9d264ff73b549ad0a3e4e5989b3	true	-	Intel Xeon Silver 4314
57	hu-worker-c40	e4/36a44a	nf-e436a44a58d543215c989d2fb27114b5-ae5b2	NFCORE_NANOSEQ:NANOSEQ:BEDTOOLS_UCSC_BIGWIG:UCSC_BEDGRAPHTOBIGWIG	K562_R1	NFCORE_NANOSEQ:NANOSEQ:BEDTOOLS_UCSC_BIGWIG:UCSC_BEDGRAPHTOBIGWIG (K562_R1)	COMPLETED	0	-	quay.io/biocontainers/ucsc-bedgraphtobigwig:377--h446ed27_1	6	28800000	-	45097156608	1	1772831291191	1772831300000	1772831342000	50809	40000	-	75.3	0.0	8876032	36536320	8945664	36540416	1338061777	82700557	20559	18629	0	82714624	6928	6071	/input/data/work/e4/36a44a58d543215c989d2fb27114b5	true	-	Intel Xeon Silver 4314
22	hu-worker-c45	1c/a11a7f	nf-1ca11a7fe4fd2859c344a7ce02132baf-a2c24	NFCORE_NANOSEQ:NANOSEQ:ALIGN_MINIMAP2:MINIMAP2_ALIGN	A549_R1	NFCORE_NANOSEQ:NANOSEQ:ALIGN_MINIMAP2:MINIMAP2_ALIGN (A549_R1)	COMPLETED	0	-	quay.io/biocontainers/minimap2:2.17--hed695b0_3	6	28800000	-	45097156608	1	1772830006180	1772830006000	1772831495000	1488820	1483000	-	594.7	7.8	20962250752	21383565312	21374279680	21794615296	13908854276	5951401628	287503	1451598	0	5951410176	14	56	/input/data/work/1c/a11a7fe4fd2859c344a7ce02132baf	true	-	Intel Xeon Silver 4314
58	hu-worker-c40	00/06605a	nf-0006605af967cab629b7fa2c326ef2b4-27d6e	NFCORE_NANOSEQ:NANOSEQ:BAM_SORT_INDEX_SAMTOOLS:SAMTOOLS_VIEW_BAM	A549_R1	NFCORE_NANOSEQ:NANOSEQ:BAM_SORT_INDEX_SAMTOOLS:SAMTOOLS_VIEW_BAM (A549_R1)	COMPLETED	0	-	quay.io/biocontainers/samtools:1.15.1--h1170115_0	6	28800000	-	45097156608	1	1772831495963	1772831504000	1772831533000	37037	24000	-	542.1	0.0	53407744	627671040	53407744	627675136	5951508847	2929858170	25144	81371	0	2930511872	44065	29	/input/data/work/00/06605af967cab629b7fa2c326ef2b4	true	-	Intel Xeon Silver 4314
59	hu-worker-c40	f2/78b901	nf-f278b90178cd52ec1176aa6932432c28-98cab	NFCORE_NANOSEQ:NANOSEQ:BAM_SORT_INDEX_SAMTOOLS:SAMTOOLS_SORT	A549_R1	NFCORE_NANOSEQ:NANOSEQ:BAM_SORT_INDEX_SAMTOOLS:SAMTOOLS_SORT (A549_R1)	COMPLETED	0	-	quay.io/biocontainers/samtools:1.16.1--h6899075_1	6	28800000	-	45097156608	1	1772831536315	1772831537000	1772831578000	41685	40000	-	566.4	1.8	4948795392	6010728448	5026471936	6075318272	5453567266	5238508479	240228	153474	0	5239177216	12167	162	/input/data/work/f2/78b90178cd52ec1176aa6932432c28	true	-	Intel Xeon Silver 4314
60	hu-worker-c40	2e/72dd63	nf-2e72dd635f7cfb6cae65676841739904-354be	NFCORE_NANOSEQ:NANOSEQ:BAM_SORT_INDEX_SAMTOOLS:SAMTOOLS_INDEX	A549_R1	NFCORE_NANOSEQ:NANOSEQ:BAM_SORT_INDEX_SAMTOOLS:SAMTOOLS_INDEX (A549_R1)	COMPLETED	0	-	quay.io/biocontainers/samtools:1.16.1--h6899075_1	2	14400000	-	12884901888	1	1772831581485	1772831582000	1772831605000	23515	23000	-	160.6	0.0	16928768	174243840	16928768	231587840	2715095922	2343661	87377	589	0	2347008	64003	78	/input/data/work/2e/72dd635f7cfb6cae65676841739904	true	-	Intel Xeon Silver 4314
61	hu-worker-c40	95/e22740	nf-95e227405fddca9ae91f0e5fb19495f2-3dcdf	NFCORE_NANOSEQ:NANOSEQ:BAM_SORT_INDEX_SAMTOOLS:BAM_STATS_SAMTOOLS:SAMTOOLS_IDXSTATS	A549_R1	NFCORE_NANOSEQ:NANOSEQ:BAM_SORT_INDEX_SAMTOOLS:BAM_STATS_SAMTOOLS:SAMTOOLS_IDXSTATS (A549_R1)	COMPLETED	0	-	quay.io/biocontainers/samtools:1.16.1--h6899075_1	1	14400000	-	6442450944	1	1772831610955	1772831617000	1772831620000	9045	2000	-	1.9	0.0	3227648	5640192	3227648	5644288	2512778	5496	264	19	0	12288	2	2	/input/data/work/95/e227405fddca9ae91f0e5fb19495f2	true	-	Intel Xeon Silver 4314
64	hu-worker-c45	1e/9300e1	nf-1e9300e1b3aa154e5be5c4788fad5daf-d0947	NFCORE_NANOSEQ:NANOSEQ:BAM_SORT_INDEX_SAMTOOLS:BAM_STATS_SAMTOOLS:SAMTOOLS_FLAGSTAT	A549_R1	NFCORE_NANOSEQ:NANOSEQ:BAM_SORT_INDEX_SAMTOOLS:BAM_STATS_SAMTOOLS:SAMTOOLS_FLAGSTAT (A549_R1)	COMPLETED	0	-	quay.io/biocontainers/samtools:1.16.1--h6899075_1	1	14400000	-	6442450944	1	1772831611088	1772831615000	1772831637000	25912	22000	-	138.7	0.0	7024640	164339712	7024640	231587840	2715095921	5451	87377	19	0	12288	71035	50	/input/data/work/1e/9300e1b3aa154e5be5c4788fad5daf	true	-	Intel Xeon Silver 4314
62	hu-worker-c44	9d/ba6726	nf-9dba67268103226f1443556010327fcf-dc23e	NFCORE_NANOSEQ:NANOSEQ:BAM_SORT_INDEX_SAMTOOLS:BAM_STATS_SAMTOOLS:SAMTOOLS_STATS	A549_R1	NFCORE_NANOSEQ:NANOSEQ:BAM_SORT_INDEX_SAMTOOLS:BAM_STATS_SAMTOOLS:SAMTOOLS_STATS (A549_R1)	COMPLETED	0	-	quay.io/biocontainers/samtools:1.16.1--h6899075_1	1	14400000	-	6442450944	1	1772831611120	1772831611000	1772831660000	48880	49000	-	169.8	0.0	81739776	239783936	81965056	240021504	2715096768	3757857	87377	935	0	3764224	5525	338	/input/data/work/9d/ba67268103226f1443556010327fcf	true	-	Intel Xeon Silver 4314
63	hu-worker-c45	9b/b84352	nf-9bb843529206ac48833196fca7dd38e7-64414	NFCORE_NANOSEQ:NANOSEQ:BEDTOOLS_UCSC_BIGBED:BEDTOOLS_BAMBED	-	NFCORE_NANOSEQ:NANOSEQ:BEDTOOLS_UCSC_BIGBED:BEDTOOLS_BAMBED (4)	COMPLETED	0	-	quay.io/biocontainers/bedtools:2.29.2--hc088bd4_0	6	28800000	-	45097156608	1	1772831611002	1772831615000	1772831689000	77998	72000	-	154.3	1.1	2875932672	3356061696	2875932672	3356086272	3146203420	862308276	192580	210542	0	431165440	61907	524	/input/data/work/9b/b843529206ac48833196fca7dd38e7	true	-	Intel Xeon Silver 4314
66	hu-worker-c44	2f/ad9ab8	nf-2fad9ab829f1a8d635571e00822b5993-c2c3b	NFCORE_NANOSEQ:NANOSEQ:BEDTOOLS_UCSC_BIGBED:UCSC_BED12TOBIGBED	A549_R1	NFCORE_NANOSEQ:NANOSEQ:BEDTOOLS_UCSC_BIGBED:UCSC_BED12TOBIGBED (A549_R1)	COMPLETED	0	-	quay.io/biocontainers/ucsc-bedtobigbed:377--h446ed27_1	6	28800000	-	45097156608	1	1772831691237	1772831691000	1772831711000	19763	19000	-	99.9	0.0	8957952	36904960	9089024	36974592	1293571973	132265877	19894	15476	0	132280320	17	189	/input/data/work/2f/ad9ab829f1a8d635571e00822b5993	true	-	Intel Xeon Silver 4314
65	hu-worker-c40	89/e2ec72	nf-89e2ec72656f455b6d19e727136b725b-21db0	NFCORE_NANOSEQ:NANOSEQ:BEDTOOLS_UCSC_BIGWIG:BEDTOOLS_GENOMECOV	A549_R1	NFCORE_NANOSEQ:NANOSEQ:BEDTOOLS_UCSC_BIGWIG:BEDTOOLS_GENOMECOV (A549_R1)	COMPLETED	0	-	quay.io/biocontainers/bedtools:2.29.2--hc088bd4_0	6	28800000	-	45097156608	1	1772831611060	1772831618000	1772831773000	161940	153000	-	110.6	2.3	6180167680	7289462784	7212396544	8431165440	3058354682	686610583	182175	14614418	0	343314432	57869	1556	/input/data/work/89/e2ec72656f455b6d19e727136b725b	true	-	Intel Xeon Silver 4314
67	hu-worker-c45	13/cc82cb	nf-13cc82cbf63fbf755c60daa2255829c9-f89f6	NFCORE_NANOSEQ:NANOSEQ:BEDTOOLS_UCSC_BIGWIG:UCSC_BEDGRAPHTOBIGWIG	A549_R1	NFCORE_NANOSEQ:NANOSEQ:BEDTOOLS_UCSC_BIGWIG:UCSC_BEDGRAPHTOBIGWIG (A549_R1)	COMPLETED	0	-	quay.io/biocontainers/ucsc-bedgraphtobigwig:377--h446ed27_1	6	28800000	-	45097156608	1	1772831775944	1772831778000	1772831798000	22056	19000	-	100.0	0.0	8622080	36429824	8691712	36433920	1029959716	63869859	15858	14254	0	63885312	15	228	/input/data/work/13/cc82cbf63fbf755c60daa2255829c9	true	-	Intel Xeon Silver 4314
27	hu-worker-c42	b9/b5343f	nf-b9b5343f7b585805ffc6b411504cf0f7-4408e	NFCORE_NANOSEQ:NANOSEQ:ALIGN_MINIMAP2:MINIMAP2_ALIGN	K562_R3	NFCORE_NANOSEQ:NANOSEQ:ALIGN_MINIMAP2:MINIMAP2_ALIGN (K562_R3)	COMPLETED	0	-	quay.io/biocontainers/minimap2:2.17--hed695b0_3	6	28800000	-	45097156608	1	1772830006212	1772830008000	1772832294000	2287788	2279000	-	592.5	8.2	22165348352	22724997120	22480822272	23177990144	13950473162	5933394201	292583	1428098	4194304	5933404160	995	1452	/input/data/work/b9/b5343f7b585805ffc6b411504cf0f7	true	-	Intel Xeon Silver 4314
68	hu-worker-c40	51/0b6127	nf-510b61276bcf4c99ab1da9e644df7d2b-3547f	NFCORE_NANOSEQ:NANOSEQ:BAM_SORT_INDEX_SAMTOOLS:SAMTOOLS_VIEW_BAM	K562_R3	NFCORE_NANOSEQ:NANOSEQ:BAM_SORT_INDEX_SAMTOOLS:SAMTOOLS_VIEW_BAM (K562_R3)	COMPLETED	0	-	quay.io/biocontainers/samtools:1.15.1--h1170115_0	6	28800000	-	45097156608	1	1772832296069	1772832303000	1772832327000	30931	22000	-	586.7	0.0	58085376	625610752	58085376	686477312	5933501417	2953692171	25139	78589	0	2954326016	50335	27	/input/data/work/51/0b61276bcf4c99ab1da9e644df7d2b	true	-	Intel Xeon Silver 4314
69	hu-worker-c40	14/296b9d	nf-14296b9d1f4a0c5169a11f2e688fcefd-d78e6	NFCORE_NANOSEQ:NANOSEQ:BAM_SORT_INDEX_SAMTOOLS:SAMTOOLS_SORT	K562_R3	NFCORE_NANOSEQ:NANOSEQ:BAM_SORT_INDEX_SAMTOOLS:SAMTOOLS_SORT (K562_R3)	COMPLETED	0	-	quay.io/biocontainers/samtools:1.16.1--h6899075_1	6	28800000	-	45097156608	1	1772832330976	1772832334000	1772832373000	42024	38000	-	554.3	1.8	4922839040	6010859520	4986884096	6058770432	5636042120	5450838943	245392	151909	0	5451481088	5639	145	/input/data/work/14/296b9d1f4a0c5169a11f2e688fcefd	true	-	Intel Xeon Silver 4314
70	hu-worker-c45	48/8c4101	nf-488c410198255e9ae013c5f65f709d94-27a92	NFCORE_NANOSEQ:NANOSEQ:BAM_SORT_INDEX_SAMTOOLS:SAMTOOLS_INDEX	K562_R3	NFCORE_NANOSEQ:NANOSEQ:BAM_SORT_INDEX_SAMTOOLS:SAMTOOLS_INDEX (K562_R3)	COMPLETED	0	-	quay.io/biocontainers/samtools:1.16.1--h6899075_1	2	14400000	-	12884901888	1	1772832376189	1772832381000	1772832404000	27811	23000	-	153.2	0.0	20602880	177934336	20602880	231587840	2768785441	2740604	90765	686	0	2744320	65176	65	/input/data/work/48/8c410198255e9ae013c5f65f709d94	true	-	Intel Xeon Silver 4314
74	hu-worker-c42	d5/e89788	nf-d5e897883daad1ea54a6a2a042b080dd-54288	NFCORE_NANOSEQ:NANOSEQ:BAM_SORT_INDEX_SAMTOOLS:BAM_STATS_SAMTOOLS:SAMTOOLS_IDXSTATS	K562_R3	NFCORE_NANOSEQ:NANOSEQ:BAM_SORT_INDEX_SAMTOOLS:BAM_STATS_SAMTOOLS:SAMTOOLS_IDXSTATS (K562_R3)	COMPLETED	0	-	quay.io/biocontainers/samtools:1.16.1--h6899075_1	1	14400000	-	6442450944	1	1772832406084	1772832413000	1772832413000	6916	0	-	47.9	0.0	3252224	5640192	3252224	5644288	2909727	5493	270	19	0	12288	2	2	/input/data/work/d5/e897883daad1ea54a6a2a042b080dd	true	-	Intel Xeon Silver 4314
71	hu-worker-c40	fa/5fa76c	nf-fa5fa76ca364b39ed38a2a80539e65a4-f9219	NFCORE_NANOSEQ:NANOSEQ:BAM_SORT_INDEX_SAMTOOLS:BAM_STATS_SAMTOOLS:SAMTOOLS_FLAGSTAT	K562_R3	NFCORE_NANOSEQ:NANOSEQ:BAM_SORT_INDEX_SAMTOOLS:BAM_STATS_SAMTOOLS:SAMTOOLS_FLAGSTAT (K562_R3)	COMPLETED	0	-	quay.io/biocontainers/samtools:1.16.1--h6899075_1	1	14400000	-	6442450944	1	1772832406045	1772832416000	1772832438000	31955	22000	-	136.7	0.0	7196672	164339712	7196672	231587840	2768785641	5453	90765	19	0	12288	70560	37	/input/data/work/fa/5fa76ca364b39ed38a2a80539e65a4	true	-	Intel Xeon Silver 4314
72	hu-worker-c45	45/c5c258	nf-45c5c258c9bd7f10aeedc03817e4293f-3338c	NFCORE_NANOSEQ:NANOSEQ:BAM_SORT_INDEX_SAMTOOLS:BAM_STATS_SAMTOOLS:SAMTOOLS_STATS	K562_R3	NFCORE_NANOSEQ:NANOSEQ:BAM_SORT_INDEX_SAMTOOLS:BAM_STATS_SAMTOOLS:SAMTOOLS_STATS (K562_R3)	COMPLETED	0	-	quay.io/biocontainers/samtools:1.16.1--h6899075_1	1	14400000	-	6442450944	1	1772832406189	1772832406000	1772832449000	42811	42000	-	172.6	0.1	185823232	343896064	185823232	343900160	2768786257	6533247	90765	1612	0	6537216	3678	151	/input/data/work/45/c5c258c9bd7f10aeedc03817e4293f	true	-	Intel Xeon Silver 4314
75	hu-worker-c40	9f/6e7a97	nf-9f6e7a9772715f70232519e5ada5cdd9-d8c11	NFCORE_NANOSEQ:NANOSEQ:BEDTOOLS_UCSC_BIGBED:BEDTOOLS_BAMBED	-	NFCORE_NANOSEQ:NANOSEQ:BEDTOOLS_UCSC_BIGBED:BEDTOOLS_BAMBED (5)	COMPLETED	0	-	quay.io/biocontainers/bedtools:2.29.2--hc088bd4_0	6	28800000	-	45097156608	1	1772832406123	1772832416000	1772832487000	80877	70000	-	154.3	0.9	2388504576	2792693760	2388504576	2792763392	3119710103	701942191	176392	171390	0	350982144	54495	513	/input/data/work/9f/6e7a9772715f70232519e5ada5cdd9	true	-	Intel Xeon Silver 4314
76	hu-worker-c40	2f/d11ff6	nf-2fd11ff6660c01cf9728d3b64b40547e-a197b	NFCORE_NANOSEQ:NANOSEQ:BEDTOOLS_UCSC_BIGBED:UCSC_BED12TOBIGBED	K562_R3	NFCORE_NANOSEQ:NANOSEQ:BEDTOOLS_UCSC_BIGBED:UCSC_BED12TOBIGBED (K562_R3)	COMPLETED	0	-	quay.io/biocontainers/ucsc-bedtobigbed:377--h446ed27_1	6	28800000	-	45097156608	1	1772832491004	1772832498000	1772832514000	22996	15000	-	99.7	0.0	9060352	36810752	9195520	36945920	1053022770	116030973	16222	13043	0	116043776	17	131	/input/data/work/2f/d11ff6660c01cf9728d3b64b40547e	true	-	Intel Xeon Silver 4314
73	hu-worker-c42	e6/6c61ec	nf-e66c61ec857eb6ae49c887a9b7e82442-8620f	NFCORE_NANOSEQ:NANOSEQ:BEDTOOLS_UCSC_BIGWIG:BEDTOOLS_GENOMECOV	K562_R3	NFCORE_NANOSEQ:NANOSEQ:BEDTOOLS_UCSC_BIGWIG:BEDTOOLS_GENOMECOV (K562_R3)	COMPLETED	0	-	quay.io/biocontainers/bedtools:2.29.2--hc088bd4_0	6	28800000	-	45097156608	1	1772832406155	1772832413000	1772832571000	164845	156000	-	118.0	3.3	8805552128	11573157888	9863016448	12727758848	3292396783	1047315542	298187	22455979	0	523669504	94306	1396	/input/data/work/e6/6c61ec857eb6ae49c887a9b7e82442	true	-	Intel Xeon Silver 4314
77	hu-worker-c40	71/095267	nf-71095267bf0b12a34339370434c980db-16ece	NFCORE_NANOSEQ:NANOSEQ:BEDTOOLS_UCSC_BIGWIG:UCSC_BEDGRAPHTOBIGWIG	K562_R3	NFCORE_NANOSEQ:NANOSEQ:BEDTOOLS_UCSC_BIGWIG:UCSC_BEDGRAPHTOBIGWIG (K562_R3)	COMPLETED	0	-	quay.io/biocontainers/ucsc-bedgraphtobigwig:377--h446ed27_1	6	28800000	-	45097156608	1	1772832575972	1772832580000	1772832609000	33028	28000	-	100.0	0.0	44892160	72413184	44961792	72417280	1571017262	99607781	24114	22275	0	99622912	15	295	/input/data/work/71/095267bf0b12a34339370434c980db	true	-	Intel Xeon Silver 4314
23	hu-worker-c44	91/8be4d5	nf-918be4d598e61bbd31133a0c95834c80-e3649	NFCORE_NANOSEQ:NANOSEQ:ALIGN_MINIMAP2:MINIMAP2_ALIGN	A549_R2	NFCORE_NANOSEQ:NANOSEQ:ALIGN_MINIMAP2:MINIMAP2_ALIGN (A549_R2)	COMPLETED	0	-	quay.io/biocontainers/minimap2:2.17--hed695b0_3	6	28800000	-	45097156608	1	1772830006298	1772830006000	1772832694000	2687702	2680000	-	594.5	8.3	22340620288	22826987520	22899945472	23389036544	13941530988	6001670630	291491	1413229	0	6001680384	933	1586	/input/data/work/91/8be4d598e61bbd31133a0c95834c80	true	-	Intel Xeon Silver 4314
78	hu-worker-c45	d8/d20fd7	nf-d8d20fd7e2e1964f3286da7598632dcd-109c3	NFCORE_NANOSEQ:NANOSEQ:BAM_SORT_INDEX_SAMTOOLS:SAMTOOLS_VIEW_BAM	A549_R2	NFCORE_NANOSEQ:NANOSEQ:BAM_SORT_INDEX_SAMTOOLS:SAMTOOLS_VIEW_BAM (A549_R2)	COMPLETED	0	-	quay.io/biocontainers/samtools:1.15.1--h1170115_0	6	28800000	-	45097156608	1	1772832696028	1772832699000	1772832727000	30972	26000	-	497.5	0.0	78770176	639881216	78770176	685555712	6001777741	2961274117	24740	79823	0	2961915904	52952	41	/input/data/work/d8/d20fd7e2e1964f3286da7598632dcd	true	-	Intel Xeon Silver 4314
79	hu-worker-c42	74/db66e8	nf-74db66e8d8ab0cb4f7763b4622457dd1-70286	NFCORE_NANOSEQ:NANOSEQ:BAM_SORT_INDEX_SAMTOOLS:SAMTOOLS_SORT	A549_R2	NFCORE_NANOSEQ:NANOSEQ:BAM_SORT_INDEX_SAMTOOLS:SAMTOOLS_SORT (A549_R2)	COMPLETED	0	-	quay.io/biocontainers/samtools:1.16.1--h6899075_1	6	28800000	-	45097156608	1	1772832731174	1772832740000	1772832779000	47826	37000	-	570.2	1.8	4913401856	6012792832	4965711872	6076350464	5634800910	5446810428	246907	154093	0	5447467008	6227	178	/input/data/work/74/db66e8d8ab0cb4f7763b4622457dd1	true	-	Intel Xeon Silver 4314
80	hu-worker-c40	b7/ce8870	nf-b7ce887074da33cfbfc1c91913f6c572-e2108	NFCORE_NANOSEQ:NANOSEQ:BAM_SORT_INDEX_SAMTOOLS:SAMTOOLS_INDEX	A549_R2	NFCORE_NANOSEQ:NANOSEQ:BAM_SORT_INDEX_SAMTOOLS:SAMTOOLS_INDEX (A549_R2)	COMPLETED	0	-	quay.io/biocontainers/samtools:1.16.1--h6899075_1	2	14400000	-	12884901888	1	1772832781998	1772832784000	1772832807000	25002	23000	-	152.1	0.0	18685952	176340992	18685952	231587840	2773580197	2626941	90035	659	0	2633728	67838	51	/input/data/work/b7/ce887074da33cfbfc1c91913f6c572	true	-	Intel Xeon Silver 4314
83	hu-worker-c42	6c/223f27	nf-6c223f27b6a0a675ef4ec806e08d4940-eb7b2	NFCORE_NANOSEQ:NANOSEQ:BAM_SORT_INDEX_SAMTOOLS:BAM_STATS_SAMTOOLS:SAMTOOLS_IDXSTATS	A549_R2	NFCORE_NANOSEQ:NANOSEQ:BAM_SORT_INDEX_SAMTOOLS:BAM_STATS_SAMTOOLS:SAMTOOLS_IDXSTATS (A549_R2)	COMPLETED	0	-	quay.io/biocontainers/samtools:1.16.1--h6899075_1	1	14400000	-	6442450944	1	1772832811095	1772832813000	1772832813000	1905	0	-	64.3	0.0	3256320	5640192	3256320	5644288	2796066	5487	269	19	0	12288	3	0	/input/data/work/6c/223f27b6a0a675ef4ec806e08d4940	true	-	Intel Xeon Silver 4314
82	hu-worker-c40	20/b83258	nf-20b83258edf0bd50c1f2a5c43f645392-1b270	NFCORE_NANOSEQ:NANOSEQ:BAM_SORT_INDEX_SAMTOOLS:BAM_STATS_SAMTOOLS:SAMTOOLS_FLAGSTAT	A549_R2	NFCORE_NANOSEQ:NANOSEQ:BAM_SORT_INDEX_SAMTOOLS:BAM_STATS_SAMTOOLS:SAMTOOLS_FLAGSTAT (A549_R2)	COMPLETED	0	-	quay.io/biocontainers/samtools:1.16.1--h6899075_1	1	14400000	-	6442450944	1	1772832810984	1772832814000	1772832835000	24016	21000	-	137.2	0.0	7417856	164904960	7417856	231587840	2773580292	5452	90035	19	0	12288	77168	41	/input/data/work/20/b83258edf0bd50c1f2a5c43f645392	true	-	Intel Xeon Silver 4314
81	hu-worker-c42	f5/08664a	nf-f508664ac4c3d5485f7c70f62066a57f-35ffc	NFCORE_NANOSEQ:NANOSEQ:BAM_SORT_INDEX_SAMTOOLS:BAM_STATS_SAMTOOLS:SAMTOOLS_STATS	A549_R2	NFCORE_NANOSEQ:NANOSEQ:BAM_SORT_INDEX_SAMTOOLS:BAM_STATS_SAMTOOLS:SAMTOOLS_STATS (A549_R2)	COMPLETED	0	-	quay.io/biocontainers/samtools:1.16.1--h6899075_1	1	14400000	-	6442450944	1	1772832811169	1772832813000	1772832861000	49831	48000	-	171.9	0.5	1257070592	1417752576	1257070592	1417756672	2773580981	38361508	90035	9383	0	38367232	3210	218	/input/data/work/f5/08664ac4c3d5485f7c70f62066a57f	true	-	Intel Xeon Silver 4314
85	hu-worker-c45	1a/aa0bc1	nf-1aaa0bc1d3c167c8231247348c2118ee-fd736	NFCORE_NANOSEQ:NANOSEQ:BEDTOOLS_UCSC_BIGBED:BEDTOOLS_BAMBED	-	NFCORE_NANOSEQ:NANOSEQ:BEDTOOLS_UCSC_BIGBED:BEDTOOLS_BAMBED (6)	COMPLETED	0	-	quay.io/biocontainers/bedtools:2.29.2--hc088bd4_0	6	28800000	-	45097156608	1	1772832811122	1772832822000	1772832887000	75878	64000	-	152.7	0.7	1786298368	2019258368	1786298368	2019262464	3050492041	553916989	157592	135250	0	276967424	44527	1329	/input/data/work/1a/aa0bc1d3c167c8231247348c2118ee	true	-	Intel Xeon Silver 4314
87	hu-worker-c45	85/04b279	nf-8504b279164aa3923f25cc2867aef87f-8a644	NFCORE_NANOSEQ:NANOSEQ:BEDTOOLS_UCSC_BIGBED:UCSC_BED12TOBIGBED	A549_R2	NFCORE_NANOSEQ:NANOSEQ:BEDTOOLS_UCSC_BIGBED:UCSC_BED12TOBIGBED (A549_R2)	COMPLETED	0	-	quay.io/biocontainers/ucsc-bedtobigbed:377--h446ed27_1	6	28800000	-	45097156608	1	1772832891006	1772832893000	1772832908000	16994	13000	-	99.8	0.0	9109504	36835328	9109504	36904960	830984865	91478609	12832	9656	4194304	91492352	16	153	/input/data/work/85/04b279164aa3923f25cc2867aef87f	true	-	Intel Xeon Silver 4314
84	hu-worker-c44	49/c2c8bd	nf-49c2c8bd7e04debb80aec94575cc8c40-0fd94	NFCORE_NANOSEQ:NANOSEQ:BEDTOOLS_UCSC_BIGWIG:BEDTOOLS_GENOMECOV	A549_R2	NFCORE_NANOSEQ:NANOSEQ:BEDTOOLS_UCSC_BIGWIG:BEDTOOLS_GENOMECOV (A549_R2)	COMPLETED	0	-	quay.io/biocontainers/bedtools:2.29.2--hc088bd4_0	6	28800000	-	45097156608	1	1772832811041	1772832819000	1772832969000	157959	149000	-	116.7	3.0	8094699520	9483661312	9139265536	10637221888	3250663206	954258985	228961	20292797	0	477138944	88016	1403	/input/data/work/49/c2c8bd7e04debb80aec94575cc8c40	true	-	Intel Xeon Silver 4314
88	hu-worker-c40	8e/101597	nf-8e101597f2b0074f5626ab0384b27936-4056e	NFCORE_NANOSEQ:NANOSEQ:BEDTOOLS_UCSC_BIGWIG:UCSC_BEDGRAPHTOBIGWIG	A549_R2	NFCORE_NANOSEQ:NANOSEQ:BEDTOOLS_UCSC_BIGWIG:UCSC_BEDGRAPHTOBIGWIG (A549_R2)	COMPLETED	0	-	quay.io/biocontainers/ucsc-bedgraphtobigwig:377--h446ed27_1	6	28800000	-	45097156608	1	1772832971243	1772832977000	1772833005000	33757	26000	-	99.8	0.0	22609920	50581504	35889152	63639552	1431432423	85896773	21984	19238	0	85909504	14	240	/input/data/work/8e/101597f2b0074f5626ab0384b27936	true	-	Intel Xeon Silver 4314
86	hu-worker-c42	02/abb5ab	nf-02abb5ab4a4d06b1d5e07b6901530dc7-6fb4e	NFCORE_NANOSEQ:NANOSEQ:BAMBU	-	NFCORE_NANOSEQ:NANOSEQ:BAMBU (1)	COMPLETED	0	-	quay.io/biocontainers/bioconductor-bambu:3.0.8--r42hc247a5b_0	6	28800000	-	45097156608	1	1772832865957	1772832874000	1772835010000	2144043	2131000	-	125.1	7.6	20496052224	27768754176	23518777344	30665129984	52739778292	412330166	1118857	101044	89202688	412336128	1928	13506	/input/data/work/02/abb5ab4a4d06b1d5e07b6901530dc7	true	-	Intel Xeon Silver 4314
90	hu-worker-c44	9f/319e1e	nf-9f319e1e21bbcca670d1c9fe952ff90c-f548b	NFCORE_NANOSEQ:NANOSEQ:DIFFERENTIAL_DESEQ2_DEXSEQ:DEXSEQ	-	NFCORE_NANOSEQ:NANOSEQ:DIFFERENTIAL_DESEQ2_DEXSEQ:DEXSEQ (1)	COMPLETED	0	-	docker.io/yuukiiwa/nanoseq:dexseq	6	28800000	-	45097156608	1	1772835011270	1772835020000	1772835062000	50730	41548	-	256.0	0.4	1091334144	5906100224	1091334144	5906116608	164697761	256986	13991	265	0	262144	212	105	/input/data/work/9f/319e1e21bbcca670d1c9fe952ff90c	true	-	Intel Xeon Silver 4314
89	hu-worker-c45	44/aa2fe1	nf-44aa2fe1210af9ef907e5a231bb16cdb-ef748	NFCORE_NANOSEQ:NANOSEQ:DIFFERENTIAL_DESEQ2_DEXSEQ:DESEQ2	-	NFCORE_NANOSEQ:NANOSEQ:DIFFERENTIAL_DESEQ2_DEXSEQ:DESEQ2 (1)	COMPLETED	0	-	quay.io/biocontainers/mulled-v2-8849acf39a43cdd6c839a369a74c0adc823e2f91:ab110436faf952a33575c64dd74615a84011450b-0	6	28800000	-	45097156608	1	1772835011300	1772835021000	1772835061000	49700	38000	-	232.1	0.4	1067732992	5799243776	1067732992	5799251968	95963587	28653856	5068	7095	65961984	28663808	1057	406	/input/data/work/44/aa2fe1210af9ef907e5a231bb16cdb	true	-	Intel Xeon Silver 4314
91	hu-worker-c44	cf/3ead19	nf-cf3ead196a790b60fc75ce46bba258e4-8c1f8	NFCORE_NANOSEQ:NANOSEQ:CUSTOM_DUMPSOFTWAREVERSIONS	-	NFCORE_NANOSEQ:NANOSEQ:CUSTOM_DUMPSOFTWAREVERSIONS (1)	COMPLETED	0	-	quay.io/biocontainers/multiqc:1.13--pyhdfd78af_0	1	14400000	-	6442450944	1	1772835066328	1772835071000	1772835071000	4672	159	-	52.6	0.0	5066752	13631488	5066752	13631488	864317	4192	266	15	8523776	12288	30	7	/input/data/work/cf/3ead196a790b60fc75ce46bba258e4	true	-	Intel Xeon Silver 4314
92	hu-worker-c44	8c/a5ef84	nf-8ca5ef844e56e9eac727223e801aaf1c-46632	NFCORE_NANOSEQ:NANOSEQ:MULTIQC	-	NFCORE_NANOSEQ:NANOSEQ:MULTIQC (1)	COMPLETED	0	-	quay.io/biocontainers/multiqc:1.11--pyhdfd78af_0	6	28800000	-	45097156608	1	1772835076168	1772835081000	1772835094000	17832	12917	-	172.1	0.1	139022336	4812181504	139022336	4812193792	1289871623	3841838	188323	530	64000000	4120576	2416	685	/input/data/work/8c/a5ef844e56e9eac727223e801aaf1c	true	-	Intel Xeon Silver 4314
