task_id,hostname,hash,native_id,process,tag,name,status,exit,module,container,cpus,time,disk,memory,attempt,submit,start,complete,duration,realtime,queue,%cpu,%mem,rss,vmem,peak_rss,peak_vmem,rchar,wchar,syscr,syscw,read_bytes,write_bytes,vol_ctxt,inv_ctxt,workdir,scratch,error_action
1,hu-worker-c45,84/33ba6f,nf-8433ba6fd6fc4e4a079aeff8b5598168-0de54,NFCORE_NANOSEQ:NANOSEQ:INPUT_CHECK:SAMPLESHEET_CHECK,samplesheet_full.csv,NFCORE_NANOSEQ:NANOSEQ:INPUT_CHECK:SAMPLESHEET_CHECK (samplesheet_full.csv),COMPLETED,0,-,quay.io/biocontainers/python:3.8.3,1,14400000,-,6442450944,1,1772813082291,1772813088000,1772813090000,7709,0,-,53.0,0.0,2813952,11575296,2813952,11579392,681629,1042,243,17,6856704,12288,2,0,/input/data/work/84/33ba6fd6fc4e4a079aeff8b5598168,true,-
15,hu-worker-c44,d0/3c351d,nf-d03c351d268746784312a7990db83d49-df65c,NFCORE_NANOSEQ:NANOSEQ:QCFASTQ_NANOPLOT_FASTQC:FASTQC,K562_R2,NFCORE_NANOSEQ:NANOSEQ:QCFASTQ_NANOPLOT_FASTQC:FASTQC (K562_R2),COMPLETED,0,-,quay.io/biocontainers/fastqc:0.11.9--0,6,28800000,-,45097156608,1,1772813200575,1772813201000,1772813246000,45425,44000,-,89.1,0.4,1151844352,4833021952,1152458752,4898037760,573658310,2128147,1086746,6119,53227520,2490368,167,29,/input/data/work/d0/3c351d268746784312a7990db83d49,true,-
10,hu-worker-c42,0d/a43689,nf-0da4368934d004662a22f385d27af7dd-fa9e1,NFCORE_NANOSEQ:NANOSEQ:QCFASTQ_NANOPLOT_FASTQC:FASTQC,A549_R3,NFCORE_NANOSEQ:NANOSEQ:QCFASTQ_NANOPLOT_FASTQC:FASTQC (A549_R3),COMPLETED,0,-,quay.io/biocontainers/fastqc:0.11.9--0,6,28800000,-,45097156608,1,1772813183432,1772813193000,1772813254000,70568,58000,-,108.1,0.5,1357320192,4835119104,1357320192,4898037760,1106391557,2308255,2127275,6380,53239808,2707456,158,0,/input/data/work/0d/a4368934d004662a22f385d27af7dd,true,-
17,hu-worker-c45,16/7a1c99,nf-167a1c995260c1d966a86cb6bb278009-2e5a1,NFCORE_NANOSEQ:NANOSEQ:QCFASTQ_NANOPLOT_FASTQC:NANOPLOT,K562_R2,NFCORE_NANOSEQ:NANOSEQ:QCFASTQ_NANOPLOT_FASTQC:NANOPLOT (K562_R2),COMPLETED,0,-,quay.io/biocontainers/nanoplot:1.41.0--pyhdfd78af_0,2,14400000,-,12884901888,1,1772813200505,1772813211000,1772813274000,73495,61000,-,94.2,0.2,2081091584,39127388160,2248044544,64692981760,616658131,13136107,8184,551,167870464,10330112,6789,862,/input/data/work/16/7a1c995260c1d966a86cb6bb278009,true,-
20,hu-worker-c44,10/1b8520,nf-101b8520a3785b89633a1eacba77350d-23cec,NFCORE_NANOSEQ:NANOSEQ:PREPARE_GENOME:SAMTOOLS_FAIDX,genome.fa,NFCORE_NANOSEQ:NANOSEQ:PREPARE_GENOME:SAMTOOLS_FAIDX (genome.fa),COMPLETED,0,-,quay.io/biocontainers/samtools:1.16.1--h6899075_1,1,14400000,-,6442450944,1,1772813264966,1772813265000,1772813292000,27034,27000,-,56.5,0.0,4784128,12550144,4784128,12554240,3147397327,5625,48249,19,4767744,12288,10504,9166,/input/data/work/10/1b8520a3785b89633a1eacba77350d,true,-
5,hu-worker-c44,44/c74bff,nf-44c74bff29ae2bbb0f2657c8cf9052eb-678a4,NFCORE_NANOSEQ:NANOSEQ:PREPARE_GENOME:SAMTOOLS_FAIDX,genome.fa,NFCORE_NANOSEQ:NANOSEQ:PREPARE_GENOME:SAMTOOLS_FAIDX (genome.fa),COMPLETED,0,-,quay.io/biocontainers/samtools:1.16.1--h6899075_1,1,14400000,-,6442450944,1,1772813265024,1772813265000,1772813292000,26976,27000,-,56.7,0.0,4771840,12550144,4771840,12554240,3147397326,5625,48249,19,7503872,12288,10484,8811,/input/data/work/44/c74bff29ae2bbb0f2657c8cf9052eb,true,-
11,hu-worker-c44,0a/14e5e6,nf-0a14e5e6afeaf686d0728efd5be0efb1-0b5f3,NFCORE_NANOSEQ:NANOSEQ:PREPARE_GENOME:SAMTOOLS_FAIDX,genome.fa,NFCORE_NANOSEQ:NANOSEQ:PREPARE_GENOME:SAMTOOLS_FAIDX (genome.fa),COMPLETED,0,-,quay.io/biocontainers/samtools:1.16.1--h6899075_1,1,14400000,-,6442450944,1,1772813265074,1772813265000,1772813293000,27926,28000,-,56.7,0.0,4767744,12550144,4767744,12554240,3147397327,5625,48249,19,0,12288,10485,9518,/input/data/work/0a/14e5e6afeaf686d0728efd5be0efb1,true,-
14,hu-worker-c44,f5/af8c5d,nf-f5af8c5d3bbe7e64129c48221ee40827-8f6c8,NFCORE_NANOSEQ:NANOSEQ:PREPARE_GENOME:SAMTOOLS_FAIDX,genome.fa,NFCORE_NANOSEQ:NANOSEQ:PREPARE_GENOME:SAMTOOLS_FAIDX (genome.fa),COMPLETED,0,-,quay.io/biocontainers/samtools:1.16.1--h6899075_1,1,14400000,-,6442450944,1,1772813265112,1772813266000,1772813293000,27888,27000,-,57.0,0.0,4923392,12550144,4923392,12554240,3147397326,5625,48249,19,0,12288,10508,9200,/input/data/work/f5/af8c5d3bbe7e64129c48221ee40827,true,-
8,hu-worker-c44,4c/9e4a94,nf-4c9e4a941fb96389226238990c9ea42f-010ed,NFCORE_NANOSEQ:NANOSEQ:PREPARE_GENOME:SAMTOOLS_FAIDX,genome.fa,NFCORE_NANOSEQ:NANOSEQ:PREPARE_GENOME:SAMTOOLS_FAIDX (genome.fa),COMPLETED,0,-,quay.io/biocontainers/samtools:1.16.1--h6899075_1,1,14400000,-,6442450944,1,1772813265153,1772813265000,1772813293000,27847,28000,-,57.3,0.0,4825088,12550144,4825088,12554240,3147397326,5625,48249,19,0,12288,10484,9127,/input/data/work/4c/9e4a941fb96389226238990c9ea42f,true,-
4,hu-worker-c45,b2/8de00b,nf-b28de00b80db493ec32f1acef38b554b-b1b2d,NFCORE_NANOSEQ:NANOSEQ:PREPARE_GENOME:GET_CHROM_SIZES,genome.fa,NFCORE_NANOSEQ:NANOSEQ:PREPARE_GENOME:GET_CHROM_SIZES (genome.fa),COMPLETED,0,-,quay.io/biocontainers/samtools:1.13--h8c37831_0,6,28800000,-,45097156608,1,1772813265268,1772813281000,1772813294000,28732,13000,-,80.1,0.0,4841472,12427264,4841472,12431360,3147400994,5795,48259,20,0,16384,16,820,/input/data/work/b2/8de00b80db493ec32f1acef38b554b,true,-
9,hu-worker-c44,4a/192525,nf-4a1925257f980568117ec557664b1b24-efbf9,NFCORE_NANOSEQ:NANOSEQ:QCFASTQ_NANOPLOT_FASTQC:NANOPLOT,A549_R3,NFCORE_NANOSEQ:NANOSEQ:QCFASTQ_NANOPLOT_FASTQC:NANOPLOT (A549_R3),COMPLETED,0,-,quay.io/biocontainers/nanoplot:1.41.0--pyhdfd78af_0,2,14400000,-,12884901888,1,1772813183489,1772813191000,1772813298000,114511,106000,-,98.9,0.2,2262814720,39262322688,2293936128,64735977472,1155886378,19655396,8420,551,167743488,10313728,6792,1571,/input/data/work/4a/1925257f980568117ec557664b1b24,true,-
16,hu-worker-c40,7a/1ee460,nf-7a1ee46037d5a10ea74bfd094e936794-ce431,NFCORE_NANOSEQ:NANOSEQ:PREPARE_GENOME:SAMTOOLS_FAIDX,genome.fa,NFCORE_NANOSEQ:NANOSEQ:PREPARE_GENOME:SAMTOOLS_FAIDX (genome.fa),COMPLETED,0,-,quay.io/biocontainers/samtools:1.16.1--h6899075_1,1,14400000,-,6442450944,1,1772813265195,1772813285000,1772813304000,38805,16000,-,69.4,0.0,4898816,12550144,4898816,12554240,3147397178,5617,48249,19,0,12288,10,846,/input/data/work/7a/1ee46037d5a10ea74bfd094e936794,true,-
13,hu-worker-c42,c1/0aa1ad,nf-c10aa1ad399bb69bf095316fb00320b6-7ce66,NFCORE_NANOSEQ:NANOSEQ:QCFASTQ_NANOPLOT_FASTQC:FASTQC,K562_R1,NFCORE_NANOSEQ:NANOSEQ:QCFASTQ_NANOPLOT_FASTQC:FASTQC (K562_R1),COMPLETED,0,-,quay.io/biocontainers/fastqc:0.11.9--0,6,28800000,-,45097156608,1,1772813235450,1772813236000,1772813364000,128550,127000,-,72.5,0.4,1175281664,4628537344,1175281664,4629655552,1449066664,2119922,2796478,6104,0,2756608,237,234,/input/data/work/c1/0aa1ad399bb69bf095316fb00320b6,true,-
12,hu-worker-c44,36/e28090,nf-36e2809009ae4d5ae51745d939c775dd-c1adf,NFCORE_NANOSEQ:NANOSEQ:QCFASTQ_NANOPLOT_FASTQC:NANOPLOT,K562_R1,NFCORE_NANOSEQ:NANOSEQ:QCFASTQ_NANOPLOT_FASTQC:NANOPLOT (K562_R1),COMPLETED,0,-,quay.io/biocontainers/nanoplot:1.41.0--pyhdfd78af_0,2,14400000,-,12884901888,1,1772813235398,1772813236000,1772813373000,137602,137000,-,99.0,0.2,1896103936,33479622656,1920028672,54802771968,1497503829,18564341,8489,551,8437760,10366976,1606,1227,/input/data/work/36/e2809009ae4d5ae51745d939c775dd,true,-
21,hu-worker-c44,bf/2f7255,nf-bf2f72559ac0cb94f00716fb37a97c72-403d3,NFCORE_NANOSEQ:NANOSEQ:ALIGN_MINIMAP2:MINIMAP2_INDEX,genome.fa,NFCORE_NANOSEQ:NANOSEQ:ALIGN_MINIMAP2:MINIMAP2_INDEX (genome.fa),COMPLETED,0,-,quay.io/biocontainers/minimap2:2.17--hed695b0_3,12,57600000,-,90194313216,1,1772813296893,1772813297000,1772813392000,95107,80000,-,231.9,6.7,18098044928,22597750784,19359170560,23855484928,3147332028,11574289226,192231,684930,659456,11574296576,67,40,/input/data/work/bf/2f72559ac0cb94f00716fb37a97c72,true,-
2,hu-worker-c45,10/5b24f4,nf-105b24f4201ba73a8bf5c5017d20115f-4a927,NFCORE_NANOSEQ:NANOSEQ:QCFASTQ_NANOPLOT_FASTQC:FASTQC,A549_R1,NFCORE_NANOSEQ:NANOSEQ:QCFASTQ_NANOPLOT_FASTQC:FASTQC (A549_R1),COMPLETED,0,-,quay.io/biocontainers/fastqc:0.11.9--0,6,28800000,-,45097156608,1,1772813225109,1772813225000,1772813400000,174891,174000,-,79.3,0.5,1237811200,4977070080,1238167552,5044183040,2355325621,1940880,4566513,5861,52629504,2457600,158,29,/input/data/work/10/5b24f4201ba73a8bf5c5017d20115f,true,-
7,hu-worker-c40,4e/f9216f,nf-4ef9216fa9cf4284c3f4b742616206f6-8ea9d,NFCORE_NANOSEQ:NANOSEQ:QCFASTQ_NANOPLOT_FASTQC:FASTQC,A549_R2,NFCORE_NANOSEQ:NANOSEQ:QCFASTQ_NANOPLOT_FASTQC:FASTQC (A549_R2),COMPLETED,0,-,quay.io/biocontainers/fastqc:0.11.9--0,6,28800000,-,45097156608,1,1772813233685,1772813284000,1772813406000,172315,120000,-,105.3,0.6,1624375296,4764860416,1624375296,4766248960,2388064825,2038337,4630440,6006,1085440,2686976,18,2,/input/data/work/4e/f9216fa9cf4284c3f4b742616206f6,true,-
6,hu-worker-c42,53/10b32b,nf-5310b32b91d4d23b827d8e349d1de5ab-4ae04,NFCORE_NANOSEQ:NANOSEQ:QCFASTQ_NANOPLOT_FASTQC:NANOPLOT,A549_R2,NFCORE_NANOSEQ:NANOSEQ:QCFASTQ_NANOPLOT_FASTQC:NANOPLOT (A549_R2),COMPLETED,0,-,quay.io/biocontainers/nanoplot:1.41.0--pyhdfd78af_0,2,14400000,-,12884901888,1,1772813233739,1772813234000,1772813449000,215261,213000,-,98.2,0.2,1486172160,27465949184,1495740416,44532744192,2443457763,25597342,8811,551,171966464,10412032,5347,1596,/input/data/work/53/10b32b91d4d23b827d8e349d1de5ab,true,-
18,hu-worker-c45,d8/d2308d,nf-d8d2308d0b273fc091c7cb5b21fb6c6d-646bc,NFCORE_NANOSEQ:NANOSEQ:QCFASTQ_NANOPLOT_FASTQC:FASTQC,K562_R3,NFCORE_NANOSEQ:NANOSEQ:QCFASTQ_NANOPLOT_FASTQC:FASTQC (K562_R3),COMPLETED,0,-,quay.io/biocontainers/fastqc:0.11.9--0,6,28800000,-,45097156608,1,1772813298721,1772813299000,1772813467000,168279,167000,-,81.8,0.5,1244958720,4979167232,1245302784,5044183040,2397108405,2231309,4648117,6296,24576,2740224,46,41,/input/data/work/d8/d2308d0b273fc091c7cb5b21fb6c6d,true,-
3,hu-worker-c40,e1/dedf9c,nf-e1dedf9c5ea2efedcbb28796f1cfbb6f-96fd6,NFCORE_NANOSEQ:NANOSEQ:QCFASTQ_NANOPLOT_FASTQC:NANOPLOT,A549_R1,NFCORE_NANOSEQ:NANOSEQ:QCFASTQ_NANOPLOT_FASTQC:NANOPLOT (A549_R1),COMPLETED,0,-,quay.io/biocontainers/nanoplot:1.41.0--pyhdfd78af_0,2,14400000,-,12884901888,1,1772813225142,1772813279000,1772813501000,275858,222000,-,100.1,0.3,2453385216,39644979200,2629496832,65264652288,2412864864,27562700,8828,551,741376,10313728,2240,1668,/input/data/work/e1/dedf9c5ea2efedcbb28796f1cfbb6f,true,-
19,hu-worker-c42,08/a4c526,nf-08a4c526a8cf610bdbba0a94245b1c42-5c60c,NFCORE_NANOSEQ:NANOSEQ:QCFASTQ_NANOPLOT_FASTQC:NANOPLOT,K562_R3,NFCORE_NANOSEQ:NANOSEQ:QCFASTQ_NANOPLOT_FASTQC:NANOPLOT (K562_R3),COMPLETED,0,-,quay.io/biocontainers/nanoplot:1.41.0--pyhdfd78af_0,2,14400000,-,12884901888,1,1772813298778,1772813299000,1772813521000,222222,221000,-,98.8,0.2,2229030912,39470641152,2534666240,65197518848,2448877916,21989630,8761,551,40960,10366976,2259,1992,/input/data/work/08/a4c526a8cf610bdbba0a94245b1c42,true,-
26,hu-worker-c45,5b/2f13a4,nf-5b2f13a4933feabb5c89ca05de9d8167-1be8c,NFCORE_NANOSEQ:NANOSEQ:ALIGN_MINIMAP2:MINIMAP2_ALIGN,K562_R2,NFCORE_NANOSEQ:NANOSEQ:ALIGN_MINIMAP2:MINIMAP2_ALIGN (K562_R2),COMPLETED,0,-,quay.io/biocontainers/minimap2:2.17--hed695b0_3,6,28800000,-,45097156608,1,1772813397121,1772813397000,1772814037000,639879,637000,-,573.8,7.6,20520296448,21067472896,20686729216,21386248192,12127102331,1444979966,70004,347856,794624,1444990976,759,3289,/input/data/work/5b/2f13a4933feabb5c89ca05de9d8167,true,-
28,hu-worker-c45,38/436913,nf-38436913721d855f129bdf25dc7989a2-b1226,NFCORE_NANOSEQ:NANOSEQ:BAM_SORT_INDEX_SAMTOOLS:SAMTOOLS_VIEW_BAM,K562_R2,NFCORE_NANOSEQ:NANOSEQ:BAM_SORT_INDEX_SAMTOOLS:SAMTOOLS_VIEW_BAM (K562_R2),COMPLETED,0,-,quay.io/biocontainers/samtools:1.15.1--h1170115_0,6,28800000,-,45097156608,1,1772814041318,1772814049000,1772814056000,14682,7000,-,509.6,0.0,50360320,625401856,50360320,685555712,1445087178,702949090,6293,19302,8425472,703107072,13052,21,/input/data/work/38/436913721d855f129bdf25dc7989a2,true,-
29,hu-worker-c45,d8/402666,nf-d84026669d41d15f5410aff8642e8fe1-f45ba,NFCORE_NANOSEQ:NANOSEQ:BAM_SORT_INDEX_SAMTOOLS:SAMTOOLS_SORT,K562_R2,NFCORE_NANOSEQ:NANOSEQ:BAM_SORT_INDEX_SAMTOOLS:SAMTOOLS_SORT (K562_R2),COMPLETED,0,-,quay.io/biocontainers/samtools:1.16.1--h6899075_1,6,28800000,-,45097156608,1,1772814061330,1772814069000,1772814078000,16670,8000,-,514.3,0.5,1306722304,5934219264,1321603072,5999493120,703085178,677421700,23351,19307,8355840,677576704,13600,74,/input/data/work/d8/4026669d41d15f5410aff8642e8fe1,true,-
30,hu-worker-c45,fe/c856fc,nf-fec856fcd517e04f7e11fc6bb9ce285f-3ebda,NFCORE_NANOSEQ:NANOSEQ:BAM_SORT_INDEX_SAMTOOLS:SAMTOOLS_INDEX,K562_R2,NFCORE_NANOSEQ:NANOSEQ:BAM_SORT_INDEX_SAMTOOLS:SAMTOOLS_INDEX (K562_R2),COMPLETED,0,-,quay.io/biocontainers/samtools:1.16.1--h6899075_1,2,14400000,-,12884901888,1,1772814081328,1772814090000,1772814096000,14672,6000,-,156.8,0.0,14458880,171503616,14458880,231587840,677557037,2038127,22370,515,0,2043904,16557,28,/input/data/work/fe/c856fcd517e04f7e11fc6bb9ce285f,true,-
31,hu-worker-c45,9b/771957,nf-9b771957fa71ce6bd179b294daf17071-2e59c,NFCORE_NANOSEQ:NANOSEQ:BAM_SORT_INDEX_SAMTOOLS:BAM_STATS_SAMTOOLS:SAMTOOLS_IDXSTATS,K562_R2,NFCORE_NANOSEQ:NANOSEQ:BAM_SORT_INDEX_SAMTOOLS:BAM_STATS_SAMTOOLS:SAMTOOLS_IDXSTATS (K562_R2),COMPLETED,0,-,quay.io/biocontainers/samtools:1.16.1--h6899075_1,1,14400000,-,6442450944,1,1772814101321,1772814111000,1772814111000,9679,0,-,83.3,0.0,3256320,5640192,3256320,5644288,2207067,5470,260,19,0,12288,3,1,/input/data/work/9b/771957fa71ce6bd179b294daf17071,true,-
32,hu-worker-c45,eb/857108,nf-eb857108e0503c75d5e24d15423dd46f-6e1d0,NFCORE_NANOSEQ:NANOSEQ:BAM_SORT_INDEX_SAMTOOLS:BAM_STATS_SAMTOOLS:SAMTOOLS_FLAGSTAT,K562_R2,NFCORE_NANOSEQ:NANOSEQ:BAM_SORT_INDEX_SAMTOOLS:BAM_STATS_SAMTOOLS:SAMTOOLS_FLAGSTAT (K562_R2),COMPLETED,0,-,quay.io/biocontainers/samtools:1.16.1--h6899075_1,1,14400000,-,6442450944,1,1772814101364,1772814111000,1772814117000,15636,6000,-,135.5,0.0,7139328,164339712,7139328,231587840,677557132,5441,22370,19,0,12288,16938,6,/input/data/work/eb/857108e0503c75d5e24d15423dd46f,true,-
33,hu-worker-c45,67/feedc4,nf-67feedc4dd4978956baf4d658718e10c-cd1db,NFCORE_NANOSEQ:NANOSEQ:BAM_SORT_INDEX_SAMTOOLS:BAM_STATS_SAMTOOLS:SAMTOOLS_STATS,K562_R2,NFCORE_NANOSEQ:NANOSEQ:BAM_SORT_INDEX_SAMTOOLS:BAM_STATS_SAMTOOLS:SAMTOOLS_STATS (K562_R2),COMPLETED,0,-,quay.io/biocontainers/samtools:1.16.1--h6899075_1,1,14400000,-,6442450944,1,1772814101467,1772814111000,1772814123000,21533,12000,-,168.6,0.1,139370496,297431040,139370496,297459712,677557831,5333746,22370,1319,90112,5337088,612,92,/input/data/work/67/feedc4dd4978956baf4d658718e10c,true,-
35,hu-worker-c45,af/9aa769,nf-af9aa769f3647ca0701ec55b29f68f45-5b867,NFCORE_NANOSEQ:NANOSEQ:BEDTOOLS_UCSC_BIGBED:BEDTOOLS_BAMBED,-,NFCORE_NANOSEQ:NANOSEQ:BEDTOOLS_UCSC_BIGBED:BEDTOOLS_BAMBED (1),COMPLETED,0,-,quay.io/biocontainers/bedtools:2.29.2--hc088bd4_0,6,28800000,-,45097156608,1,1772814101402,1772814111000,1772814131000,29598,19000,-,154.1,0.2,562397184,666775552,562397184,666779648,766351132,177681259,44000,43396,4464640,88850432,11978,120,/input/data/work/af/9aa769f3647ca0701ec55b29f68f45,true,-
36,hu-worker-c45,60/db123f,nf-60db123fc5a0efad4789d39fe554a643-30f78,NFCORE_NANOSEQ:NANOSEQ:BEDTOOLS_UCSC_BIGBED:UCSC_BED12TOBIGBED,K562_R2,NFCORE_NANOSEQ:NANOSEQ:BEDTOOLS_UCSC_BIGBED:UCSC_BED12TOBIGBED (K562_R2),COMPLETED,0,-,quay.io/biocontainers/ucsc-bedtobigbed:377--h446ed27_1,6,28800000,-,45097156608,1,1772814136378,1772814141000,1772814147000,10622,5000,-,96.6,0.0,8843264,36651008,8978432,36786176,266631183,33136997,4210,3880,6012928,33144832,62,59,/input/data/work/60/db123fc5a0efad4789d39fe554a643,true,-
34,hu-worker-c40,f8/35faac,nf-f835faac5ab6080e88cba7a0a3466b76-050d4,NFCORE_NANOSEQ:NANOSEQ:BEDTOOLS_UCSC_BIGWIG:BEDTOOLS_GENOMECOV,K562_R2,NFCORE_NANOSEQ:NANOSEQ:BEDTOOLS_UCSC_BIGWIG:BEDTOOLS_GENOMECOV (K562_R2),COMPLETED,0,-,quay.io/biocontainers/bedtools:2.29.2--hc088bd4_0,6,28800000,-,45097156608,1,1772814101427,1772814115000,1772814169000,67573,53000,-,121.8,1.2,3204911104,3768045568,4788203520,5351608320,868338272,381655359,82390,8256241,0,190836736,26532,365,/input/data/work/f8/35faac5ab6080e88cba7a0a3466b76,true,-
37,hu-worker-c45,c9/e50aab,nf-c9e50aabb3960caf8b52ea8f7720793c-25cad,NFCORE_NANOSEQ:NANOSEQ:BEDTOOLS_UCSC_BIGWIG:UCSC_BEDGRAPHTOBIGWIG,K562_R2,NFCORE_NANOSEQ:NANOSEQ:BEDTOOLS_UCSC_BIGWIG:UCSC_BEDGRAPHTOBIGWIG (K562_R2),COMPLETED,0,-,quay.io/biocontainers/ucsc-bedgraphtobigwig:377--h446ed27_1,6,28800000,-,45097156608,1,1772814171469,1772814182000,1772814200000,28531,17000,-,79.6,0.0,21671936,49119232,21745664,49262592,572526797,40004745,8877,8671,5640192,40017920,3019,2651,/input/data/work/c9/e50aabb3960caf8b52ea8f7720793c,true,-
25,hu-worker-c40,6b/9a311f,nf-6b9a311f89969733ad3693d7caedcd19-26588,NFCORE_NANOSEQ:NANOSEQ:ALIGN_MINIMAP2:MINIMAP2_ALIGN,K562_R1,NFCORE_NANOSEQ:NANOSEQ:ALIGN_MINIMAP2:MINIMAP2_ALIGN (K562_R1),COMPLETED,0,-,quay.io/biocontainers/minimap2:2.17--hed695b0_3,6,28800000,-,45097156608,1,1772813397040,1772813407000,1772814395000,997960,983000,-,585.4,7.8,21067362304,21534556160,21067362304,21534560256,13002497548,3606204352,176863,875560,286720,3606212608,778,2781,/input/data/work/6b/9a311f89969733ad3693d7caedcd19,true,-
38,hu-worker-c45,0e/8e44dc,nf-0e8e44dcc9d8c60320f0cde2202e62c8-91557,NFCORE_NANOSEQ:NANOSEQ:BAM_SORT_INDEX_SAMTOOLS:SAMTOOLS_VIEW_BAM,K562_R1,NFCORE_NANOSEQ:NANOSEQ:BAM_SORT_INDEX_SAMTOOLS:SAMTOOLS_VIEW_BAM (K562_R1),COMPLETED,0,-,quay.io/biocontainers/samtools:1.15.1--h1170115_0,6,28800000,-,45097156608,1,1772814401354,1772814406000,1772814423000,21646,16000,-,518.9,0.0,56143872,627408896,56143872,686477312,3606311511,1772160843,15359,49669,0,1772560384,32542,32,/input/data/work/0e/8e44dcc9d8c60320f0cde2202e62c8,true,-
39,hu-worker-c45,22/2d865c,nf-222d865cbd047edc5b4c0716870ac68f-5c81b,NFCORE_NANOSEQ:NANOSEQ:BAM_SORT_INDEX_SAMTOOLS:SAMTOOLS_SORT,K562_R1,NFCORE_NANOSEQ:NANOSEQ:BAM_SORT_INDEX_SAMTOOLS:SAMTOOLS_SORT (K562_R1),COMPLETED,0,-,quay.io/biocontainers/samtools:1.16.1--h6899075_1,6,28800000,-,45097156608,1,1772814426651,1772814427000,1772814448000,21349,20000,-,518.7,1.2,3338575872,5959352320,3383570432,5988798464,1772296938,1667340435,57833,49672,0,1667739648,29377,66,/input/data/work/22/2d865cbd047edc5b4c0716870ac68f,true,-
40,hu-worker-c40,1b/39b382,nf-1b39b382ba7e8b18229b82915f436746-610e9,NFCORE_NANOSEQ:NANOSEQ:BAM_SORT_INDEX_SAMTOOLS:SAMTOOLS_INDEX,K562_R1,NFCORE_NANOSEQ:NANOSEQ:BAM_SORT_INDEX_SAMTOOLS:SAMTOOLS_INDEX (K562_R1),COMPLETED,0,-,quay.io/biocontainers/samtools:1.16.1--h6899075_1,2,14400000,-,12884901888,1,1772814451896,1772814461000,1772814475000,23104,14000,-,161.4,0.0,14106624,171413504,14106624,231587840,1667475864,2253290,53636,567,0,2256896,31528,40,/input/data/work/1b/39b382ba7e8b18229b82915f436746,true,-
42,hu-worker-c40,13/702963,nf-13702963f4290f9ffb04cd783e91844e-10648,NFCORE_NANOSEQ:NANOSEQ:BAM_SORT_INDEX_SAMTOOLS:BAM_STATS_SAMTOOLS:SAMTOOLS_IDXSTATS,K562_R1,NFCORE_NANOSEQ:NANOSEQ:BAM_SORT_INDEX_SAMTOOLS:BAM_STATS_SAMTOOLS:SAMTOOLS_IDXSTATS (K562_R1),COMPLETED,0,-,quay.io/biocontainers/samtools:1.16.1--h6899075_1,1,14400000,-,6442450944,1,1772814476499,1772814477000,1772814477000,501,0,-,62.4,0.0,3244032,5640192,3244032,5644288,2422312,5484,263,19,0,12288,3,2,/input/data/work/13/702963f4290f9ffb04cd783e91844e,true,-
24,hu-worker-c44,1e/a53c98,nf-1ea53c98d600e77bbcd092b52b012fdd-de520,NFCORE_NANOSEQ:NANOSEQ:ALIGN_MINIMAP2:MINIMAP2_ALIGN,A549_R3,NFCORE_NANOSEQ:NANOSEQ:ALIGN_MINIMAP2:MINIMAP2_ALIGN (A549_R3),COMPLETED,0,-,quay.io/biocontainers/minimap2:2.17--hed695b0_3,6,28800000,-,45097156608,1,1772813396879,1772813404000,1772814487000,1090121,1080000,-,580.9,8.4,22554996736,22990290944,23027195904,23468449792,12659740023,2726019039,135023,657862,0,2726027264,971,1490,/input/data/work/1e/a53c98d600e77bbcd092b52b012fdd,true,-
41,hu-worker-c40,67/d88100,nf-67d88100292b2c9c0ed2b1707c6a81f4-055e3,NFCORE_NANOSEQ:NANOSEQ:BAM_SORT_INDEX_SAMTOOLS:BAM_STATS_SAMTOOLS:SAMTOOLS_FLAGSTAT,K562_R1,NFCORE_NANOSEQ:NANOSEQ:BAM_SORT_INDEX_SAMTOOLS:BAM_STATS_SAMTOOLS:SAMTOOLS_FLAGSTAT (K562_R1),COMPLETED,0,-,quay.io/biocontainers/samtools:1.16.1--h6899075_1,1,14400000,-,6442450944,1,1772814476541,1772814477000,1772814489000,12459,12000,-,143.5,0.0,7143424,164339712,7143424,231587840,1667475959,5448,53636,19,4194304,12288,39941,26,/input/data/work/67/d88100292b2c9c0ed2b1707c6a81f4,true,-
46,hu-worker-c44,07/ba9ada,nf-07ba9ada9d78f8bef865100f4e173870-32572,NFCORE_NANOSEQ:NANOSEQ:BAM_SORT_INDEX_SAMTOOLS:SAMTOOLS_VIEW_BAM,A549_R3,NFCORE_NANOSEQ:NANOSEQ:BAM_SORT_INDEX_SAMTOOLS:SAMTOOLS_VIEW_BAM (A549_R3),COMPLETED,0,-,quay.io/biocontainers/samtools:1.15.1--h1170115_0,6,28800000,-,45097156608,1,1772814491306,1772814492000,1772814504000,12694,11000,-,500.0,0.0,76328960,631377920,76328960,686477312,2726126402,1359961728,11170,36148,8425472,1360252928,23821,17,/input/data/work/07/ba9ada9d78f8bef865100f4e173870,true,-
45,hu-worker-c45,60/cba9e6,nf-60cba9e690964d53720dba513a2cbc3a-74ff8,NFCORE_NANOSEQ:NANOSEQ:BAM_SORT_INDEX_SAMTOOLS:BAM_STATS_SAMTOOLS:SAMTOOLS_STATS,K562_R1,NFCORE_NANOSEQ:NANOSEQ:BAM_SORT_INDEX_SAMTOOLS:BAM_STATS_SAMTOOLS:SAMTOOLS_STATS (K562_R1),COMPLETED,0,-,quay.io/biocontainers/samtools:1.16.1--h6899075_1,1,14400000,-,6442450944,1,1772814476672,1772814478000,1772814508000,31328,30000,-,171.6,0.0,56156160,214093824,56156160,233156608,1667476574,2738420,53636,686,0,2744320,2215,207,/input/data/work/60/cba9e690964d53720dba513a2cbc3a,true,-
47,hu-worker-c44,8b/067f39,nf-8b067f39c991d5d6cd662a9177382710-2a683,NFCORE_NANOSEQ:NANOSEQ:BAM_SORT_INDEX_SAMTOOLS:SAMTOOLS_SORT,A549_R3,NFCORE_NANOSEQ:NANOSEQ:BAM_SORT_INDEX_SAMTOOLS:SAMTOOLS_SORT (A549_R3),COMPLETED,0,-,quay.io/biocontainers/samtools:1.16.1--h6899075_1,6,28800000,-,45097156608,1,1772814506441,1772814507000,1772814520000,13559,13000,-,528.8,0.9,2456186880,5959585792,2494050304,5982920704,1360098025,1261857099,45645,36146,159744,1262149632,26104,18,/input/data/work/8b/067f39c991d5d6cd662a9177382710,true,-
43,hu-worker-c45,da/d55053,nf-dad550538e84ed49a01c5ca0348e50c6-e6ab8,NFCORE_NANOSEQ:NANOSEQ:BEDTOOLS_UCSC_BIGBED:BEDTOOLS_BAMBED,-,NFCORE_NANOSEQ:NANOSEQ:BEDTOOLS_UCSC_BIGBED:BEDTOOLS_BAMBED (2),COMPLETED,0,-,quay.io/biocontainers/bedtools:2.29.2--hc088bd4_0,6,28800000,-,45097156608,1,1772814476455,1772814477000,1772814526000,49545,47000,-,151.0,0.5,1417703424,1572913152,1417703424,1572917248,1883221564,431584641,106260,105384,4194304,215801856,31350,535,/input/data/work/da/d550538e84ed49a01c5ca0348e50c6,true,-
48,hu-worker-c40,86/95c242,nf-8695c242476f15487f955a1652f13b05-c0dfb,NFCORE_NANOSEQ:NANOSEQ:BAM_SORT_INDEX_SAMTOOLS:SAMTOOLS_INDEX,A549_R3,NFCORE_NANOSEQ:NANOSEQ:BAM_SORT_INDEX_SAMTOOLS:SAMTOOLS_INDEX (A549_R3),COMPLETED,0,-,quay.io/biocontainers/samtools:1.16.1--h6899075_1,2,14400000,-,12884901888,1,1772814527797,1772814528000,1772814539000,11203,10000,-,145.9,0.0,15187968,172388352,15187968,231587840,1261992519,2093354,41288,528,4198400,2097152,30830,72,/input/data/work/86/95c242476f15487f955a1652f13b05,true,-
53,hu-worker-c45,77/40730d,nf-7740730d20402525c270571c37e2e78a-4cefe,NFCORE_NANOSEQ:NANOSEQ:BAM_SORT_INDEX_SAMTOOLS:BAM_STATS_SAMTOOLS:SAMTOOLS_IDXSTATS,A549_R3,NFCORE_NANOSEQ:NANOSEQ:BAM_SORT_INDEX_SAMTOOLS:BAM_STATS_SAMTOOLS:SAMTOOLS_IDXSTATS (A549_R3),COMPLETED,0,-,quay.io/biocontainers/samtools:1.16.1--h6899075_1,1,14400000,-,6442450944,1,1772814541525,1772814542000,1772814542000,475,0,-,30.9,0.0,3149824,5640192,3149824,5644288,2262298,5478,260,19,0,12288,3,3,/input/data/work/77/40730d20402525c270571c37e2e78a,true,-
49,hu-worker-c45,01/5d319c,nf-015d319c96baed5f1cce73b96a3b2471-083b7,NFCORE_NANOSEQ:NANOSEQ:BEDTOOLS_UCSC_BIGBED:UCSC_BED12TOBIGBED,K562_R1,NFCORE_NANOSEQ:NANOSEQ:BEDTOOLS_UCSC_BIGBED:UCSC_BED12TOBIGBED (K562_R1),COMPLETED,0,-,quay.io/biocontainers/ucsc-bedtobigbed:377--h446ed27_1,6,28800000,-,45097156608,1,1772814531342,1772814539000,1772814551000,19658,11000,-,99.9,0.0,16171008,43880448,16240640,44019712,647486265,71235247,10027,7911,0,71249920,18,213,/input/data/work/01/5d319c96baed5f1cce73b96a3b2471,true,-
50,hu-worker-c45,6b/8b2670,nf-6b8b26704dd316f219080452d63dcaf7-46a8f,NFCORE_NANOSEQ:NANOSEQ:BAM_SORT_INDEX_SAMTOOLS:BAM_STATS_SAMTOOLS:SAMTOOLS_FLAGSTAT,A549_R3,NFCORE_NANOSEQ:NANOSEQ:BAM_SORT_INDEX_SAMTOOLS:BAM_STATS_SAMTOOLS:SAMTOOLS_FLAGSTAT (A549_R3),COMPLETED,0,-,quay.io/biocontainers/samtools:1.16.1--h6899075_1,1,14400000,-,6442450944,1,1772814541424,1772814542000,1772814552000,10576,10000,-,128.9,0.0,7151616,164339712,7151616,231587840,1261992532,5446,41288,19,0,12288,32286,26,/input/data/work/6b/8b26704dd316f219080452d63dcaf7,true,-
52,hu-worker-c45,81/d5da99,nf-81d5da99da2cf63ac3cfd7924dc06e80-baf0b,NFCORE_NANOSEQ:NANOSEQ:BAM_SORT_INDEX_SAMTOOLS:BAM_STATS_SAMTOOLS:SAMTOOLS_STATS,A549_R3,NFCORE_NANOSEQ:NANOSEQ:BAM_SORT_INDEX_SAMTOOLS:BAM_STATS_SAMTOOLS:SAMTOOLS_STATS (A549_R3),COMPLETED,0,-,quay.io/biocontainers/samtools:1.16.1--h6899075_1,1,14400000,-,6442450944,1,1772814541558,1772814542000,1772814564000,22442,22000,-,168.4,0.0,115052544,273014784,115052544,273084416,1261993230,24969761,41288,6113,0,24973312,1396,163,/input/data/work/81/d5da99da2cf63ac3cfd7924dc06e80,true,-
54,hu-worker-c44,60/22fd9e,nf-6022fd9e31c95bedb0c40160dca8631b-2e3ec,NFCORE_NANOSEQ:NANOSEQ:BEDTOOLS_UCSC_BIGBED:BEDTOOLS_BAMBED,-,NFCORE_NANOSEQ:NANOSEQ:BEDTOOLS_UCSC_BIGBED:BEDTOOLS_BAMBED (3),COMPLETED,0,-,quay.io/biocontainers/bedtools:2.29.2--hc088bd4_0,6,28800000,-,45097156608,1,1772814541463,1772814542000,1772814576000,34537,32000,-,152.4,0.4,1134182400,1256120320,1134374912,1256452096,1431349073,338805931,82587,82734,4599808,169414656,25996,144,/input/data/work/60/22fd9e31c95bedb0c40160dca8631b,true,-
44,hu-worker-c40,41/e22349,nf-41e22349021828a99e06b0ff6124dffd-97440,NFCORE_NANOSEQ:NANOSEQ:BEDTOOLS_UCSC_BIGWIG:BEDTOOLS_GENOMECOV,K562_R1,NFCORE_NANOSEQ:NANOSEQ:BEDTOOLS_UCSC_BIGWIG:BEDTOOLS_GENOMECOV (K562_R1),COMPLETED,0,-,quay.io/biocontainers/bedtools:2.29.2--hc088bd4_0,6,28800000,-,45097156608,1,1772814476583,1772814477000,1772814599000,122417,120000,-,120.5,2.9,7682580480,9532162048,8727769088,10686873600,2113435286,892011898,181969,19149021,0,446017536,75923,771,/input/data/work/41/e22349021828a99e06b0ff6124dffd,true,-
55,hu-worker-c45,cf/124b60,nf-cf124b600e8cf53284091cc4b5e90605-07911,NFCORE_NANOSEQ:NANOSEQ:BEDTOOLS_UCSC_BIGBED:UCSC_BED12TOBIGBED,A549_R3,NFCORE_NANOSEQ:NANOSEQ:BEDTOOLS_UCSC_BIGBED:UCSC_BED12TOBIGBED (A549_R3),COMPLETED,0,-,quay.io/biocontainers/ucsc-bedtobigbed:377--h446ed27_1,6,28800000,-,45097156608,1,1772814581353,1772814590000,1772814599000,17647,8000,-,100.1,0.0,8912896,36794368,9043968,36864000,508318185,57245548,7903,6368,0,57257984,13,90,/input/data/work/cf/124b600e8cf53284091cc4b5e90605,true,-
51,hu-worker-c40,c0/7d2f58,nf-c07d2f5865450a94720243731faa9aac-dd4a2,NFCORE_NANOSEQ:NANOSEQ:BEDTOOLS_UCSC_BIGWIG:BEDTOOLS_GENOMECOV,A549_R3,NFCORE_NANOSEQ:NANOSEQ:BEDTOOLS_UCSC_BIGWIG:BEDTOOLS_GENOMECOV (A549_R3),COMPLETED,0,-,quay.io/biocontainers/bedtools:2.29.2--hc088bd4_0,6,28800000,-,45097156608,1,1772814541490,1772814542000,1772814624000,82510,81000,-,119.0,1.7,4365434880,5591920640,6189182976,7472283648,1541160959,558429934,114029,11939497,4194304,279224320,42203,332,/input/data/work/c0/7d2f5865450a94720243731faa9aac,true,-
56,hu-worker-c45,33/77f4e2,nf-3377f4e27b285238e3c6bf9a0089befd-30ee0,NFCORE_NANOSEQ:NANOSEQ:BEDTOOLS_UCSC_BIGWIG:UCSC_BEDGRAPHTOBIGWIG,K562_R1,NFCORE_NANOSEQ:NANOSEQ:BEDTOOLS_UCSC_BIGWIG:UCSC_BEDGRAPHTOBIGWIG (K562_R1),COMPLETED,0,-,quay.io/biocontainers/ucsc-bedgraphtobigwig:377--h446ed27_1,6,28800000,-,45097156608,1,1772814601610,1772814602000,1772814642000,40390,39000,-,79.0,0.0,31555584,59260928,31629312,59265024,1338061611,82700552,20559,18629,0,82714624,6933,5069,/input/data/work/33/77f4e27b285238e3c6bf9a0089befd,true,-
57,hu-worker-c45,cc/f0d107,nf-ccf0d1071a619e9b45e4a3e6a522ffb4-cd290,NFCORE_NANOSEQ:NANOSEQ:BEDTOOLS_UCSC_BIGWIG:UCSC_BEDGRAPHTOBIGWIG,A549_R3,NFCORE_NANOSEQ:NANOSEQ:BEDTOOLS_UCSC_BIGWIG:UCSC_BEDGRAPHTOBIGWIG (A549_R3),COMPLETED,0,-,quay.io/biocontainers/ucsc-bedgraphtobigwig:377--h446ed27_1,6,28800000,-,45097156608,1,1772814626615,1772814627000,1772814644000,17385,15000,-,99.7,0.0,22536192,50393088,27680768,55267328,837688665,52620212,12924,11596,0,52633600,14,182,/input/data/work/cc/f0d1071a619e9b45e4a3e6a522ffb4,true,-
22,hu-worker-c44,cf/eb18b9,nf-cfeb18b95ac1315fe23b8fb642a50ca2-dd992,NFCORE_NANOSEQ:NANOSEQ:ALIGN_MINIMAP2:MINIMAP2_ALIGN,A549_R1,NFCORE_NANOSEQ:NANOSEQ:ALIGN_MINIMAP2:MINIMAP2_ALIGN (A549_R1),COMPLETED,0,-,quay.io/biocontainers/minimap2:2.17--hed695b0_3,6,28800000,-,45097156608,1,1772813396996,1772813404000,1772814972000,1575004,1562000,-,588.4,7.7,20834095104,21308063744,21246087168,21719113728,13908854410,5951401636,287503,1451598,286720,5951410176,993,1450,/input/data/work/cf/eb18b95ac1315fe23b8fb642a50ca2,true,-
58,hu-worker-c45,5f/9a7366,nf-5f9a7366a07a953c87d78fc716b0d1f8-39b56,NFCORE_NANOSEQ:NANOSEQ:BAM_SORT_INDEX_SAMTOOLS:SAMTOOLS_VIEW_BAM,A549_R1,NFCORE_NANOSEQ:NANOSEQ:BAM_SORT_INDEX_SAMTOOLS:SAMTOOLS_VIEW_BAM (A549_R1),COMPLETED,0,-,quay.io/biocontainers/samtools:1.15.1--h1170115_0,6,28800000,-,45097156608,1,1772814976411,1772814978000,1772815005000,28589,25000,-,522.2,0.0,53768192,628396032,53768192,685555712,5951508677,2929858165,25144,81371,4198400,2930511872,42198,51,/input/data/work/5f/9a7366a07a953c87d78fc716b0d1f8,true,-
59,hu-worker-c40,72/5718ff,nf-725718ff92c773f493fa62e14fcb47fa-8567b,NFCORE_NANOSEQ:NANOSEQ:BAM_SORT_INDEX_SAMTOOLS:SAMTOOLS_SORT,A549_R1,NFCORE_NANOSEQ:NANOSEQ:BAM_SORT_INDEX_SAMTOOLS:SAMTOOLS_SORT (A549_R1),COMPLETED,0,-,quay.io/biocontainers/samtools:1.16.1--h6899075_1,6,28800000,-,45097156608,1,1772815011353,1772815014000,1772815055000,43647,39000,-,571.4,1.8,4948549632,6010646528,5026439168,6075826176,5453567177,5238508477,240228,153474,0,5239177216,11216,203,/input/data/work/72/5718ff92c773f493fa62e14fcb47fa,true,-
60,hu-worker-c44,8c/2f04e9,nf-8c2f04e9ce2a7a0baab53053b5778430-8bd5a,NFCORE_NANOSEQ:NANOSEQ:BAM_SORT_INDEX_SAMTOOLS:SAMTOOLS_INDEX,A549_R1,NFCORE_NANOSEQ:NANOSEQ:BAM_SORT_INDEX_SAMTOOLS:SAMTOOLS_INDEX (A549_R1),COMPLETED,0,-,quay.io/biocontainers/samtools:1.16.1--h6899075_1,2,14400000,-,12884901888,1,1772815057722,1772815062000,1772815085000,27278,23000,-,160.9,0.0,16830464,174067712,16830464,231587840,2715095960,2343666,87377,589,0,2347008,62549,66,/input/data/work/8c/2f04e9ce2a7a0baab53053b5778430,true,-
62,hu-worker-c40,b4/d99e46,nf-b4d99e464661c081812736b976ce5a36-959ae,NFCORE_NANOSEQ:NANOSEQ:BAM_SORT_INDEX_SAMTOOLS:BAM_STATS_SAMTOOLS:SAMTOOLS_IDXSTATS,A549_R1,NFCORE_NANOSEQ:NANOSEQ:BAM_SORT_INDEX_SAMTOOLS:BAM_STATS_SAMTOOLS:SAMTOOLS_IDXSTATS (A549_R1),COMPLETED,0,-,quay.io/biocontainers/samtools:1.16.1--h6899075_1,1,14400000,-,6442450944,1,1772815091338,1772815096000,1772815096000,4662,0,-,101.9,0.0,3170304,5640192,3170304,5644288,2512692,5496,264,19,0,12288,2,1,/input/data/work/b4/d99e464661c081812736b976ce5a36,true,-
61,hu-worker-c40,62/f00d1a,nf-62f00d1ab701d12155852fad402b7b70-bcc53,NFCORE_NANOSEQ:NANOSEQ:BAM_SORT_INDEX_SAMTOOLS:BAM_STATS_SAMTOOLS:SAMTOOLS_FLAGSTAT,A549_R1,NFCORE_NANOSEQ:NANOSEQ:BAM_SORT_INDEX_SAMTOOLS:BAM_STATS_SAMTOOLS:SAMTOOLS_FLAGSTAT (A549_R1),COMPLETED,0,-,quay.io/biocontainers/samtools:1.16.1--h6899075_1,1,14400000,-,6442450944,1,1772815091431,1772815096000,1772815117000,25569,21000,-,137.8,0.0,7311360,164339712,7311360,231587840,2715095928,5450,87377,19,0,12288,74594,37,/input/data/work/62/f00d1ab701d12155852fad402b7b70,true,-
65,hu-worker-c40,a5/5a4ade,nf-a55a4ade155816870f69fc7a5814e7f9-af154,NFCORE_NANOSEQ:NANOSEQ:BAM_SORT_INDEX_SAMTOOLS:BAM_STATS_SAMTOOLS:SAMTOOLS_STATS,A549_R1,NFCORE_NANOSEQ:NANOSEQ:BAM_SORT_INDEX_SAMTOOLS:BAM_STATS_SAMTOOLS:SAMTOOLS_STATS (A549_R1),COMPLETED,0,-,quay.io/biocontainers/samtools:1.16.1--h6899075_1,1,14400000,-,6442450944,1,1772815091471,1772815096000,1772815141000,49529,45000,-,171.5,0.0,77647872,235507712,77647872,235511808,2715096643,3757868,87377,935,0,3764224,5350,210,/input/data/work/a5/5a4ade155816870f69fc7a5814e7f9,true,-
63,hu-worker-c44,90/1638aa,nf-901638aa9cb7796e20d0e32819ccbb31-1f64f,NFCORE_NANOSEQ:NANOSEQ:BEDTOOLS_UCSC_BIGBED:BEDTOOLS_BAMBED,-,NFCORE_NANOSEQ:NANOSEQ:BEDTOOLS_UCSC_BIGBED:BEDTOOLS_BAMBED (4),COMPLETED,0,-,quay.io/biocontainers/bedtools:2.29.2--hc088bd4_0,6,28800000,-,45097156608,1,1772815091369,1772815093000,1772815164000,72631,69000,-,154.5,1.1,2876080128,3356061696,2876080128,3356086272,3146203554,862308282,192580,210542,0,431165440,61507,1121,/input/data/work/90/1638aa9cb7796e20d0e32819ccbb31,true,-
66,hu-worker-c40,e7/d9c127,nf-e7d9c127827957a63a0faabb1ef15f3b-3782d,NFCORE_NANOSEQ:NANOSEQ:BEDTOOLS_UCSC_BIGBED:UCSC_BED12TOBIGBED,A549_R1,NFCORE_NANOSEQ:NANOSEQ:BEDTOOLS_UCSC_BIGBED:UCSC_BED12TOBIGBED (A549_R1),COMPLETED,0,-,quay.io/biocontainers/ucsc-bedtobigbed:377--h446ed27_1,6,28800000,-,45097156608,1,1772815166425,1772815178000,1772815197000,30575,18000,-,98.9,0.0,9166848,36904960,9297920,36974592,1293571800,132265853,19894,15476,0,132280320,24,183,/input/data/work/e7/d9c127827957a63a0faabb1ef15f3b,true,-
64,hu-worker-c45,8b/e23a39,nf-8be23a39cfa44fe1e1ff5323db58cdfb-1141b,NFCORE_NANOSEQ:NANOSEQ:BEDTOOLS_UCSC_BIGWIG:BEDTOOLS_GENOMECOV,A549_R1,NFCORE_NANOSEQ:NANOSEQ:BEDTOOLS_UCSC_BIGWIG:BEDTOOLS_GENOMECOV (A549_R1),COMPLETED,0,-,quay.io/biocontainers/bedtools:2.29.2--hc088bd4_0,6,28800000,-,45097156608,1,1772815091403,1772815101000,1772815255000,163597,152000,-,112.5,2.3,6179799040,7289462784,7212093440,8431165440,3058354508,686610578,188276,14614418,0,343314432,59017,1496,/input/data/work/8b/e23a39cfa44fe1e1ff5323db58cdfb,true,-
67,hu-worker-c44,91/c9e886,nf-91c9e88693b5bd8a0135593cae37f008-b257b,NFCORE_NANOSEQ:NANOSEQ:BEDTOOLS_UCSC_BIGWIG:UCSC_BEDGRAPHTOBIGWIG,A549_R1,NFCORE_NANOSEQ:NANOSEQ:BEDTOOLS_UCSC_BIGWIG:UCSC_BEDGRAPHTOBIGWIG (A549_R1),COMPLETED,0,-,quay.io/biocontainers/ucsc-bedgraphtobigwig:377--h446ed27_1,6,28800000,-,45097156608,1,1772815256662,1772815267000,1772815287000,30338,19000,-,99.8,0.0,8716288,36429824,8785920,36433920,1029959851,63869864,15858,14254,5640192,63885312,59,249,/input/data/work/91/c9e88693b5bd8a0135593cae37f008,true,-
27,hu-worker-c42,00/5f9a0a,nf-005f9a0a6f62127d255815bbda2f039f-311bf,NFCORE_NANOSEQ:NANOSEQ:ALIGN_MINIMAP2:MINIMAP2_ALIGN,K562_R3,NFCORE_NANOSEQ:NANOSEQ:ALIGN_MINIMAP2:MINIMAP2_ALIGN (K562_R3),COMPLETED,0,-,quay.io/biocontainers/minimap2:2.17--hed695b0_3,6,28800000,-,45097156608,1,1772813397078,1772813397000,1772815788000,2390922,2385000,-,594.1,8.1,21976428544,22532050944,22433386496,23026311168,13950473095,5933394199,292583,1428098,266240,5933404160,924,1664,/input/data/work/00/5f9a0a6f62127d255815bbda2f039f,true,-
68,hu-worker-c44,09/54bd9c,nf-0954bd9c2f090b0eb9bf3bf876cbb5c3-df83e,NFCORE_NANOSEQ:NANOSEQ:BAM_SORT_INDEX_SAMTOOLS:SAMTOOLS_VIEW_BAM,K562_R3,NFCORE_NANOSEQ:NANOSEQ:BAM_SORT_INDEX_SAMTOOLS:SAMTOOLS_VIEW_BAM (K562_R3),COMPLETED,0,-,quay.io/biocontainers/samtools:1.15.1--h1170115_0,6,28800000,-,45097156608,1,1772815791439,1772815799000,1772815825000,33561,24000,-,513.4,0.0,57892864,634015744,57892864,685555712,5933501453,2953692176,25139,78589,0,2954326016,45033,19,/input/data/work/09/54bd9c2f090b0eb9bf3bf876cbb5c3,true,-
69,hu-worker-c45,c6/28dac3,nf-c628dac3011878d561f4af581ed15220-bcde1,NFCORE_NANOSEQ:NANOSEQ:BAM_SORT_INDEX_SAMTOOLS:SAMTOOLS_SORT,K562_R3,NFCORE_NANOSEQ:NANOSEQ:BAM_SORT_INDEX_SAMTOOLS:SAMTOOLS_SORT (K562_R3),COMPLETED,0,-,quay.io/biocontainers/samtools:1.16.1--h6899075_1,6,28800000,-,45097156608,1,1772815826453,1772815827000,1772815873000,46547,45000,-,485.6,1.8,4923109376,6010990592,4986859520,6058770432,5636041940,5450838938,245392,151909,0,5451481088,5408,226,/input/data/work/c6/28dac3011878d561f4af581ed15220,true,-
70,hu-worker-c45,b4/b0067b,nf-b4b0067beca3cb426a83b80a8035996b-b06b6,NFCORE_NANOSEQ:NANOSEQ:BAM_SORT_INDEX_SAMTOOLS:SAMTOOLS_INDEX,K562_R3,NFCORE_NANOSEQ:NANOSEQ:BAM_SORT_INDEX_SAMTOOLS:SAMTOOLS_INDEX (K562_R3),COMPLETED,0,-,quay.io/biocontainers/samtools:1.16.1--h6899075_1,2,14400000,-,12884901888,1,1772815877303,1772815878000,1772815900000,22697,22000,-,153.1,0.0,20660224,177934336,20660224,231587840,2768785366,2740600,90765,686,0,2744320,68160,102,/input/data/work/b4/b0067beca3cb426a83b80a8035996b,true,-
71,hu-worker-c44,79/654869,nf-79654869581328e5a2768193e6256b91-32fe8,NFCORE_NANOSEQ:NANOSEQ:BAM_SORT_INDEX_SAMTOOLS:BAM_STATS_SAMTOOLS:SAMTOOLS_IDXSTATS,K562_R3,NFCORE_NANOSEQ:NANOSEQ:BAM_SORT_INDEX_SAMTOOLS:BAM_STATS_SAMTOOLS:SAMTOOLS_IDXSTATS (K562_R3),COMPLETED,0,-,quay.io/biocontainers/samtools:1.16.1--h6899075_1,1,14400000,-,6442450944,1,1772815906478,1772815910000,1772815911000,4522,0,-,63.0,0.0,3182592,5640192,3182592,5644288,2909763,5499,270,19,0,12288,3,0,/input/data/work/79/654869581328e5a2768193e6256b91,true,-
73,hu-worker-c40,5b/891e1e,nf-5b891e1e37414f3e8b5b472f7ea6f56e-09725,NFCORE_NANOSEQ:NANOSEQ:BAM_SORT_INDEX_SAMTOOLS:BAM_STATS_SAMTOOLS:SAMTOOLS_FLAGSTAT,K562_R3,NFCORE_NANOSEQ:NANOSEQ:BAM_SORT_INDEX_SAMTOOLS:BAM_STATS_SAMTOOLS:SAMTOOLS_FLAGSTAT (K562_R3),COMPLETED,0,-,quay.io/biocontainers/samtools:1.16.1--h6899075_1,1,14400000,-,6442450944,1,1772815906400,1772815914000,1772815937000,30600,22000,-,137.0,0.0,7180288,164339712,7180288,231587840,2768785545,5451,90765,19,0,12288,70195,34,/input/data/work/5b/891e1e37414f3e8b5b472f7ea6f56e,true,-
72,hu-worker-c44,2f/8e2563,nf-2f8e25632cd554d7592cfe1ec48a8cd9-968fa,NFCORE_NANOSEQ:NANOSEQ:BAM_SORT_INDEX_SAMTOOLS:BAM_STATS_SAMTOOLS:SAMTOOLS_STATS,K562_R3,NFCORE_NANOSEQ:NANOSEQ:BAM_SORT_INDEX_SAMTOOLS:BAM_STATS_SAMTOOLS:SAMTOOLS_STATS (K562_R3),COMPLETED,0,-,quay.io/biocontainers/samtools:1.16.1--h6899075_1,1,14400000,-,6442450944,1,1772815906550,1772815910000,1772815956000,49450,46000,-,173.6,0.1,185794560,343896064,185794560,343900160,2768786368,6533235,90765,1612,90112,6537216,3966,499,/input/data/work/2f/8e25632cd554d7592cfe1ec48a8cd9,true,-
75,hu-worker-c45,6e/e836d9,nf-6ee836d9d5bd02c26734460266849a1c-157d1,NFCORE_NANOSEQ:NANOSEQ:BEDTOOLS_UCSC_BIGBED:BEDTOOLS_BAMBED,-,NFCORE_NANOSEQ:NANOSEQ:BEDTOOLS_UCSC_BIGBED:BEDTOOLS_BAMBED (5),COMPLETED,0,-,quay.io/biocontainers/bedtools:2.29.2--hc088bd4_0,6,28800000,-,45097156608,1,1772815906441,1772815909000,1772815980000,73559,69000,-,154.3,0.9,2383265792,2776150016,2383265792,2776154112,3119709924,701942186,176392,171390,0,350982144,52973,1253,/input/data/work/6e/e836d9d5bd02c26734460266849a1c,true,-
76,hu-worker-c44,e5/a52c07,nf-e5a52c07f9264268d808ab17813613d7-f09da,NFCORE_NANOSEQ:NANOSEQ:BEDTOOLS_UCSC_BIGBED:UCSC_BED12TOBIGBED,K562_R3,NFCORE_NANOSEQ:NANOSEQ:BEDTOOLS_UCSC_BIGBED:UCSC_BED12TOBIGBED (K562_R3),COMPLETED,0,-,quay.io/biocontainers/ucsc-bedtobigbed:377--h446ed27_1,6,28800000,-,45097156608,1,1772815981711,1772815992000,1772816009000,27289,15000,-,99.8,0.0,20602880,48422912,20639744,48525312,1053022800,116030978,16222,13043,5881856,116043776,66,213,/input/data/work/e5/a52c07f9264268d808ab17813613d7,true,-
74,hu-worker-c40,89/3872f7,nf-893872f781274295c05c1bdc00a51b2a-5d3c6,NFCORE_NANOSEQ:NANOSEQ:BEDTOOLS_UCSC_BIGWIG:BEDTOOLS_GENOMECOV,K562_R3,NFCORE_NANOSEQ:NANOSEQ:BEDTOOLS_UCSC_BIGWIG:BEDTOOLS_GENOMECOV (K562_R3),COMPLETED,0,-,quay.io/biocontainers/bedtools:2.29.2--hc088bd4_0,6,28800000,-,45097156608,1,1772815906509,1772815915000,1772816074000,167491,157000,-,117.5,3.4,9098457088,11910885376,9863401472,12727758848,3292396695,1047315541,326213,22455979,0,523669504,96066,902,/input/data/work/89/3872f781274295c05c1bdc00a51b2a,true,-
77,hu-worker-c45,be/573390,nf-be5733903a67efa708cf0e3deb1b68e2-7bb5c,NFCORE_NANOSEQ:NANOSEQ:BEDTOOLS_UCSC_BIGWIG:UCSC_BEDGRAPHTOBIGWIG,K562_R3,NFCORE_NANOSEQ:NANOSEQ:BEDTOOLS_UCSC_BIGWIG:UCSC_BEDGRAPHTOBIGWIG (K562_R3),COMPLETED,0,-,quay.io/biocontainers/ucsc-bedgraphtobigwig:377--h446ed27_1,6,28800000,-,45097156608,1,1772816076418,1772816083000,1772816112000,35582,28000,-,100.0,0.0,44318720,71933952,44388352,72073216,1571017085,99607776,24114,22275,0,99622912,13,276,/input/data/work/be/5733903a67efa708cf0e3deb1b68e2,true,-
23,hu-worker-c42,33/4ec550,nf-334ec550b4a582dec5ab7d29c214a578-504fc,NFCORE_NANOSEQ:NANOSEQ:ALIGN_MINIMAP2:MINIMAP2_ALIGN,A549_R2,NFCORE_NANOSEQ:NANOSEQ:ALIGN_MINIMAP2:MINIMAP2_ALIGN (A549_R2),COMPLETED,0,-,quay.io/biocontainers/minimap2:2.17--hed695b0_3,6,28800000,-,45097156608,1,1772813396943,1772813397000,1772816165000,2768057,2762000,-,594.8,8.0,21506887680,22033793024,22327926784,22843756544,13941530869,6001670621,291491,1413229,811008,6001680384,973,1830,/input/data/work/33/4ec550b4a582dec5ab7d29c214a578,true,-
78,hu-worker-c45,a6/169ab6,nf-a6169ab61f9da660396042e7f604c99a-72865,NFCORE_NANOSEQ:NANOSEQ:BAM_SORT_INDEX_SAMTOOLS:SAMTOOLS_VIEW_BAM,A549_R2,NFCORE_NANOSEQ:NANOSEQ:BAM_SORT_INDEX_SAMTOOLS:SAMTOOLS_VIEW_BAM (A549_R2),COMPLETED,0,-,quay.io/biocontainers/samtools:1.15.1--h1170115_0,6,28800000,-,45097156608,1,1772816166459,1772816174000,1772816201000,34541,24000,-,511.0,0.0,80019456,651751424,80019456,685555712,6001777672,2961274114,24752,79823,0,2961915904,44537,30,/input/data/work/a6/169ab61f9da660396042e7f604c99a,true,-
79,hu-worker-c45,ce/b32010,nf-ceb320108e0c9c5b9159bf293fb984ef-835b9,NFCORE_NANOSEQ:NANOSEQ:BAM_SORT_INDEX_SAMTOOLS:SAMTOOLS_SORT,A549_R2,NFCORE_NANOSEQ:NANOSEQ:BAM_SORT_INDEX_SAMTOOLS:SAMTOOLS_SORT (A549_R2),COMPLETED,0,-,quay.io/biocontainers/samtools:1.16.1--h6899075_1,6,28800000,-,45097156608,1,1772816206396,1772816215000,1772816260000,53604,44000,-,491.2,1.8,4912848896,6012792832,4965224448,6050590720,5634800736,5446810425,246906,154093,0,5447467008,4953,293,/input/data/work/ce/b320108e0c9c5b9159bf293fb984ef,true,-
80,hu-worker-c44,5e/d0bf78,nf-5ed0bf78f253f171c62163c3cdc20e38-665a2,NFCORE_NANOSEQ:NANOSEQ:BAM_SORT_INDEX_SAMTOOLS:SAMTOOLS_INDEX,A549_R2,NFCORE_NANOSEQ:NANOSEQ:BAM_SORT_INDEX_SAMTOOLS:SAMTOOLS_INDEX (A549_R2),COMPLETED,0,-,quay.io/biocontainers/samtools:1.16.1--h6899075_1,2,14400000,-,12884901888,1,1772816266403,1772816269000,1772816291000,24597,22000,-,151.2,0.0,18972672,176619520,18972672,231587840,2773580222,2626946,90035,659,0,2633728,72570,73,/input/data/work/5e/d0bf78f253f171c62163c3cdc20e38,true,-
81,hu-worker-c40,00/688dfd,nf-00688dfd98f45b548ec4868b6d741a72-6bfba,NFCORE_NANOSEQ:NANOSEQ:BAM_SORT_INDEX_SAMTOOLS:BAM_STATS_SAMTOOLS:SAMTOOLS_IDXSTATS,A549_R2,NFCORE_NANOSEQ:NANOSEQ:BAM_SORT_INDEX_SAMTOOLS:BAM_STATS_SAMTOOLS:SAMTOOLS_IDXSTATS (A549_R2),COMPLETED,0,-,quay.io/biocontainers/samtools:1.16.1--h6899075_1,1,14400000,-,6442450944,1,1772816296417,1772816303000,1772816303000,6583,0,-,55.7,0.0,3227648,5640192,3227648,5644288,2795974,5486,269,19,0,12288,2,0,/input/data/work/00/688dfd98f45b548ec4868b6d741a72,true,-
83,hu-worker-c45,4c/44a0ed,nf-4c44a0ed36e9c2b1397aa73fde5a767f-2683b,NFCORE_NANOSEQ:NANOSEQ:BAM_SORT_INDEX_SAMTOOLS:BAM_STATS_SAMTOOLS:SAMTOOLS_FLAGSTAT,A549_R2,NFCORE_NANOSEQ:NANOSEQ:BAM_SORT_INDEX_SAMTOOLS:BAM_STATS_SAMTOOLS:SAMTOOLS_FLAGSTAT (A549_R2),COMPLETED,0,-,quay.io/biocontainers/samtools:1.16.1--h6899075_1,1,14400000,-,6442450944,1,1772816296516,1772816307000,1772816328000,31484,21000,-,138.8,0.0,7421952,164904960,7421952,231587840,2773580113,5448,90035,19,0,12288,75266,39,/input/data/work/4c/44a0ed36e9c2b1397aa73fde5a767f,true,-
82,hu-worker-c40,de/a622a3,nf-dea622a3718d19705b52abfa8cfb2adb-ee321,NFCORE_NANOSEQ:NANOSEQ:BAM_SORT_INDEX_SAMTOOLS:BAM_STATS_SAMTOOLS:SAMTOOLS_STATS,A549_R2,NFCORE_NANOSEQ:NANOSEQ:BAM_SORT_INDEX_SAMTOOLS:BAM_STATS_SAMTOOLS:SAMTOOLS_STATS (A549_R2),COMPLETED,0,-,quay.io/biocontainers/samtools:1.16.1--h6899075_1,1,14400000,-,6442450944,1,1772816296663,1772816303000,1772816351000,54337,47000,-,171.7,0.5,1256849408,1417752576,1256849408,1417756672,2773580890,38361507,90035,9383,0,38367232,3107,264,/input/data/work/de/a622a3718d19705b52abfa8cfb2adb,true,-
85,hu-worker-c44,ed/b05b52,nf-edb05b528d45c756ebf9fc699be8a3dc-bdb66,NFCORE_NANOSEQ:NANOSEQ:BEDTOOLS_UCSC_BIGBED:BEDTOOLS_BAMBED,-,NFCORE_NANOSEQ:NANOSEQ:BEDTOOLS_UCSC_BIGBED:BEDTOOLS_BAMBED (6),COMPLETED,0,-,quay.io/biocontainers/bedtools:2.29.2--hc088bd4_0,6,28800000,-,45097156608,1,1772816296467,1772816300000,1772816369000,72533,67000,-,150.5,0.7,1786236928,2019262464,1786236928,2019266560,3050492177,553916996,157592,135250,0,276967424,46476,1233,/input/data/work/ed/b05b528d45c756ebf9fc699be8a3dc,true,-
87,hu-worker-c44,8a/94708a,nf-8a94708a114a144f40129e06861c7cf7-66c2c,NFCORE_NANOSEQ:NANOSEQ:BEDTOOLS_UCSC_BIGBED:UCSC_BED12TOBIGBED,A549_R2,NFCORE_NANOSEQ:NANOSEQ:BEDTOOLS_UCSC_BIGBED:UCSC_BED12TOBIGBED (A549_R2),COMPLETED,0,-,quay.io/biocontainers/ucsc-bedtobigbed:377--h446ed27_1,6,28800000,-,45097156608,1,1772816371416,1772816382000,1772816397000,25584,14000,-,94.6,0.0,9015296,36835328,9146368,36904960,830985001,91478615,12832,9656,0,91492352,15,131,/input/data/work/8a/94708a114a144f40129e06861c7cf7,true,-
84,hu-worker-c42,1c/c13536,nf-1cc13536ee61e3b302b05ab8adf59132-1cdc8,NFCORE_NANOSEQ:NANOSEQ:BEDTOOLS_UCSC_BIGWIG:BEDTOOLS_GENOMECOV,A549_R2,NFCORE_NANOSEQ:NANOSEQ:BEDTOOLS_UCSC_BIGWIG:BEDTOOLS_GENOMECOV (A549_R2),COMPLETED,0,-,quay.io/biocontainers/bedtools:2.29.2--hc088bd4_0,6,28800000,-,45097156608,1,1772816296552,1772816306000,1772816453000,156448,145000,-,116.6,3.0,8094830592,9483661312,9139396608,10637221888,3250663088,954258975,235722,20292797,4464640,477138944,84236,1433,/input/data/work/1c/c13536ee61e3b302b05ab8adf59132,true,-
88,hu-worker-c40,71/db3f7b,nf-71db3f7b1b94a760e92203508d00411c-0647a,NFCORE_NANOSEQ:NANOSEQ:BEDTOOLS_UCSC_BIGWIG:UCSC_BEDGRAPHTOBIGWIG,A549_R2,NFCORE_NANOSEQ:NANOSEQ:BEDTOOLS_UCSC_BIGWIG:UCSC_BEDGRAPHTOBIGWIG (A549_R2),COMPLETED,0,-,quay.io/biocontainers/ucsc-bedgraphtobigwig:377--h446ed27_1,6,28800000,-,45097156608,1,1772816456418,1772816463000,1772816489000,32582,25000,-,100.1,0.0,8785920,36560896,8855552,36564992,1431432327,85896771,21984,19238,0,85909504,12,253,/input/data/work/71/db3f7b1b94a760e92203508d00411c,true,-
86,hu-worker-c45,f0/4b67ac,nf-f04b67acab9c24cc4ab8986b0e134267-4ada1,NFCORE_NANOSEQ:NANOSEQ:BAMBU,-,NFCORE_NANOSEQ:NANOSEQ:BAMBU (1),COMPLETED,0,-,quay.io/biocontainers/bioconductor-bambu:3.0.8--r42hc247a5b_0,6,28800000,-,45097156608,1,1772816353184,1772816358000,1772818422000,2068816,2060000,-,125.3,7.5,20215533568,27408728064,20349038592,27501752320,52739778031,412331097,1118864,101044,89333760,412336128,1684,14525,/input/data/work/f0/4b67acab9c24cc4ab8986b0e134267,true,-
89,hu-worker-c44,f0/cd258c,nf-f0cd258c2ccc20851dc012f5ac0e0e33-bec8c,NFCORE_NANOSEQ:NANOSEQ:DIFFERENTIAL_DESEQ2_DEXSEQ:DEXSEQ,-,NFCORE_NANOSEQ:NANOSEQ:DIFFERENTIAL_DESEQ2_DEXSEQ:DEXSEQ (1),COMPLETED,0,-,docker.io/yuukiiwa/nanoseq:dexseq,6,28800000,-,45097156608,1,1772818426602,1772818432000,1772818475000,48398,42346,-,253.1,0.4,1089417216,5904035840,1090756608,5906096128,164697527,257089,13992,265,86237184,262144,1640,478,/input/data/work/f0/cd258c2ccc20851dc012f5ac0e0e33,true,-
90,hu-worker-c42,ee/737d8d,nf-ee737d8d479a0db747192edade143db8-17e1c,NFCORE_NANOSEQ:NANOSEQ:DIFFERENTIAL_DESEQ2_DEXSEQ:DESEQ2,-,NFCORE_NANOSEQ:NANOSEQ:DIFFERENTIAL_DESEQ2_DEXSEQ:DESEQ2 (1),COMPLETED,0,-,quay.io/biocontainers/mulled-v2-8849acf39a43cdd6c839a369a74c0adc823e2f91:ab110436faf952a33575c64dd74615a84011450b-0,6,28800000,-,45097156608,1,1772818426659,1772818436000,1772818476000,49341,38000,-,226.5,0.4,1067708416,5799239680,1067708416,5799247872,95963525,28636873,5068,7090,66064384,28643328,1224,152,/input/data/work/ee/737d8d479a0db747192edade143db8,true,-
91,hu-worker-c42,2a/041103,nf-2a0411035c1e719a8b390802c184aab0-6d2e6,NFCORE_NANOSEQ:NANOSEQ:CUSTOM_DUMPSOFTWAREVERSIONS,-,NFCORE_NANOSEQ:NANOSEQ:CUSTOM_DUMPSOFTWAREVERSIONS (1),COMPLETED,0,-,quay.io/biocontainers/multiqc:1.13--pyhdfd78af_0,1,14400000,-,6442450944,1,1772818481712,1772818487000,1772818487000,5288,141,-,70.8,0.0,5554176,13795328,5554176,13795328,864200,4182,266,15,8785920,12288,31,0,/input/data/work/2a/0411035c1e719a8b390802c184aab0,true,-
92,hu-worker-c42,f7/54a9ce,nf-f754a9ce1a85443db39b8a99e23bca1e-f4c6c,NFCORE_NANOSEQ:NANOSEQ:MULTIQC,-,NFCORE_NANOSEQ:NANOSEQ:MULTIQC (1),COMPLETED,0,-,quay.io/biocontainers/multiqc:1.11--pyhdfd78af_0,6,28800000,-,45097156608,1,1772818491586,1772818497000,1772818509000,17414,11157,-,189.5,0.1,139722752,4812304384,141312000,4813889536,1289871505,3841805,188325,530,63602688,4124672,2704,169,/input/data/work/f7/54a9ce1a85443db39b8a99e23bca1e,true,-
