task_id,hostname,native_id,process,tag,name,status,exit,module,container,cpus,time,disk,memory,attempt,submit,start,complete,duration,realtime,queue,%cpu,%mem,rss,vmem,peak_rss,peak_vmem,rchar,wchar,syscr,syscw,read_bytes,write_bytes,vol_ctxt,inv_ctxt,workdir,scratch,error_action,cpu_model
1,gpgnode-14,nf-af250a02ffd5975d03ab723758a1058e-e272f,NFCORE_NANOSEQ:NANOSEQ:INPUT_CHECK:SAMPLESHEET_CHECK,samplesheet_full.csv,NFCORE_NANOSEQ:NANOSEQ:INPUT_CHECK:SAMPLESHEET_CHECK (samplesheet_full.csv),COMPLETED,0,-,quay.io/biocontainers/python:3.8.3,1,14400000,-,6442450944,1,1770843490396,1770843491000,1770843494000,3604,1000,-,8.2,0.0,2920448,11575296,2920448,11579392,680096,1048,242,17,5095424,12288,3,2,/workspace/work/af/250a02ffd5975d03ab723758a1058e,-,-,Intel(R) Xeon(R) CPU E5-2640 v2 @ 2.00GHz
2,gpgnode-18,nf-0aad41577b0aad2fe90895e5f7bef391-91ab4,NFCORE_NANOSEQ:NANOSEQ:QCFASTQ_NANOPLOT_FASTQC:FASTQC,A549_R1,NFCORE_NANOSEQ:NANOSEQ:QCFASTQ_NANOPLOT_FASTQC:FASTQC (A549_R1),COMPLETED,0,-,quay.io/biocontainers/fastqc:0.11.9--0,6,28800000,-,45097156608,1,1770843577852,1770843585000,1770844049000,471148,461000,-,43.0,1.8,1202249728,4628537344,1202249728,4693553152,2355331283,1940905,4566518,5861,8192,3076096,8,5,/workspace/work/0a/ad41577b0aad2fe90895e5f7bef391,-,-,Intel(R) Xeon(R) CPU E5-2640 v2 @ 2.00GHz
6,gpgnode-16,nf-88b7b03fbc3e74d2f2b2eda869b61975-834d7,NFCORE_NANOSEQ:NANOSEQ:QCFASTQ_NANOPLOT_FASTQC:FASTQC,A549_R2,NFCORE_NANOSEQ:NANOSEQ:QCFASTQ_NANOPLOT_FASTQC:FASTQC (A549_R2),COMPLETED,0,-,quay.io/biocontainers/fastqc:0.11.9--0,6,28800000,-,45097156608,1,1770843580959,1770843607000,1770844052000,471041,308000,-,64.8,2.4,1628385280,4696698880,1628385280,4763811840,2388071060,2038357,4630450,5964,950272,2584576,23,10,/workspace/work/88/b7b03fbc3e74d2f2b2eda869b61975,-,-,Intel(R) Xeon(R) CPU E5-2640 v2 @ 2.00GHz
8,gpgnode-18,nf-56f935c4709df03b77959d15ccd95642-5c53e,NFCORE_NANOSEQ:NANOSEQ:PREPARE_GENOME:SAMTOOLS_FAIDX,genome.fa,NFCORE_NANOSEQ:NANOSEQ:PREPARE_GENOME:SAMTOOLS_FAIDX (genome.fa),COMPLETED,0,-,quay.io/biocontainers/samtools:1.16.1--h6899075_1,1,14400000,-,6442450944,1,1770844053078,1770844055000,1770844078000,24922,22000,-,71.3,0.0,6279168,12550144,6279168,12554240,3147395643,5636,48248,19,0,12288,253,1987,/workspace/work/56/f935c4709df03b77959d15ccd95642,-,-,Intel(R) Xeon(R) CPU E5-2640 v2 @ 2.00GHz
4,gpgnode-16,nf-0c46ac6712ce2e6905a53a00c1ac8589-0faea,NFCORE_NANOSEQ:NANOSEQ:PREPARE_GENOME:SAMTOOLS_FAIDX,genome.fa,NFCORE_NANOSEQ:NANOSEQ:PREPARE_GENOME:SAMTOOLS_FAIDX (genome.fa),COMPLETED,0,-,quay.io/biocontainers/samtools:1.16.1--h6899075_1,1,14400000,-,6442450944,1,1770844058039,1770844059000,1770844078000,19961,18000,-,86.8,0.0,4714496,12550144,4714496,12554240,3147395612,5634,48248,19,520192,12288,74,1962,/workspace/work/0c/46ac6712ce2e6905a53a00c1ac8589,-,-,Intel(R) Xeon(R) CPU E5-2640 v2 @ 2.00GHz
5,gpgnode-18,nf-af632f7863ae6c57384d7c2d9b6aeb0f-095b8,NFCORE_NANOSEQ:NANOSEQ:PREPARE_GENOME:GET_CHROM_SIZES,genome.fa,NFCORE_NANOSEQ:NANOSEQ:PREPARE_GENOME:GET_CHROM_SIZES (genome.fa),COMPLETED,0,-,quay.io/biocontainers/samtools:1.13--h8c37831_0,6,28800000,-,45097156608,1,1770844082898,1770844085000,1770844102000,19102,17000,-,99.4,0.0,4857856,12427264,4857856,12431360,3147399518,5816,48258,20,0,16384,8,1495,/workspace/work/af/632f7863ae6c57384d7c2d9b6aeb0f,-,-,Intel(R) Xeon(R) CPU E5-2640 v2 @ 2.00GHz
9,gpgnode-18,nf-a9226bfa99b9e9e5eaee9918565a2ded-c3aa2,NFCORE_NANOSEQ:NANOSEQ:QCFASTQ_NANOPLOT_FASTQC:FASTQC,A549_R3,NFCORE_NANOSEQ:NANOSEQ:QCFASTQ_NANOPLOT_FASTQC:FASTQC (A549_R3),COMPLETED,0,-,quay.io/biocontainers/fastqc:0.11.9--0,6,28800000,-,45097156608,1,1770844108359,1770844110000,1770844197000,88641,86000,-,107.1,2.0,1350696960,4628537344,1350696960,4629712896,1106429718,2308264,2127289,6359,0,2740224,19,16,/workspace/work/a9/226bfa99b9e9e5eaee9918565a2ded,-,-,Intel(R) Xeon(R) CPU E5-2640 v2 @ 2.00GHz
7,gpgnode-14,nf-af48b80dd2e6ab76be8a9a0524ba53a0-d9f0b,NFCORE_NANOSEQ:NANOSEQ:QCFASTQ_NANOPLOT_FASTQC:NANOPLOT,A549_R2,NFCORE_NANOSEQ:NANOSEQ:QCFASTQ_NANOPLOT_FASTQC:NANOPLOT (A549_R2),COMPLETED,0,-,quay.io/biocontainers/nanoplot:1.41.0--pyhdfd78af_0,2,14400000,-,12884901888,1,1770843581072,1770843582000,1770844239000,657928,499000,-,77.1,3.9,2717192192,45440458752,2931802112,75168378880,2443403477,25592811,8799,551,331776,10407936,2814,34627,/workspace/work/af/48b80dd2e6ab76be8a9a0524ba53a0,-,-,Intel(R) Xeon(R) CPU E5-2640 v2 @ 2.00GHz
10,gpgnode-16,nf-8d4fa0335e4a9c18acd083132384b4e4-11e91,NFCORE_NANOSEQ:NANOSEQ:QCFASTQ_NANOPLOT_FASTQC:NANOPLOT,A549_R3,NFCORE_NANOSEQ:NANOSEQ:QCFASTQ_NANOPLOT_FASTQC:NANOPLOT (A549_R3),COMPLETED,0,-,quay.io/biocontainers/nanoplot:1.41.0--pyhdfd78af_0,2,14400000,-,12884901888,1,1770844083038,1770844084000,1770844276000,192962,192000,-,97.8,2.9,1973747712,33523634176,2009247744,54771269632,1155815171,19645833,8397,551,33579008,10301440,2625,16908,/workspace/work/8d/4fa0335e4a9c18acd083132384b4e4,-,-,Intel(R) Xeon(R) CPU E5-2640 v2 @ 2.00GHz
3,gpgnode-14,nf-4cb8bb840f7fde4f28f61561b22a192d-45102,NFCORE_NANOSEQ:NANOSEQ:QCFASTQ_NANOPLOT_FASTQC:NANOPLOT,A549_R1,NFCORE_NANOSEQ:NANOSEQ:QCFASTQ_NANOPLOT_FASTQC:NANOPLOT (A549_R1),COMPLETED,0,-,quay.io/biocontainers/nanoplot:1.41.0--pyhdfd78af_0,2,14400000,-,12884901888,1,1770843577767,1770843579000,1770844277000,699233,696000,-,61.9,3.0,2125660160,33681313792,2161115136,54947201024,2412827457,27570738,8818,551,16162816,10321920,2120,37302,/workspace/work/4c/b8bb840f7fde4f28f61561b22a192d,-,-,Intel(R) Xeon(R) CPU E5-2640 v2 @ 2.00GHz
11,gpgnode-14,nf-7ead4d80b44e61c8a2486a624b252c14-55cb7,NFCORE_NANOSEQ:NANOSEQ:PREPARE_GENOME:SAMTOOLS_FAIDX,genome.fa,NFCORE_NANOSEQ:NANOSEQ:PREPARE_GENOME:SAMTOOLS_FAIDX (genome.fa),COMPLETED,0,-,quay.io/biocontainers/samtools:1.16.1--h6899075_1,1,14400000,-,6442450944,1,1770844277931,1770844279000,1770844301000,23069,22000,-,73.0,0.0,4751360,12550144,4751360,12554240,3147395597,5634,48248,19,0,12288,285,2021,/workspace/work/7e/ad4d80b44e61c8a2486a624b252c14,-,-,Intel(R) Xeon(R) CPU E5-2640 v2 @ 2.00GHz
17,gpgnode-16,nf-9c0b6ac10e6f4c1880dd35244186aefb-43fd3,NFCORE_NANOSEQ:NANOSEQ:PREPARE_GENOME:SAMTOOLS_FAIDX,genome.fa,NFCORE_NANOSEQ:NANOSEQ:PREPARE_GENOME:SAMTOOLS_FAIDX (genome.fa),COMPLETED,0,-,quay.io/biocontainers/samtools:1.16.1--h6899075_1,1,14400000,-,6442450944,1,1770844283389,1770844284000,1770844302000,18611,17000,-,92.2,0.0,6287360,12550144,6287360,12554240,3147395611,5634,48248,19,0,12288,27,2102,/workspace/work/9c/0b6ac10e6f4c1880dd35244186aefb,-,-,Intel(R) Xeon(R) CPU E5-2640 v2 @ 2.00GHz
16,gpgnode-14,nf-9c95eb3e94743a797df53b97afc7bfde-06df8,NFCORE_NANOSEQ:NANOSEQ:PREPARE_GENOME:SAMTOOLS_FAIDX,genome.fa,NFCORE_NANOSEQ:NANOSEQ:PREPARE_GENOME:SAMTOOLS_FAIDX (genome.fa),COMPLETED,0,-,quay.io/biocontainers/samtools:1.16.1--h6899075_1,1,14400000,-,6442450944,1,1770844302936,1770844304000,1770844319000,16064,15000,-,99.4,0.0,4780032,12550144,4780032,12554240,3147395597,5634,48248,19,0,12288,7,980,/workspace/work/9c/95eb3e94743a797df53b97afc7bfde,-,-,Intel(R) Xeon(R) CPU E5-2640 v2 @ 2.00GHz
20,gpgnode-16,nf-b3715a278f2b2328a5b6d0a799e9258c-39d41,NFCORE_NANOSEQ:NANOSEQ:PREPARE_GENOME:SAMTOOLS_FAIDX,genome.fa,NFCORE_NANOSEQ:NANOSEQ:PREPARE_GENOME:SAMTOOLS_FAIDX (genome.fa),COMPLETED,0,-,quay.io/biocontainers/samtools:1.16.1--h6899075_1,1,14400000,-,6442450944,1,1770844307960,1770844309000,1770844324000,16040,15000,-,99.5,0.0,4767744,12550144,4767744,12554240,3147395611,5634,48248,19,0,12288,7,1020,/workspace/work/b3/715a278f2b2328a5b6d0a799e9258c,-,-,Intel(R) Xeon(R) CPU E5-2640 v2 @ 2.00GHz
13,gpgnode-18,nf-9602c9e00166c77d021daebfcb7d01e6-2779e,NFCORE_NANOSEQ:NANOSEQ:QCFASTQ_NANOPLOT_FASTQC:FASTQC,K562_R1,NFCORE_NANOSEQ:NANOSEQ:QCFASTQ_NANOPLOT_FASTQC:FASTQC (K562_R1),COMPLETED,0,-,quay.io/biocontainers/fastqc:0.11.9--0,6,28800000,-,45097156608,1,1770844242939,1770844244000,1770844370000,127061,124000,-,104.5,1.7,1177522176,4696698880,1177522176,4761714688,1449072589,2119946,2796486,6104,0,2572288,10,11,/workspace/work/96/02c9e00166c77d021daebfcb7d01e6,-,-,Intel(R) Xeon(R) CPU E5-2640 v2 @ 2.00GHz
14,gpgnode-16,nf-059fa6c87d5a6bcf22bf6c82835dda8a-d63c5,NFCORE_NANOSEQ:NANOSEQ:QCFASTQ_NANOPLOT_FASTQC:FASTQC,K562_R2,NFCORE_NANOSEQ:NANOSEQ:QCFASTQ_NANOPLOT_FASTQC:FASTQC (K562_R2),COMPLETED,0,-,quay.io/biocontainers/fastqc:0.11.9--0,6,28800000,-,45097156608,1,1770844327998,1770844329000,1770844379000,51002,49000,-,109.7,1.7,1163063296,4766957568,1163063296,4766961664,573664424,2128147,1086755,6077,4194304,2510848,10,11,/workspace/work/05/9fa6c87d5a6bcf22bf6c82835dda8a,-,-,Intel(R) Xeon(R) CPU E5-2640 v2 @ 2.00GHz
15,gpgnode-14,nf-5ec5ffecefadb2e4315433df400768c6-9d5e4,NFCORE_NANOSEQ:NANOSEQ:QCFASTQ_NANOPLOT_FASTQC:NANOPLOT,K562_R2,NFCORE_NANOSEQ:NANOSEQ:QCFASTQ_NANOPLOT_FASTQC:NANOPLOT (K562_R2),COMPLETED,0,-,quay.io/biocontainers/nanoplot:1.41.0--pyhdfd78af_0,2,14400000,-,12884901888,1,1770844322971,1770844324000,1770844426000,103029,102000,-,97.5,3.5,2546475008,45235503104,2748018688,74910113792,616621755,13143859,8169,551,0,10330112,3237,8447,/workspace/work/5e/c5ffecefadb2e4315433df400768c6,-,-,Intel(R) Xeon(R) CPU E5-2640 v2 @ 2.00GHz
12,gpgnode-18,nf-e82ace6613998eabec5b55614872d118-2956e,NFCORE_NANOSEQ:NANOSEQ:QCFASTQ_NANOPLOT_FASTQC:NANOPLOT,K562_R1,NFCORE_NANOSEQ:NANOSEQ:QCFASTQ_NANOPLOT_FASTQC:NANOPLOT (K562_R1),COMPLETED,0,-,quay.io/biocontainers/nanoplot:1.41.0--pyhdfd78af_0,2,14400000,-,12884901888,1,1770844203333,1770844205000,1770844452000,248667,247000,-,98.1,3.5,2422939648,39685685248,2487480320,65090203648,1497427002,18545516,8468,551,0,10342400,2447,21706,/workspace/work/e8/2ace6613998eabec5b55614872d118,-,-,Intel(R) Xeon(R) CPU E5-2640 v2 @ 2.00GHz
19,gpgnode-13,nf-afa3fb5d407cf1f2aac18338a84f1fca-b32d6,NFCORE_NANOSEQ:NANOSEQ:QCFASTQ_NANOPLOT_FASTQC:FASTQC,K562_R3,NFCORE_NANOSEQ:NANOSEQ:QCFASTQ_NANOPLOT_FASTQC:FASTQC (K562_R3),COMPLETED,0,-,quay.io/biocontainers/fastqc:0.11.9--0,6,28800000,-,45097156608,1,1770844372950,1770844374000,1770844606000,233050,180000,-,102.9,-,-,-,-,-,2397114258,2231330,4648126,6254,11350016,3047424,-,-,/workspace/work/af/a3fb5d407cf1f2aac18338a84f1fca,-,-,Intel(R) Xeon(R) CPU E5-2640 v2 @ 2.00GHz
21,gpgnode-14,nf-5d7f20c776c96e9478ec42596b2b61b6-9501e,NFCORE_NANOSEQ:NANOSEQ:ALIGN_MINIMAP2:MINIMAP2_INDEX,genome.fa,NFCORE_NANOSEQ:NANOSEQ:ALIGN_MINIMAP2:MINIMAP2_INDEX (genome.fa),COMPLETED,0,-,quay.io/biocontainers/minimap2:2.17--hed695b0_3,12,57600000,-,64424509440,1,1770844428017,1770844430000,1770844823000,394983,389000,-,89.5,27.7,18677719040,23312809984,19359186944,23855484928,3147330296,11574289239,192230,2423,0,11574296576,1014,2504,/workspace/work/5d/7f20c776c96e9478ec42596b2b61b6,-,-,Intel(R) Xeon(R) CPU E5-2640 v2 @ 2.00GHz
18,gpgnode-16,nf-9822b1397e56f884d0a36044d2c3f8ac-18875,NFCORE_NANOSEQ:NANOSEQ:QCFASTQ_NANOPLOT_FASTQC:NANOPLOT,K562_R3,NFCORE_NANOSEQ:NANOSEQ:QCFASTQ_NANOPLOT_FASTQC:NANOPLOT (K562_R3),COMPLETED,0,-,quay.io/biocontainers/nanoplot:1.41.0--pyhdfd78af_0,2,14400000,-,12884901888,1,1770844382967,1770844384000,1770845020000,637033,636000,-,59.1,3.4,2368528384,39622537216,2553393152,65214050304,2448766237,21942890,8730,551,0,10317824,2686,33916,/workspace/work/98/22b1397e56f884d0a36044d2c3f8ac,-,-,Intel(R) Xeon(R) CPU E5-2640 v2 @ 2.00GHz
24,gpgnode-13,nf-ae51a9b4794b7493aec532d33abfb61e-6863a,NFCORE_NANOSEQ:NANOSEQ:ALIGN_MINIMAP2:MINIMAP2_ALIGN,A549_R3,NFCORE_NANOSEQ:NANOSEQ:ALIGN_MINIMAP2:MINIMAP2_ALIGN (A549_R3),COMPLETED,0,-,quay.io/biocontainers/minimap2:2.17--hed695b0_3,6,28800000,-,45097156608,1,1770844844035,1770844845000,1770846814000,1969965,1968000,-,577.3,33.0,22286413824,22767984640,22767628288,23246143488,12659738307,2726019049,135022,682,0,2726027264,934,4994,/workspace/work/ae/51a9b4794b7493aec532d33abfb61e,-,-,Intel(R) Xeon(R) CPU E5-2640 v2 @ 2.00GHz
25,gpgnode-16,nf-1b0bd848f5e55d10e2344f4f635a53e0-070d9,NFCORE_NANOSEQ:NANOSEQ:ALIGN_MINIMAP2:MINIMAP2_ALIGN,K562_R1,NFCORE_NANOSEQ:NANOSEQ:ALIGN_MINIMAP2:MINIMAP2_ALIGN (K562_R1),COMPLETED,0,-,quay.io/biocontainers/minimap2:2.17--hed695b0_3,6,28800000,-,45097156608,1,1770845023524,1770845024000,1770846918000,1894476,1893000,-,575.5,31.8,21458124800,21916246016,21710376960,22167912448,13002495942,3606204374,176862,892,552960,3606212608,906,4624,/workspace/work/1b/0bd848f5e55d10e2344f4f635a53e0,-,-,Intel(R) Xeon(R) CPU E5-2640 v2 @ 2.00GHz
22,gpgnode-14,nf-7a2b79f8166dbdcb435bd3a253cd18d8-9a648,NFCORE_NANOSEQ:NANOSEQ:ALIGN_MINIMAP2:MINIMAP2_ALIGN,A549_R1,NFCORE_NANOSEQ:NANOSEQ:ALIGN_MINIMAP2:MINIMAP2_ALIGN (A549_R1),COMPLETED,0,-,quay.io/biocontainers/minimap2:2.17--hed695b0_3,6,28800000,-,45097156608,1,1770844843943,1770844845000,1770847695000,2851057,2848000,-,582.3,31.7,21400547328,21899481088,21809823744,22310531072,13908852646,5951401648,287502,1453,0,5951410176,913,5021,/workspace/work/7a/2b79f8166dbdcb435bd3a253cd18d8,-,-,Intel(R) Xeon(R) CPU E5-2640 v2 @ 2.00GHz
28,gpgnode-14,nf-f4222f83c8e1b0737123bd48b8305569-eadb7,NFCORE_NANOSEQ:NANOSEQ:BAM_SORT_INDEX_SAMTOOLS:SAMTOOLS_VIEW_BAM,A549_R3,NFCORE_NANOSEQ:NANOSEQ:BAM_SORT_INDEX_SAMTOOLS:SAMTOOLS_VIEW_BAM (A549_R3),COMPLETED,0,-,quay.io/biocontainers/samtools:1.15.1--h1170115_0,6,28800000,-,45097156608,1,1770847698975,1770847700000,1770847778000,79025,78000,-,100.4,0.1,81006592,642465792,81006592,689750016,2726124638,1359961737,11211,371,8278016,1360257024,25974,41,/workspace/work/f4/222f83c8e1b0737123bd48b8305569,-,-,Intel(R) Xeon(R) CPU E5-2640 v2 @ 2.00GHz
29,gpgnode-14,nf-7e34d0846d3e4b0a2310d0ed5d29911a-5f50e,NFCORE_NANOSEQ:NANOSEQ:BAM_SORT_INDEX_SAMTOOLS:SAMTOOLS_VIEW_BAM,K562_R1,NFCORE_NANOSEQ:NANOSEQ:BAM_SORT_INDEX_SAMTOOLS:SAMTOOLS_VIEW_BAM (K562_R1),COMPLETED,0,-,quay.io/biocontainers/samtools:1.15.1--h1170115_0,6,28800000,-,45097156608,1,1770847784064,1770847785000,1770847852000,67936,67000,-,161.5,0.1,60289024,631148544,60735488,690671616,3606309967,1772160863,15358,503,0,1772564480,35949,57,/workspace/work/7e/34d0846d3e4b0a2310d0ed5d29911a,-,-,Intel(R) Xeon(R) CPU E5-2640 v2 @ 2.00GHz
30,gpgnode-14,nf-c1eb848ed71f812f6eeaa75bb34001c9-37b1c,NFCORE_NANOSEQ:NANOSEQ:BAM_SORT_INDEX_SAMTOOLS:SAMTOOLS_VIEW_BAM,A549_R1,NFCORE_NANOSEQ:NANOSEQ:BAM_SORT_INDEX_SAMTOOLS:SAMTOOLS_VIEW_BAM (A549_R1),COMPLETED,0,-,quay.io/biocontainers/samtools:1.15.1--h1170115_0,6,28800000,-,45097156608,1,1770847854036,1770847857000,1770847971000,116964,114000,-,155.8,0.1,60403712,632299520,60403712,690671616,5951507121,2929858184,25143,812,0,2930511872,58013,77,/workspace/work/c1/eb848ed71f812f6eeaa75bb34001c9,-,-,Intel(R) Xeon(R) CPU E5-2640 v2 @ 2.00GHz
31,gpgnode-14,nf-f52a13f5f2a7b8176fa047cbeda3b29a-2bd1c,NFCORE_NANOSEQ:NANOSEQ:BAM_SORT_INDEX_SAMTOOLS:SAMTOOLS_SORT,A549_R3,NFCORE_NANOSEQ:NANOSEQ:BAM_SORT_INDEX_SAMTOOLS:SAMTOOLS_SORT (A549_R3),COMPLETED,0,-,quay.io/biocontainers/samtools:1.16.1--h6899075_1,6,28800000,-,45097156608,1,1770847974057,1770847975000,1770848026000,51943,51000,-,191.9,3.7,2482941952,5963776000,2482941952,5963780096,1360096260,1261857108,45644,372,20480,1262149632,17801,421,/workspace/work/f5/2a13f5f2a7b8176fa047cbeda3b29a,-,-,Intel(R) Xeon(R) CPU E5-2640 v2 @ 2.00GHz
26,gpgnode-16,nf-8dd99a9144d2463e7ace0d725c4e16f6-9f0f2,NFCORE_NANOSEQ:NANOSEQ:ALIGN_MINIMAP2:MINIMAP2_ALIGN,K562_R2,NFCORE_NANOSEQ:NANOSEQ:ALIGN_MINIMAP2:MINIMAP2_ALIGN (K562_R2),COMPLETED,0,-,quay.io/biocontainers/minimap2:2.17--hed695b0_3,6,28800000,-,45097156608,1,1770846928465,1770846930000,1770848161000,1232535,1207000,-,583.4,30.9,20835610624,21390434304,20835622912,21390438400,12127100803,1444979988,70003,376,0,1444990976,10,2269,/workspace/work/8d/d99a9144d2463e7ace0d725c4e16f6,-,-,Intel(R) Xeon(R) CPU E5-2640 v2 @ 2.00GHz
32,gpgnode-14,nf-13b3c549cb4617d6bb04b7fccc6d30f0-5483d,NFCORE_NANOSEQ:NANOSEQ:BAM_SORT_INDEX_SAMTOOLS:SAMTOOLS_SORT,K562_R1,NFCORE_NANOSEQ:NANOSEQ:BAM_SORT_INDEX_SAMTOOLS:SAMTOOLS_SORT (K562_R1),COMPLETED,0,-,quay.io/biocontainers/samtools:1.16.1--h6899075_1,6,28800000,-,45097156608,1,1770848028992,1770848031000,1770848191000,162008,160000,-,88.3,5.0,3353440256,5963542528,3353440256,5963546624,1772295388,1667340453,57832,490,0,1667739648,28955,551,/workspace/work/13/b3c549cb4617d6bb04b7fccc6d30f0,-,-,Intel(R) Xeon(R) CPU E5-2640 v2 @ 2.00GHz
34,gpgnode-14,nf-7510e4a3507d056fbe80c15c8519d1d8-7e7d2,NFCORE_NANOSEQ:NANOSEQ:BAM_SORT_INDEX_SAMTOOLS:SAMTOOLS_INDEX,A549_R3,NFCORE_NANOSEQ:NANOSEQ:BAM_SORT_INDEX_SAMTOOLS:SAMTOOLS_INDEX (A549_R3),COMPLETED,0,-,quay.io/biocontainers/samtools:1.16.1--h6899075_1,2,14400000,-,12884901888,1,1770848193988,1770848196000,1770848280000,86012,42000,-,39.9,0.0,15319040,172388352,15319040,231587840,1261990885,2093370,41287,19,0,2097152,35203,34,/workspace/work/75/10e4a3507d056fbe80c15c8519d1d8,-,-,Intel(R) Xeon(R) CPU E5-2640 v2 @ 2.00GHz
35,gpgnode-14,nf-47a353c356e5fc0450cfc277a5637776-0bee9,NFCORE_NANOSEQ:NANOSEQ:BAM_SORT_INDEX_SAMTOOLS:SAMTOOLS_VIEW_BAM,K562_R2,NFCORE_NANOSEQ:NANOSEQ:BAM_SORT_INDEX_SAMTOOLS:SAMTOOLS_VIEW_BAM (K562_R2),COMPLETED,0,-,quay.io/biocontainers/samtools:1.15.1--h1170115_0,6,28800000,-,45097156608,1,1770848300870,1770848302000,1770848343000,42130,41000,-,100.8,0.1,55005184,632320000,55005184,689750016,1445085634,702949109,6292,206,0,703107072,12762,19,/workspace/work/47/a353c356e5fc0450cfc277a5637776,-,-,Intel(R) Xeon(R) CPU E5-2640 v2 @ 2.00GHz
36,gpgnode-14,nf-dd65a12db9679c2d71236f4c7a8ae2f4-212cd,NFCORE_NANOSEQ:NANOSEQ:BAM_SORT_INDEX_SAMTOOLS:SAMTOOLS_INDEX,K562_R1,NFCORE_NANOSEQ:NANOSEQ:BAM_SORT_INDEX_SAMTOOLS:SAMTOOLS_INDEX (K562_R1),COMPLETED,0,-,quay.io/biocontainers/samtools:1.16.1--h6899075_1,2,14400000,-,12884901888,1,1770848346592,1770848347000,1770848368000,21408,20000,-,113.3,0.0,14938112,172187648,14938112,231587840,1667474235,2253307,53635,19,0,2256896,41411,65,/workspace/work/dd/65a12db9679c2d71236f4c7a8ae2f4,-,-,Intel(R) Xeon(R) CPU E5-2640 v2 @ 2.00GHz
39,gpgnode-14,nf-1429c233e2bb26e1ad99cdddb336f93b-63e2a,NFCORE_NANOSEQ:NANOSEQ:BAM_SORT_INDEX_SAMTOOLS:BAM_STATS_SAMTOOLS:SAMTOOLS_IDXSTATS,A549_R3,NFCORE_NANOSEQ:NANOSEQ:BAM_SORT_INDEX_SAMTOOLS:BAM_STATS_SAMTOOLS:SAMTOOLS_IDXSTATS (A549_R3),COMPLETED,0,-,quay.io/biocontainers/samtools:1.16.1--h6899075_1,1,14400000,-,6442450944,1,1770848371102,1770848372000,1770848372000,898,0,-,25.3,0.0,3125248,5640192,3125248,5644288,2260744,5497,259,19,4198400,12288,3,0,/workspace/work/14/29c233e2bb26e1ad99cdddb336f93b,-,-,Intel(R) Xeon(R) CPU E5-2640 v2 @ 2.00GHz
37,gpgnode-14,nf-fd8eb85d8d2ff542ae61d77b97f097b6-0041f,NFCORE_NANOSEQ:NANOSEQ:BAM_SORT_INDEX_SAMTOOLS:BAM_STATS_SAMTOOLS:SAMTOOLS_FLAGSTAT,A549_R3,NFCORE_NANOSEQ:NANOSEQ:BAM_SORT_INDEX_SAMTOOLS:BAM_STATS_SAMTOOLS:SAMTOOLS_FLAGSTAT (A549_R3),COMPLETED,0,-,quay.io/biocontainers/samtools:1.16.1--h6899075_1,1,14400000,-,6442450944,1,1770848376128,1770848377000,1770848393000,16872,16000,-,100.1,0.0,7282688,164339712,7282688,231587840,1261990978,5465,41287,19,0,12288,30642,25,/workspace/work/fd/8eb85d8d2ff542ae61d77b97f097b6,-,-,Intel(R) Xeon(R) CPU E5-2640 v2 @ 2.00GHz
33,gpgnode-16,nf-7a0834e913e8616ef9e3f8a2834c9400-8d754,NFCORE_NANOSEQ:NANOSEQ:BAM_SORT_INDEX_SAMTOOLS:SAMTOOLS_SORT,A549_R1,NFCORE_NANOSEQ:NANOSEQ:BAM_SORT_INDEX_SAMTOOLS:SAMTOOLS_SORT (A549_R1),COMPLETED,0,-,quay.io/biocontainers/samtools:1.16.1--h6899075_1,6,28800000,-,45097156608,1,1770848164568,1770848165000,1770848402000,237432,236000,-,133.6,7.4,5026316288,6015090688,5026316288,6015094784,5453737582,5238508493,178108,1369,0,5239181312,5893,3445,/workspace/work/7a/0834e913e8616ef9e3f8a2834c9400,-,-,Intel(R) Xeon(R) CPU E5-2640 v2 @ 2.00GHz
41,gpgnode-14,nf-fe9265d1b31c150e06f72d5788f387ad-52412,NFCORE_NANOSEQ:NANOSEQ:BEDTOOLS_UCSC_BIGBED:BEDTOOLS_BAMBED,-,NFCORE_NANOSEQ:NANOSEQ:BEDTOOLS_UCSC_BIGBED:BEDTOOLS_BAMBED (1),COMPLETED,0,-,quay.io/biocontainers/bedtools:2.29.2--hc088bd4_0,6,28800000,-,45097156608,1,1770848396189,1770848397000,1770848484000,87811,77000,-,76.5,1.7,1134673920,1255714816,1134673920,1255784448,1431347304,338805939,82586,41416,0,169414656,32079,4266,/workspace/work/fe/9265d1b31c150e06f72d5788f387ad,-,-,Intel(R) Xeon(R) CPU E5-2640 v2 @ 2.00GHz
38,gpgnode-14,nf-cff5a7033cce068f9f836785f55a43d0-08adf,NFCORE_NANOSEQ:NANOSEQ:BAM_SORT_INDEX_SAMTOOLS:BAM_STATS_SAMTOOLS:SAMTOOLS_STATS,A549_R3,NFCORE_NANOSEQ:NANOSEQ:BAM_SORT_INDEX_SAMTOOLS:BAM_STATS_SAMTOOLS:SAMTOOLS_STATS (A549_R3),COMPLETED,0,-,quay.io/biocontainers/samtools:1.16.1--h6899075_1,1,14400000,-,6442450944,1,1770848494899,1770848496000,1770848532000,37101,36000,-,135.5,0.2,115167232,273014784,115167232,273084416,1261991676,24969780,41287,3066,0,24973312,883,2945,/workspace/work/cf/f5a7033cce068f9f836785f55a43d0,-,-,Intel(R) Xeon(R) CPU E5-2640 v2 @ 2.00GHz
42,gpgnode-14,nf-b84989b9b0bf1aa2984476b3e27d10f8-b9f1e,NFCORE_NANOSEQ:NANOSEQ:BAM_SORT_INDEX_SAMTOOLS:SAMTOOLS_SORT,K562_R2,NFCORE_NANOSEQ:NANOSEQ:BAM_SORT_INDEX_SAMTOOLS:SAMTOOLS_SORT (K562_R2),COMPLETED,0,-,quay.io/biocontainers/samtools:1.16.1--h6899075_1,6,28800000,-,45097156608,1,1770848535157,1770848536000,1770848567000,31843,31000,-,172.2,1.9,1315995648,5938413568,1315995648,6003687424,703083631,677421719,23350,207,0,677576704,9384,205,/workspace/work/b8/4989b9b0bf1aa2984476b3e27d10f8,-,-,Intel(R) Xeon(R) CPU E5-2640 v2 @ 2.00GHz
43,gpgnode-14,nf-d8a72348a94e5e4ab8f1a287fd0b7725-c4f31,NFCORE_NANOSEQ:NANOSEQ:BAM_SORT_INDEX_SAMTOOLS:BAM_STATS_SAMTOOLS:SAMTOOLS_FLAGSTAT,K562_R1,NFCORE_NANOSEQ:NANOSEQ:BAM_SORT_INDEX_SAMTOOLS:BAM_STATS_SAMTOOLS:SAMTOOLS_FLAGSTAT (K562_R1),COMPLETED,0,-,quay.io/biocontainers/samtools:1.16.1--h6899075_1,1,14400000,-,6442450944,1,1770848570099,1770848571000,1770848589000,18901,18000,-,120.7,0.0,7307264,164339712,7307264,231587840,1667474327,5465,53635,19,0,12288,44646,52,/workspace/work/d8/a72348a94e5e4ab8f1a287fd0b7725,-,-,Intel(R) Xeon(R) CPU E5-2640 v2 @ 2.00GHz
40,gpgnode-16,nf-543ff5e0cc22dcead39863e82d48b01b-425ba,NFCORE_NANOSEQ:NANOSEQ:BEDTOOLS_UCSC_BIGWIG:BEDTOOLS_GENOMECOV,A549_R3,NFCORE_NANOSEQ:NANOSEQ:BEDTOOLS_UCSC_BIGWIG:BEDTOOLS_GENOMECOV (A549_R3),COMPLETED,0,-,quay.io/biocontainers/bedtools:2.29.2--hc088bd4_0,6,28800000,-,45097156608,1,1770848406104,1770848407000,1770848626000,219896,217000,-,80.4,7.8,5297758208,6525886464,6189215744,7472283648,1541159338,558429950,119912,11871396,2863104,279224320,37435,14920,/workspace/work/54/3ff5e0cc22dcead39863e82d48b01b,-,-,Intel(R) Xeon(R) CPU E5-2640 v2 @ 2.00GHz
47,gpgnode-16,nf-2d2296224ce12014394d39e9b200f47b-a95f5,NFCORE_NANOSEQ:NANOSEQ:BEDTOOLS_UCSC_BIGBED:BEDTOOLS_BAMBED,-,NFCORE_NANOSEQ:NANOSEQ:BEDTOOLS_UCSC_BIGBED:BEDTOOLS_BAMBED (2),COMPLETED,0,-,quay.io/biocontainers/bedtools:2.29.2--hc088bd4_0,6,28800000,-,45097156608,1,1770848635419,1770848636000,1770848704000,68581,61000,-,129.6,2.1,1422872576,1589325824,1422872576,1589354496,1883220023,431584660,106259,52752,0,215801856,42076,6146,/workspace/work/2d/2296224ce12014394d39e9b200f47b,-,-,Intel(R) Xeon(R) CPU E5-2640 v2 @ 2.00GHz
45,gpgnode-16,nf-8d090f931eb287754dfdc1e84f729b25-6a5af,NFCORE_NANOSEQ:NANOSEQ:BAM_SORT_INDEX_SAMTOOLS:BAM_STATS_SAMTOOLS:SAMTOOLS_IDXSTATS,K562_R1,NFCORE_NANOSEQ:NANOSEQ:BAM_SORT_INDEX_SAMTOOLS:BAM_STATS_SAMTOOLS:SAMTOOLS_IDXSTATS (K562_R1),COMPLETED,0,-,quay.io/biocontainers/samtools:1.16.1--h6899075_1,1,14400000,-,6442450944,1,1770848713261,1770848714000,1770848715000,1739,0,-,29.4,0.0,3158016,5640192,3158016,5644288,2420694,5501,262,19,0,12288,3,3,/workspace/work/8d/090f931eb287754dfdc1e84f729b25,-,-,Intel(R) Xeon(R) CPU E5-2640 v2 @ 2.00GHz
44,gpgnode-16,nf-0712b21a120821067c029b47d35d31b1-877d9,NFCORE_NANOSEQ:NANOSEQ:BAM_SORT_INDEX_SAMTOOLS:BAM_STATS_SAMTOOLS:SAMTOOLS_STATS,K562_R1,NFCORE_NANOSEQ:NANOSEQ:BAM_SORT_INDEX_SAMTOOLS:BAM_STATS_SAMTOOLS:SAMTOOLS_STATS (K562_R1),COMPLETED,0,-,quay.io/biocontainers/samtools:1.16.1--h6899075_1,1,14400000,-,6442450944,1,1770848723775,1770848724000,1770848790000,66225,64000,-,100.6,0.1,56508416,214093824,56508416,233005056,1667475034,2738439,53635,352,94208,2744320,1486,3838,/workspace/work/07/12b21a120821067c029b47d35d31b1,-,-,Intel(R) Xeon(R) CPU E5-2640 v2 @ 2.00GHz
46,gpgnode-14,nf-e3ba876a6751a396e2618f4f52432600-4f810,NFCORE_NANOSEQ:NANOSEQ:BEDTOOLS_UCSC_BIGWIG:BEDTOOLS_GENOMECOV,K562_R1,NFCORE_NANOSEQ:NANOSEQ:BEDTOOLS_UCSC_BIGWIG:BEDTOOLS_GENOMECOV (K562_R1),COMPLETED,0,-,quay.io/biocontainers/bedtools:2.29.2--hc088bd4_0,6,28800000,-,45097156608,1,1770848595023,1770848596000,1770848806000,210977,209000,-,123.3,11.3,7682494464,9532162048,8727818240,10686873600,2113433651,892011915,169971,19040239,0,446017536,73994,20704,/workspace/work/e3/ba876a6751a396e2618f4f52432600,-,-,Intel(R) Xeon(R) CPU E5-2640 v2 @ 2.00GHz
49,gpgnode-14,nf-79096f3c0b3daebcaa7fa8cb56bc3839-8b604,NFCORE_NANOSEQ:NANOSEQ:BEDTOOLS_UCSC_BIGBED:UCSC_BED12TOBIGBED,A549_R3,NFCORE_NANOSEQ:NANOSEQ:BEDTOOLS_UCSC_BIGBED:UCSC_BED12TOBIGBED (A549_R3),COMPLETED,0,-,quay.io/biocontainers/ucsc-bedtobigbed:377--h446ed27_1,6,28800000,-,45097156608,1,1770848810635,1770848812000,1770848836000,25365,21000,-,55.6,0.0,13189120,40984576,13320192,41054208,508316630,57245569,7902,37,0,57253888,31,668,/workspace/work/79/096f3c0b3daebcaa7fa8cb56bc3839,-,-,Intel(R) Xeon(R) CPU E5-2640 v2 @ 2.00GHz
48,gpgnode-16,nf-b463df9903814ca6a8d2e3022d5f15df-c17ae,NFCORE_NANOSEQ:NANOSEQ:BAM_SORT_INDEX_SAMTOOLS:SAMTOOLS_INDEX,A549_R1,NFCORE_NANOSEQ:NANOSEQ:BAM_SORT_INDEX_SAMTOOLS:SAMTOOLS_INDEX (A549_R1),COMPLETED,0,-,quay.io/biocontainers/samtools:1.16.1--h6899075_1,2,14400000,-,12884901888,1,1770848796000,1770848797000,1770848848000,52000,51000,-,72.5,0.0,16887808,174067712,16887808,231587840,2715094205,2343674,87376,19,0,2347008,72681,100,/workspace/work/b4/63df9903814ca6a8d2e3022d5f15df,-,-,Intel(R) Xeon(R) CPU E5-2640 v2 @ 2.00GHz
50,gpgnode-14,nf-e47df75dc9a34cedf52351626c0bf9a5-41f32,NFCORE_NANOSEQ:NANOSEQ:BAM_SORT_INDEX_SAMTOOLS:SAMTOOLS_INDEX,K562_R2,NFCORE_NANOSEQ:NANOSEQ:BAM_SORT_INDEX_SAMTOOLS:SAMTOOLS_INDEX (K562_R2),COMPLETED,0,-,quay.io/biocontainers/samtools:1.16.1--h6899075_1,2,14400000,-,12884901888,1,1770848840716,1770848841000,1770848849000,8284,7000,-,121.9,0.0,13774848,170868736,13774848,231587840,677555491,2038146,22369,19,8392704,2043904,16799,27,/workspace/work/e4/7df75dc9a34cedf52351626c0bf9a5,-,-,Intel(R) Xeon(R) CPU E5-2640 v2 @ 2.00GHz
52,gpgnode-16,nf-5c18bb4173fa2ccaa6f1b25a593b3e37-fa0b9,NFCORE_NANOSEQ:NANOSEQ:BEDTOOLS_UCSC_BIGBED:UCSC_BED12TOBIGBED,K562_R1,NFCORE_NANOSEQ:NANOSEQ:BEDTOOLS_UCSC_BIGBED:UCSC_BED12TOBIGBED (K562_R1),COMPLETED,0,-,quay.io/biocontainers/ucsc-bedtobigbed:377--h446ed27_1,6,28800000,-,45097156608,1,1770848856912,1770848858000,1770848874000,17088,15000,-,94.6,0.0,13266944,40988672,13398016,41058304,647484725,71235268,10026,40,0,71245824,36,998,/workspace/work/5c/18bb4173fa2ccaa6f1b25a593b3e37,-,-,Intel(R) Xeon(R) CPU E5-2640 v2 @ 2.00GHz
51,gpgnode-14,nf-783803cde967217fdcaa1db961560d01-cfd07,NFCORE_NANOSEQ:NANOSEQ:BEDTOOLS_UCSC_BIGWIG:UCSC_BEDGRAPHTOBIGWIG,A549_R3,NFCORE_NANOSEQ:NANOSEQ:BEDTOOLS_UCSC_BIGWIG:UCSC_BEDGRAPHTOBIGWIG (A549_R3),COMPLETED,0,-,quay.io/biocontainers/ucsc-bedgraphtobigwig:377--h446ed27_1,6,28800000,-,45097156608,1,1770848850614,1770848851000,1770848880000,29386,27000,-,90.5,0.0,23990272,51658752,24059904,51798016,837687110,52620231,12923,31,5640192,52633600,59,2006,/workspace/work/78/3803cde967217fdcaa1db961560d01,-,-,Intel(R) Xeon(R) CPU E5-2640 v2 @ 2.00GHz
55,gpgnode-14,nf-1a73b6fa693fc0c91117ab49fd535834-1dd7f,NFCORE_NANOSEQ:NANOSEQ:BAM_SORT_INDEX_SAMTOOLS:BAM_STATS_SAMTOOLS:SAMTOOLS_IDXSTATS,A549_R1,NFCORE_NANOSEQ:NANOSEQ:BAM_SORT_INDEX_SAMTOOLS:BAM_STATS_SAMTOOLS:SAMTOOLS_IDXSTATS (A549_R1),COMPLETED,0,-,quay.io/biocontainers/samtools:1.16.1--h6899075_1,1,14400000,-,6442450944,1,1770848885812,1770848886000,1770848887000,1188,0,-,23.4,0.0,3223552,5640192,3223552,5644288,2511048,5511,263,19,0,12288,3,0,/workspace/work/1a/73b6fa693fc0c91117ab49fd535834,-,-,Intel(R) Xeon(R) CPU E5-2640 v2 @ 2.00GHz
53,gpgnode-16,nf-f6fa3c47f026d4e6c1560bdafdfd584a-83063,NFCORE_NANOSEQ:NANOSEQ:BEDTOOLS_UCSC_BIGWIG:UCSC_BEDGRAPHTOBIGWIG,K562_R1,NFCORE_NANOSEQ:NANOSEQ:BEDTOOLS_UCSC_BIGWIG:UCSC_BEDGRAPHTOBIGWIG (K562_R1),COMPLETED,0,-,quay.io/biocontainers/ucsc-bedgraphtobigwig:377--h446ed27_1,6,28800000,-,45097156608,1,1770848876434,1770848878000,1770848919000,42566,39000,-,97.6,0.1,43044864,70578176,43114496,70717440,1338060072,82700571,20558,38,5636096,82710528,61,3502,/workspace/work/f6/fa3c47f026d4e6c1560bdafdfd584a,-,-,Intel(R) Xeon(R) CPU E5-2640 v2 @ 2.00GHz
58,gpgnode-14,nf-ae0d47e810a5c94313608ff7e5a8ec15-9cc5c,NFCORE_NANOSEQ:NANOSEQ:BAM_SORT_INDEX_SAMTOOLS:BAM_STATS_SAMTOOLS:SAMTOOLS_FLAGSTAT,A549_R1,NFCORE_NANOSEQ:NANOSEQ:BAM_SORT_INDEX_SAMTOOLS:BAM_STATS_SAMTOOLS:SAMTOOLS_FLAGSTAT (A549_R1),COMPLETED,0,-,quay.io/biocontainers/samtools:1.16.1--h6899075_1,1,14400000,-,6442450944,1,1770848892761,1770848893000,1770848924000,31239,30000,-,116.4,0.0,7217152,164339712,7217152,231587840,2715094285,5466,87376,19,0,12288,70495,83,/workspace/work/ae/0d47e810a5c94313608ff7e5a8ec15,-,-,Intel(R) Xeon(R) CPU E5-2640 v2 @ 2.00GHz
56,gpgnode-16,nf-a962eeccc0bc80daa3ea235e64b35829-048e2,NFCORE_NANOSEQ:NANOSEQ:BEDTOOLS_UCSC_BIGBED:BEDTOOLS_BAMBED,-,NFCORE_NANOSEQ:NANOSEQ:BEDTOOLS_UCSC_BIGBED:BEDTOOLS_BAMBED (3),COMPLETED,0,-,quay.io/biocontainers/bedtools:2.29.2--hc088bd4_0,6,28800000,-,45097156608,1,1770848930531,1770848931000,1770849036000,105469,102000,-,135.3,4.3,2876366848,3356061696,2876366848,3356086272,3146201798,862308291,192579,105382,0,431165440,78289,9880,/workspace/work/a9/62eeccc0bc80daa3ea235e64b35829,-,-,Intel(R) Xeon(R) CPU E5-2640 v2 @ 2.00GHz
54,gpgnode-16,nf-d93d39891844f0dc4175b1c82c2259ee-4a4d1,NFCORE_NANOSEQ:NANOSEQ:BAM_SORT_INDEX_SAMTOOLS:BAM_STATS_SAMTOOLS:SAMTOOLS_STATS,A549_R1,NFCORE_NANOSEQ:NANOSEQ:BAM_SORT_INDEX_SAMTOOLS:BAM_STATS_SAMTOOLS:SAMTOOLS_STATS (A549_R1),COMPLETED,0,-,quay.io/biocontainers/samtools:1.16.1--h6899075_1,1,14400000,-,6442450944,1,1770849040653,1770849042000,1770849121000,80347,71000,-,144.8,0.1,77905920,235507712,77905920,235511808,2715094994,3757867,87376,477,0,3764224,3541,6313,/workspace/work/d9/3d39891844f0dc4175b1c82c2259ee,-,-,Intel(R) Xeon(R) CPU E5-2640 v2 @ 2.00GHz
61,gpgnode-16,nf-0a29e80157c423d0e5c6d7a437e8269f-88af3,NFCORE_NANOSEQ:NANOSEQ:BAM_SORT_INDEX_SAMTOOLS:BAM_STATS_SAMTOOLS:SAMTOOLS_FLAGSTAT,K562_R2,NFCORE_NANOSEQ:NANOSEQ:BAM_SORT_INDEX_SAMTOOLS:BAM_STATS_SAMTOOLS:SAMTOOLS_FLAGSTAT (K562_R2),COMPLETED,0,-,quay.io/biocontainers/samtools:1.16.1--h6899075_1,1,14400000,-,6442450944,1,1770849125611,1770849126000,1770849135000,9389,9000,-,103.9,0.0,7221248,164339712,7221248,231587840,677555600,5460,22369,19,0,12288,19252,22,/workspace/work/0a/29e80157c423d0e5c6d7a437e8269f,-,-,Intel(R) Xeon(R) CPU E5-2640 v2 @ 2.00GHz
59,gpgnode-16,nf-15528dc0f41d09451265e65d1ad868e3-d285d,NFCORE_NANOSEQ:NANOSEQ:BAM_SORT_INDEX_SAMTOOLS:BAM_STATS_SAMTOOLS:SAMTOOLS_IDXSTATS,K562_R2,NFCORE_NANOSEQ:NANOSEQ:BAM_SORT_INDEX_SAMTOOLS:BAM_STATS_SAMTOOLS:SAMTOOLS_IDXSTATS (K562_R2),COMPLETED,0,-,quay.io/biocontainers/samtools:1.16.1--h6899075_1,1,14400000,-,6442450944,1,1770849143444,1770849144000,1770849145000,1556,1000,-,24.5,0.0,3158016,5640192,3158016,5644288,2205535,5489,259,19,8396800,12288,3,3,/workspace/work/15/528dc0f41d09451265e65d1ad868e3,-,-,Intel(R) Xeon(R) CPU E5-2640 v2 @ 2.00GHz
57,gpgnode-14,nf-a4c5d4187ee452105626daa5ebb9825d-91e38,NFCORE_NANOSEQ:NANOSEQ:BEDTOOLS_UCSC_BIGWIG:BEDTOOLS_GENOMECOV,A549_R1,NFCORE_NANOSEQ:NANOSEQ:BEDTOOLS_UCSC_BIGWIG:BEDTOOLS_GENOMECOV (A549_R1),COMPLETED,0,-,quay.io/biocontainers/bedtools:2.29.2--hc088bd4_0,6,28800000,-,45097156608,1,1770848920828,1770848922000,1770849178000,257172,255000,-,116.0,9.1,6180118528,7289462784,7212548096,8431165440,3058352948,686610597,175633,14530685,0,343314432,50798,25708,/workspace/work/a4/c5d4187ee452105626daa5ebb9825d,-,-,Intel(R) Xeon(R) CPU E5-2640 v2 @ 2.00GHz
62,gpgnode-14,nf-125d589b29abd4d1b7c8cbcdf30a34ee-e0900,NFCORE_NANOSEQ:NANOSEQ:BEDTOOLS_UCSC_BIGBED:BEDTOOLS_BAMBED,-,NFCORE_NANOSEQ:NANOSEQ:BEDTOOLS_UCSC_BIGBED:BEDTOOLS_BAMBED (4),COMPLETED,0,-,quay.io/biocontainers/bedtools:2.29.2--hc088bd4_0,6,28800000,-,45097156608,1,1770849180586,1770849182000,1770849213000,32414,24000,-,131.4,0.9,589803520,699727872,589803520,699731968,766349584,177681278,43999,21728,0,88850432,15961,2178,/workspace/work/12/5d589b29abd4d1b7c8cbcdf30a34ee,-,-,Intel(R) Xeon(R) CPU E5-2640 v2 @ 2.00GHz
60,gpgnode-14,nf-64ef8211065c37b8b2b68f2edde65c75-0cb2a,NFCORE_NANOSEQ:NANOSEQ:BAM_SORT_INDEX_SAMTOOLS:BAM_STATS_SAMTOOLS:SAMTOOLS_STATS,K562_R2,NFCORE_NANOSEQ:NANOSEQ:BAM_SORT_INDEX_SAMTOOLS:BAM_STATS_SAMTOOLS:SAMTOOLS_STATS (K562_R2),COMPLETED,0,-,quay.io/biocontainers/samtools:1.16.1--h6899075_1,1,14400000,-,6442450944,1,1770849215594,1770849216000,1770849253000,37406,36000,-,75.1,0.2,139829248,297431040,139829248,297459712,677556284,5333764,22369,669,0,5337088,431,1758,/workspace/work/64/ef8211065c37b8b2b68f2edde65c75,-,-,Intel(R) Xeon(R) CPU E5-2640 v2 @ 2.00GHz
63,gpgnode-16,nf-39004ac5a40cba57e87ceeeac505d7f1-70911,NFCORE_NANOSEQ:NANOSEQ:BEDTOOLS_UCSC_BIGWIG:BEDTOOLS_GENOMECOV,K562_R2,NFCORE_NANOSEQ:NANOSEQ:BEDTOOLS_UCSC_BIGWIG:BEDTOOLS_GENOMECOV (K562_R2),COMPLETED,0,-,quay.io/biocontainers/bedtools:2.29.2--hc088bd4_0,6,28800000,-,45097156608,1,1770849151228,1770849152000,1770849257000,105772,104000,-,110.1,4.6,3122917376,3968303104,4936237056,5541842944,868336661,381655377,96953,8209698,0,190836736,22667,9534,/workspace/work/39/004ac5a40cba57e87ceeeac505d7f1,-,-,Intel(R) Xeon(R) CPU E5-2640 v2 @ 2.00GHz
64,gpgnode-14,nf-82346d85f05d6510d7cac77b0158e580-53209,NFCORE_NANOSEQ:NANOSEQ:BEDTOOLS_UCSC_BIGBED:UCSC_BED12TOBIGBED,A549_R1,NFCORE_NANOSEQ:NANOSEQ:BEDTOOLS_UCSC_BIGBED:UCSC_BED12TOBIGBED (A549_R1),COMPLETED,0,-,quay.io/biocontainers/ucsc-bedtobigbed:377--h446ed27_1,6,28800000,-,45097156608,1,1770849255585,1770849256000,1770849289000,33415,32000,-,85.1,0.0,20783104,48517120,20783104,48586752,1293570158,132265869,19893,55,0,132280320,26,2655,/workspace/work/82/346d85f05d6510d7cac77b0158e580,-,-,Intel(R) Xeon(R) CPU E5-2640 v2 @ 2.00GHz
65,gpgnode-16,nf-8951a01a0428adc8412d241280aeb8c2-30140,NFCORE_NANOSEQ:NANOSEQ:BEDTOOLS_UCSC_BIGWIG:UCSC_BEDGRAPHTOBIGWIG,A549_R1,NFCORE_NANOSEQ:NANOSEQ:BEDTOOLS_UCSC_BIGWIG:UCSC_BEDGRAPHTOBIGWIG (A549_R1),COMPLETED,0,-,quay.io/biocontainers/ucsc-bedgraphtobigwig:377--h446ed27_1,6,28800000,-,45097156608,1,1770849260546,1770849262000,1770849298000,37454,32000,-,92.8,0.0,32727040,60354560,32800768,60497920,1029958094,63869873,15857,34,0,63885312,11,2806,/workspace/work/89/51a01a0428adc8412d241280aeb8c2,-,-,Intel(R) Xeon(R) CPU E5-2640 v2 @ 2.00GHz
66,gpgnode-14,nf-29cc93b52bea91acdc95308fbc6332bd-251fd,NFCORE_NANOSEQ:NANOSEQ:BEDTOOLS_UCSC_BIGBED:UCSC_BED12TOBIGBED,K562_R2,NFCORE_NANOSEQ:NANOSEQ:BEDTOOLS_UCSC_BIGBED:UCSC_BED12TOBIGBED (K562_R2),COMPLETED,0,-,quay.io/biocontainers/ucsc-bedtobigbed:377--h446ed27_1,6,28800000,-,45097156608,1,1770849290563,1770849292000,1770849303000,12437,9000,-,68.8,0.0,19513344,47095808,19554304,47296512,266629636,33137016,4209,31,4194304,33144832,15,603,/workspace/work/29/cc93b52bea91acdc95308fbc6332bd,-,-,Intel(R) Xeon(R) CPU E5-2640 v2 @ 2.00GHz
67,gpgnode-16,nf-438c0011ecf8cf6d541ba11d080cbe31-c1951,NFCORE_NANOSEQ:NANOSEQ:BEDTOOLS_UCSC_BIGWIG:UCSC_BEDGRAPHTOBIGWIG,K562_R2,NFCORE_NANOSEQ:NANOSEQ:BEDTOOLS_UCSC_BIGWIG:UCSC_BEDGRAPHTOBIGWIG (K562_R2),COMPLETED,0,-,quay.io/biocontainers/ucsc-bedgraphtobigwig:377--h446ed27_1,6,28800000,-,45097156608,1,1770849303033,1770849304000,1770849324000,20967,19000,-,87.9,0.0,33058816,60727296,33132544,60731392,572525263,40004764,8876,28,0,40013824,11,1530,/workspace/work/43/8c0011ecf8cf6d541ba11d080cbe31,-,-,Intel(R) Xeon(R) CPU E5-2640 v2 @ 2.00GHz
23,gpgnode-18,nf-7b5a41f23a955b1dfb71735087b2b0b2-f8d8f,NFCORE_NANOSEQ:NANOSEQ:ALIGN_MINIMAP2:MINIMAP2_ALIGN,A549_R2,NFCORE_NANOSEQ:NANOSEQ:ALIGN_MINIMAP2:MINIMAP2_ALIGN (A549_R2),COMPLETED,0,-,quay.io/biocontainers/minimap2:2.17--hed695b0_3,6,28800000,-,45097156608,1,1770844843903,1770844846000,1770849912000,5068097,5065000,-,591.9,33.1,22322417664,22990553088,22502391808,22990557184,13941529242,6001670642,291490,1465,0,6001680384,930,5033,/workspace/work/7b/5a41f23a955b1dfb71735087b2b0b2,-,-,Intel(R) Xeon(R) CPU E5-2640 v2 @ 2.00GHz
68,gpgnode-14,nf-59c33181a8fd485b522a2c60d08ed03f-5c5dd,NFCORE_NANOSEQ:NANOSEQ:BAM_SORT_INDEX_SAMTOOLS:SAMTOOLS_VIEW_BAM,A549_R2,NFCORE_NANOSEQ:NANOSEQ:BAM_SORT_INDEX_SAMTOOLS:SAMTOOLS_VIEW_BAM (A549_R2),COMPLETED,0,-,quay.io/biocontainers/samtools:1.15.1--h1170115_0,6,28800000,-,45097156608,1,1770849915799,1770849917000,1770850050000,134201,117000,-,145.4,0.1,81166336,642666496,81899520,689750016,6001776106,2961274132,24931,797,1503232,2961915904,57868,80,/workspace/work/59/c33181a8fd485b522a2c60d08ed03f,-,-,Intel(R) Xeon(R) CPU E5-2640 v2 @ 2.00GHz
69,gpgnode-18,nf-37887ad3a6672ac89d8e9d449f268a8b-e5df5,NFCORE_NANOSEQ:NANOSEQ:BAM_SORT_INDEX_SAMTOOLS:SAMTOOLS_SORT,A549_R2,NFCORE_NANOSEQ:NANOSEQ:BAM_SORT_INDEX_SAMTOOLS:SAMTOOLS_SORT (A549_R2),COMPLETED,0,-,quay.io/biocontainers/samtools:1.16.1--h6899075_1,6,28800000,-,45097156608,1,1770850059326,1770850061000,1770850257000,197674,196000,-,152.2,7.4,4971999232,6017155072,4971999232,6017159168,5634971246,5446810445,186146,1434,0,5447467008,3374,3535,/workspace/work/37/887ad3a6672ac89d8e9d449f268a8b,-,-,Intel(R) Xeon(R) CPU E5-2640 v2 @ 2.00GHz
70,gpgnode-18,nf-50f93d072d3fc7ed74e113636a7aadeb-e90c4,NFCORE_NANOSEQ:NANOSEQ:BAM_SORT_INDEX_SAMTOOLS:SAMTOOLS_INDEX,A549_R2,NFCORE_NANOSEQ:NANOSEQ:BAM_SORT_INDEX_SAMTOOLS:SAMTOOLS_INDEX (A549_R2),COMPLETED,0,-,quay.io/biocontainers/samtools:1.16.1--h6899075_1,2,14400000,-,12884901888,1,1770850261249,1770850265000,1770850352000,90751,87000,-,42.4,0.0,19464192,176619520,19464192,231587840,2773578496,2626956,90034,19,0,2633728,79671,79,/workspace/work/50/f93d072d3fc7ed74e113636a7aadeb,-,-,Intel(R) Xeon(R) CPU E5-2640 v2 @ 2.00GHz
71,gpgnode-14,nf-c0ab74dd2150918f46d3066967097758-670cf,NFCORE_NANOSEQ:NANOSEQ:BAM_SORT_INDEX_SAMTOOLS:BAM_STATS_SAMTOOLS:SAMTOOLS_IDXSTATS,A549_R2,NFCORE_NANOSEQ:NANOSEQ:BAM_SORT_INDEX_SAMTOOLS:BAM_STATS_SAMTOOLS:SAMTOOLS_IDXSTATS (A549_R2),COMPLETED,0,-,quay.io/biocontainers/samtools:1.16.1--h6899075_1,1,14400000,-,6442450944,1,1770850355865,1770850356000,1770850357000,1135,0,-,25.3,0.0,3198976,5640192,3198976,5644288,2794329,5502,268,19,131072,12288,3,0,/workspace/work/c0/ab74dd2150918f46d3066967097758,-,-,Intel(R) Xeon(R) CPU E5-2640 v2 @ 2.00GHz
75,gpgnode-16,nf-6f5436e6c7a3bef01db77700c0a295a1-40a99,NFCORE_NANOSEQ:NANOSEQ:BAM_SORT_INDEX_SAMTOOLS:BAM_STATS_SAMTOOLS:SAMTOOLS_FLAGSTAT,A549_R2,NFCORE_NANOSEQ:NANOSEQ:BAM_SORT_INDEX_SAMTOOLS:BAM_STATS_SAMTOOLS:SAMTOOLS_FLAGSTAT (A549_R2),COMPLETED,0,-,quay.io/biocontainers/samtools:1.16.1--h6899075_1,1,14400000,-,6442450944,1,1770850355981,1770850357000,1770850388000,32019,31000,-,117.0,0.0,7467008,164904960,7467008,231587840,2773578560,5466,90034,19,4194304,12288,67659,49,/workspace/work/6f/5436e6c7a3bef01db77700c0a295a1,-,-,Intel(R) Xeon(R) CPU E5-2640 v2 @ 2.00GHz
73,gpgnode-14,nf-510f4e374cb00ceffcade85b179175ab-8f8a8,NFCORE_NANOSEQ:NANOSEQ:BEDTOOLS_UCSC_BIGBED:BEDTOOLS_BAMBED,-,NFCORE_NANOSEQ:NANOSEQ:BEDTOOLS_UCSC_BIGBED:BEDTOOLS_BAMBED (5),COMPLETED,0,-,quay.io/biocontainers/bedtools:2.29.2--hc088bd4_0,6,28800000,-,45097156608,1,1770850360684,1770850361000,1770850455000,94316,92000,-,125.6,2.6,1791639552,2036510720,1791873024,2037014528,3050490406,553917005,157591,67700,49152,276967424,56262,9506,/workspace/work/51/0f4e374cb00ceffcade85b179175ab,-,-,Intel(R) Xeon(R) CPU E5-2640 v2 @ 2.00GHz
74,gpgnode-16,nf-da24a028e285d313e9d3e000dc8dc94d-e9524,NFCORE_NANOSEQ:NANOSEQ:BAM_SORT_INDEX_SAMTOOLS:BAM_STATS_SAMTOOLS:SAMTOOLS_STATS,A549_R2,NFCORE_NANOSEQ:NANOSEQ:BAM_SORT_INDEX_SAMTOOLS:BAM_STATS_SAMTOOLS:SAMTOOLS_STATS (A549_R2),COMPLETED,0,-,quay.io/biocontainers/samtools:1.16.1--h6899075_1,1,14400000,-,6442450944,1,1770850390652,1770850391000,1770850468000,77348,77000,-,143.7,1.9,1257041920,1417752576,1257041920,1417756672,2773579259,38361524,90034,4701,0,38367232,1457,6899,/workspace/work/da/24a028e285d313e9d3e000dc8dc94d,-,-,Intel(R) Xeon(R) CPU E5-2640 v2 @ 2.00GHz
76,gpgnode-14,nf-2ad6522a1bbbad1ad405590262b81b9c-eb426,NFCORE_NANOSEQ:NANOSEQ:BEDTOOLS_UCSC_BIGBED:UCSC_BED12TOBIGBED,A549_R2,NFCORE_NANOSEQ:NANOSEQ:BEDTOOLS_UCSC_BIGBED:UCSC_BED12TOBIGBED (A549_R2),COMPLETED,0,-,quay.io/biocontainers/ucsc-bedtobigbed:377--h446ed27_1,6,28800000,-,45097156608,1,1770850463265,1770850464000,1770850492000,28735,25000,-,73.6,0.0,13230080,41025536,13299712,41095168,830983228,91478625,12831,45,4194304,91492352,13,1635,/workspace/work/2a/d6522a1bbbad1ad405590262b81b9c,-,-,Intel(R) Xeon(R) CPU E5-2640 v2 @ 2.00GHz
72,gpgnode-18,nf-91d3393ad4cf6dc4a196e3ff929cd8af-05655,NFCORE_NANOSEQ:NANOSEQ:BEDTOOLS_UCSC_BIGWIG:BEDTOOLS_GENOMECOV,A549_R2,NFCORE_NANOSEQ:NANOSEQ:BEDTOOLS_UCSC_BIGWIG:BEDTOOLS_GENOMECOV (A549_R2),COMPLETED,0,-,quay.io/biocontainers/bedtools:2.29.2--hc088bd4_0,6,28800000,-,45097156608,1,1770850355913,1770850357000,1770850622000,266087,252000,-,121.1,12.3,8297082880,9784459264,9139675136,10637221888,3250661457,954258995,213455,20176424,0,477138944,80136,24886,/workspace/work/91/d3393ad4cf6dc4a196e3ff929cd8af,-,-,Intel(R) Xeon(R) CPU E5-2640 v2 @ 2.00GHz
77,gpgnode-18,nf-6eb8708a6da88c1b3431cc20692f8246-ba7d7,NFCORE_NANOSEQ:NANOSEQ:BEDTOOLS_UCSC_BIGWIG:UCSC_BEDGRAPHTOBIGWIG,A549_R2,NFCORE_NANOSEQ:NANOSEQ:BEDTOOLS_UCSC_BIGWIG:UCSC_BEDGRAPHTOBIGWIG (A549_R2),COMPLETED,0,-,quay.io/biocontainers/ucsc-bedgraphtobigwig:377--h446ed27_1,6,28800000,-,45097156608,1,1770850635409,1770850637000,1770850681000,45591,43000,-,98.0,0.0,30789632,58294272,40423424,67829760,1431430717,85896788,21983,39,4194304,85909504,14,4036,/workspace/work/6e/b8708a6da88c1b3431cc20692f8246,-,-,Intel(R) Xeon(R) CPU E5-2640 v2 @ 2.00GHz
27,gpgnode-13,nf-c79216528571ed4732040f11c7ad8ee8-2275a,NFCORE_NANOSEQ:NANOSEQ:ALIGN_MINIMAP2:MINIMAP2_ALIGN,K562_R3,NFCORE_NANOSEQ:NANOSEQ:ALIGN_MINIMAP2:MINIMAP2_ALIGN (K562_R3),COMPLETED,0,-,quay.io/biocontainers/minimap2:2.17--hed695b0_3,6,28800000,-,45097156608,1,1770846818757,1770846819000,1770851112000,4293243,4280000,-,596.5,32.7,22065160192,22594293760,22747557888,23216496640,13950471475,5933394216,292582,1449,856064,5933404160,5,2648,/workspace/work/c7/9216528571ed4732040f11c7ad8ee8,-,-,Intel(R) Xeon(R) CPU E5-2640 v2 @ 2.00GHz
78,gpgnode-18,nf-ca0b67d88548067b2d0f4975810ac5aa-504dd,NFCORE_NANOSEQ:NANOSEQ:BAM_SORT_INDEX_SAMTOOLS:SAMTOOLS_VIEW_BAM,K562_R3,NFCORE_NANOSEQ:NANOSEQ:BAM_SORT_INDEX_SAMTOOLS:SAMTOOLS_VIEW_BAM (K562_R3),COMPLETED,0,-,quay.io/biocontainers/samtools:1.15.1--h1170115_0,6,28800000,-,45097156608,1,1770851115795,1770851117000,1770851229000,113205,111000,-,150.5,0.1,64462848,628805632,64462848,690671616,5933499728,2953692187,25138,786,0,2954330112,54882,42,/workspace/work/ca/0b67d88548067b2d0f4975810ac5aa,-,-,Intel(R) Xeon(R) CPU E5-2640 v2 @ 2.00GHz
79,gpgnode-14,nf-b48e8438951758acc36908c40316db7e-6c640,NFCORE_NANOSEQ:NANOSEQ:BAM_SORT_INDEX_SAMTOOLS:SAMTOOLS_SORT,K562_R3,NFCORE_NANOSEQ:NANOSEQ:BAM_SORT_INDEX_SAMTOOLS:SAMTOOLS_SORT (K562_R3),COMPLETED,0,-,quay.io/biocontainers/samtools:1.16.1--h6899075_1,6,28800000,-,45097156608,1,1770851231374,1770851232000,1770851410000,178626,178000,-,167.6,7.4,4989652992,6015320064,4990246912,6015324160,5636212413,5450838957,187406,1425,204800,5451485184,3384,3654,/workspace/work/b4/8e8438951758acc36908c40316db7e,-,-,Intel(R) Xeon(R) CPU E5-2640 v2 @ 2.00GHz
80,gpgnode-14,nf-7aaa9c3e278df26e5e5fdbd72ccf2e0e-3c62e,NFCORE_NANOSEQ:NANOSEQ:BAM_SORT_INDEX_SAMTOOLS:SAMTOOLS_INDEX,K562_R3,NFCORE_NANOSEQ:NANOSEQ:BAM_SORT_INDEX_SAMTOOLS:SAMTOOLS_INDEX (K562_R3),COMPLETED,0,-,quay.io/biocontainers/samtools:1.16.1--h6899075_1,2,14400000,-,12884901888,1,1770851413508,1770851414000,1770851510000,96492,95000,-,38.6,0.0,20107264,177471488,20107264,231587840,2768783806,2740618,90764,19,0,2744320,69105,96,/workspace/work/7a/aa9c3e278df26e5e5fdbd72ccf2e0e,-,-,Intel(R) Xeon(R) CPU E5-2640 v2 @ 2.00GHz
83,gpgnode-18,nf-982a700462cec86dc0b0190b032a49b4-cedce,NFCORE_NANOSEQ:NANOSEQ:BAM_SORT_INDEX_SAMTOOLS:BAM_STATS_SAMTOOLS:SAMTOOLS_IDXSTATS,K562_R3,NFCORE_NANOSEQ:NANOSEQ:BAM_SORT_INDEX_SAMTOOLS:BAM_STATS_SAMTOOLS:SAMTOOLS_IDXSTATS (K562_R3),COMPLETED,0,-,quay.io/biocontainers/samtools:1.16.1--h6899075_1,1,14400000,-,6442450944,1,1770851513173,1770851516000,1770851517000,3827,1000,-,22.4,0.0,3297280,5640192,3297280,5644288,2908038,5510,269,19,0,12288,3,0,/workspace/work/98/2a700462cec86dc0b0190b032a49b4,-,-,Intel(R) Xeon(R) CPU E5-2640 v2 @ 2.00GHz
82,gpgnode-16,nf-65da91401c77bff6473a1b6ad8030586-d350c,NFCORE_NANOSEQ:NANOSEQ:BAM_SORT_INDEX_SAMTOOLS:BAM_STATS_SAMTOOLS:SAMTOOLS_FLAGSTAT,K562_R3,NFCORE_NANOSEQ:NANOSEQ:BAM_SORT_INDEX_SAMTOOLS:BAM_STATS_SAMTOOLS:SAMTOOLS_FLAGSTAT (K562_R3),COMPLETED,0,-,quay.io/biocontainers/samtools:1.16.1--h6899075_1,1,14400000,-,6442450944,1,1770851513223,1770851514000,1770851560000,46777,45000,-,76.6,0.0,7266304,164339712,7266304,231587840,2768783912,5466,90764,19,4194304,12288,67314,58,/workspace/work/65/da91401c77bff6473a1b6ad8030586,-,-,Intel(R) Xeon(R) CPU E5-2640 v2 @ 2.00GHz
81,gpgnode-14,nf-c5151742d50288d51a1ba17679db2dcf-85244,NFCORE_NANOSEQ:NANOSEQ:BAM_SORT_INDEX_SAMTOOLS:BAM_STATS_SAMTOOLS:SAMTOOLS_STATS,K562_R3,NFCORE_NANOSEQ:NANOSEQ:BAM_SORT_INDEX_SAMTOOLS:BAM_STATS_SAMTOOLS:SAMTOOLS_STATS (K562_R3),COMPLETED,0,-,quay.io/biocontainers/samtools:1.16.1--h6899075_1,1,14400000,-,6442450944,1,1770851522712,1770851524000,1770851595000,72288,71000,-,145.4,0.3,185913344,343896064,185913344,343900160,2768784601,6533245,90764,815,118784,6537216,2474,6200,/workspace/work/c5/151742d50288d51a1ba17679db2dcf,-,-,Intel(R) Xeon(R) CPU E5-2640 v2 @ 2.00GHz
84,gpgnode-16,nf-6514ee8363f244935ea8c085c4f37779-ad750,NFCORE_NANOSEQ:NANOSEQ:BEDTOOLS_UCSC_BIGBED:BEDTOOLS_BAMBED,-,NFCORE_NANOSEQ:NANOSEQ:BEDTOOLS_UCSC_BIGBED:BEDTOOLS_BAMBED (6),COMPLETED,0,-,quay.io/biocontainers/bedtools:2.29.2--hc088bd4_0,6,28800000,-,45097156608,1,1770851513301,1770851514000,1770851613000,99699,97000,-,131.1,3.5,2383458304,2776145920,2383458304,2776150016,3119708374,701942205,176391,85787,0,350982144,66165,9101,/workspace/work/65/14ee8363f244935ea8c085c4f37779,-,-,Intel(R) Xeon(R) CPU E5-2640 v2 @ 2.00GHz
87,gpgnode-14,nf-a879c62e5174d846ae057fedf6e29b27-5c326,NFCORE_NANOSEQ:NANOSEQ:BEDTOOLS_UCSC_BIGBED:UCSC_BED12TOBIGBED,K562_R3,NFCORE_NANOSEQ:NANOSEQ:BEDTOOLS_UCSC_BIGBED:UCSC_BED12TOBIGBED (K562_R3),COMPLETED,0,-,quay.io/biocontainers/ucsc-bedtobigbed:377--h446ed27_1,6,28800000,-,45097156608,1,1770851630320,1770851631000,1770851663000,32680,30000,-,78.2,0.0,13070336,41000960,13160448,41136128,1053021049,116031003,16221,51,634880,116043776,24,2070,/workspace/work/a8/79c62e5174d846ae057fedf6e29b27,-,-,Intel(R) Xeon(R) CPU E5-2640 v2 @ 2.00GHz
85,gpgnode-18,nf-611eb2c248ae556958fa6dbf229dcf8f-f1694,NFCORE_NANOSEQ:NANOSEQ:BEDTOOLS_UCSC_BIGWIG:BEDTOOLS_GENOMECOV,K562_R3,NFCORE_NANOSEQ:NANOSEQ:BEDTOOLS_UCSC_BIGWIG:BEDTOOLS_GENOMECOV (K562_R3),COMPLETED,0,-,quay.io/biocontainers/bedtools:2.29.2--hc088bd4_0,6,28800000,-,45097156608,1,1770851513261,1770851516000,1770851800000,286739,282000,-,115.5,13.3,9019236352,11910885376,9863467008,12727758848,3292395094,1047315559,239502,22328257,0,523669504,79387,27145,/workspace/work/61/1eb2c248ae556958fa6dbf229dcf8f,-,-,Intel(R) Xeon(R) CPU E5-2640 v2 @ 2.00GHz
88,gpgnode-14,nf-c55ca38261a8b4a9eda6f6da516ac392-9a689,NFCORE_NANOSEQ:NANOSEQ:BEDTOOLS_UCSC_BIGWIG:UCSC_BEDGRAPHTOBIGWIG,K562_R3,NFCORE_NANOSEQ:NANOSEQ:BEDTOOLS_UCSC_BIGWIG:UCSC_BEDGRAPHTOBIGWIG (K562_R3),COMPLETED,0,-,quay.io/biocontainers/ucsc-bedgraphtobigwig:377--h446ed27_1,6,28800000,-,45097156608,1,1770851810146,1770851811000,1770851874000,63854,62000,-,74.1,0.1,56176640,83763200,56246272,83902464,1571015519,99607794,24113,42,237568,99622912,19,4420,/workspace/work/c5/5ca38261a8b4a9eda6f6da516ac392,-,-,Intel(R) Xeon(R) CPU E5-2640 v2 @ 2.00GHz
86,gpgnode-13,nf-b804a8382b4318dab124d2cc24f76a4f-30402,NFCORE_NANOSEQ:NANOSEQ:BAMBU,-,NFCORE_NANOSEQ:NANOSEQ:BAMBU (1),COMPLETED,0,-,quay.io/biocontainers/bioconductor-bambu:3.0.8--r42hc247a5b_0,6,28800000,-,45097156608,1,1770851562875,1770851564000,1770855922000,4359125,4357000,-,107.8,29.7,20051226624,27237847040,20051333120,27237851136,52739705092,412329692,1118793,50715,15380480,412336128,10534,432029,/workspace/work/b8/04a8382b4318dab124d2cc24f76a4f,-,-,Intel(R) Xeon(R) CPU E5-2640 v2 @ 2.00GHz
90,gpgnode-14,nf-db4ddfd315fcf5a456e5ccbb053f49b1-36939,NFCORE_NANOSEQ:NANOSEQ:DIFFERENTIAL_DESEQ2_DEXSEQ:DEXSEQ,-,NFCORE_NANOSEQ:NANOSEQ:DIFFERENTIAL_DESEQ2_DEXSEQ:DEXSEQ (1),COMPLETED,0,-,docker.io/yuukiiwa/nanoseq:dexseq,6,28800000,-,45097156608,1,1770855923443,1770855924000,1770856009000,85557,84381,-,173.2,1.6,1089810432,5904535552,1089810432,5904551936,163816120,253947,13686,219,1851392,262144,253,5101,/workspace/work/db/4ddfd315fcf5a456e5ccbb053f49b1,-,-,Intel(R) Xeon(R) CPU E5-2640 v2 @ 2.00GHz
89,gpgnode-16,nf-206ebf81e8049ff907503428d86fc8f1-0e74e,NFCORE_NANOSEQ:NANOSEQ:DIFFERENTIAL_DESEQ2_DEXSEQ:DESEQ2,-,NFCORE_NANOSEQ:NANOSEQ:DIFFERENTIAL_DESEQ2_DEXSEQ:DESEQ2 (1),COMPLETED,0,-,quay.io/biocontainers/mulled-v2-8849acf39a43cdd6c839a369a74c0adc823e2f91:ab110436faf952a33575c64dd74615a84011450b-0,6,28800000,-,45097156608,1,1770855923473,1770855924000,1770856007000,83527,81000,-,185.2,1.7,1151307776,5882986496,1151307776,5882990592,95962811,28641474,5067,107,41500672,28651520,1520,6770,/workspace/work/20/6ebf81e8049ff907503428d86fc8f1,-,-,Intel(R) Xeon(R) CPU E5-2640 v2 @ 2.00GHz
91,gpgnode-18,nf-efd15d441350455ea00eb1b62ba4087c-10a06,NFCORE_NANOSEQ:NANOSEQ:CUSTOM_DUMPSOFTWAREVERSIONS,-,NFCORE_NANOSEQ:NANOSEQ:CUSTOM_DUMPSOFTWAREVERSIONS (1),COMPLETED,0,-,quay.io/biocontainers/multiqc:1.13--pyhdfd78af_0,1,14400000,-,6442450944,1,1770856023927,1770856026000,1770856027000,3073,217,-,52.6,0.0,5566464,13774848,5566464,13795328,862528,4184,266,15,0,8192,0,1,/workspace/work/ef/d15d441350455ea00eb1b62ba4087c,-,-,Intel(R) Xeon(R) CPU E5-2640 v2 @ 2.00GHz
92,gpgnode-18,nf-cc80a15cf4fe14c6abd59d8127d7b88b-62aab,NFCORE_NANOSEQ:NANOSEQ:MULTIQC,-,NFCORE_NANOSEQ:NANOSEQ:MULTIQC (1),COMPLETED,0,-,quay.io/biocontainers/multiqc:1.11--pyhdfd78af_0,6,28800000,-,45097156608,1,1770856038534,1770856040000,1770856071000,32466,31027,-,141.4,0.2,160301056,4832288768,160301056,4832301056,1457461558,5290817,234341,640,12288,5742592,329,2513,/workspace/work/cc/80a15cf4fe14c6abd59d8127d7b88b,-,-,Intel(R) Xeon(R) CPU E5-2640 v2 @ 2.00GHz
